TenantId,AccountId,AccountType,AdditionalFields,RawEventData,ReportId,ObjectId,ObjectType,ObjectName,ActivityObjects,ActivityType,UserAgent,ISP,City,CountryCode,IsAnonymousProxy,IsExternalUser,IsImpersonated,IPAddress,IPCategory,IPTags,OSPlatform,DeviceType,IsAdminOperation,AccountDisplayName,AccountObjectId,AppInstanceId,ApplicationId,Application,ActionType,UserAgentTags,TimeGenerated,Timestamp,AuditSource,LastSeenForUser,OAuthAppId,SessionData,UncommonForUser,SourceSystem,Type
tenant-lab-001-a000-0000-0000-000000000001,jordan.velez@creditsafe.com,Regular,"{""Site"":""DataPlatform"",""MembershipVerified"":true}","{""Workload"":""SharePoint"",""ListId"":""list-dataplatform-001"",""SensitivityLabel"":""Internal""}",rpt-cloud-0,obj-sp-0,File,/sites/DataPlatform/Shared Documents/README.md,"[{""Name"":""README.md"",""Type"":""File"",""Id"":""file-id-0""}]",FilePreviewed,Mozilla/5.0 (Windows NT 10.0; Win64; x64) Chrome/124.0,Corp ISP Lab,Cardiff,GB,0,0,0,10.24.18.55,Corporate,"[""CorpNetwork""]",Windows,Desktop,0,Jordan Velez,8f3a2b1c-4d5e-6a7b-8c9d-0e1f2a3b4c5d,0,20893,Microsoft SharePoint Online,FilePreviewed,[],2026-05-28T09:56:00Z,2026-05-28T09:56:00Z,Defender for Cloud Apps,"{""LastFileDownload"":""2026-05-20""}",00000003-0000-0ff1-ce00-000000000000,"{""SessionId"":""sess-jv-0945-dd44"",""CorrelationId"":""corr-jv-0945""}","{""Score"":10}",Detection,CloudAppEvents
tenant-lab-001-a000-0000-0000-000000000001,jordan.velez@creditsafe.com,Regular,"{""Site"":""DataPlatform"",""MembershipVerified"":true}","{""Workload"":""SharePoint"",""ListId"":""list-dataplatform-001"",""SensitivityLabel"":""Customer Data""}",rpt-cloud-1,obj-sp-1,File,/sites/DataPlatform/Shared Documents/CustomerAnalytics_Q2_Draft.xlsx,"[{""Name"":""CustomerAnalytics_Q2_Draft.xlsx"",""Type"":""File"",""Id"":""file-id-1""}]",FileDownloaded,Mozilla/5.0 (Windows NT 10.0; Win64; x64) Chrome/124.0,Corp ISP Lab,Cardiff,GB,0,0,0,10.24.18.55,Corporate,"[""CorpNetwork""]",Windows,Desktop,0,Jordan Velez,8f3a2b1c-4d5e-6a7b-8c9d-0e1f2a3b4c5d,0,20893,Microsoft SharePoint Online,FileDownloaded,[],2026-05-28T09:58:30Z,2026-05-28T09:58:30Z,Defender for Cloud Apps,"{""LastFileDownload"":""2026-05-20""}",00000003-0000-0ff1-ce00-000000000000,"{""SessionId"":""sess-jv-0945-dd44"",""CorrelationId"":""corr-jv-0945""}","{""Score"":72,""Reason"":""Rare download of labeled file""}",Detection,CloudAppEvents
tenant-lab-001-a000-0000-0000-000000000001,jordan.velez@creditsafe.com,Regular,"{""Site"":""DataPlatform"",""MembershipVerified"":true}","{""Workload"":""SharePoint"",""ListId"":""list-dataplatform-001"",""SensitivityLabel"":""Internal""}",rpt-cloud-2,obj-sp-2,File,/sites/DataPlatform/Shared Documents/schema-v2.json,"[{""Name"":""schema-v2.json"",""Type"":""File"",""Id"":""file-id-2""}]",FileDownloaded,Mozilla/5.0 (Windows NT 10.0; Win64; x64) Chrome/124.0,Corp ISP Lab,Cardiff,GB,0,0,0,10.24.18.55,Corporate,"[""CorpNetwork""]",Windows,Desktop,0,Jordan Velez,8f3a2b1c-4d5e-6a7b-8c9d-0e1f2a3b4c5d,0,20893,Microsoft SharePoint Online,FileDownloaded,[],2026-05-28T09:59:45Z,2026-05-28T09:59:45Z,Defender for Cloud Apps,"{""LastFileDownload"":""2026-05-20""}",00000003-0000-0ff1-ce00-000000000000,"{""SessionId"":""sess-jv-0945-dd44"",""CorrelationId"":""corr-jv-0945""}","{""Score"":10}",Detection,CloudAppEvents
tenant-lab-001-a000-0000-0000-000000000001,jordan.velez@creditsafe.com,Regular,"{""Site"":""DataPlatform"",""MembershipVerified"":true}","{""Workload"":""SharePoint"",""ListId"":""list-dataplatform-001"",""SensitivityLabel"":""Customer Data""}",rpt-cloud-3,obj-sp-3,File,/sites/DataPlatform/Shared Documents/CustomerAnalytics_Q2_Draft.xlsx,"[{""Name"":""CustomerAnalytics_Q2_Draft.xlsx"",""Type"":""File"",""Id"":""file-id-3""}]",FileAccessed,Mozilla/5.0 (Windows NT 10.0; Win64; x64) Chrome/124.0,Corp ISP Lab,Cardiff,GB,0,0,0,10.24.18.55,Corporate,"[""CorpNetwork""]",Windows,Desktop,0,Jordan Velez,8f3a2b1c-4d5e-6a7b-8c9d-0e1f2a3b4c5d,0,20893,Microsoft SharePoint Online,FileAccessed,[],2026-05-28T10:00:48Z,2026-05-28T10:00:48Z,Defender for Cloud Apps,"{""LastFileDownload"":""2026-05-20""}",00000003-0000-0ff1-ce00-000000000000,"{""SessionId"":""sess-jv-0945-dd44"",""CorrelationId"":""corr-jv-0945""}","{""Score"":72,""Reason"":""Rare download of labeled file""}",Detection,CloudAppEvents
tenant-lab-001-a000-0000-0000-000000000001,jordan.velez@creditsafe.com,Regular,"{""Site"":""DataPlatform"",""MembershipVerified"":true}","{""Workload"":""SharePoint"",""ListId"":""list-dataplatform-001"",""SensitivityLabel"":""Internal""}",rpt-cloud-4,obj-sp-4,File,/sites/DataPlatform/Shared Documents,"[{""Name"":""Shared Documents"",""Type"":""File"",""Id"":""file-id-4""}]",FileListed,Mozilla/5.0 (Windows NT 10.0; Win64; x64) Chrome/124.0,Corp ISP Lab,Cardiff,GB,0,0,0,10.24.18.55,Corporate,"[""CorpNetwork""]",Windows,Desktop,0,Jordan Velez,8f3a2b1c-4d5e-6a7b-8c9d-0e1f2a3b4c5d,0,20893,Microsoft SharePoint Online,FileListed,[],2026-05-28T10:02:00Z,2026-05-28T10:02:00Z,Defender for Cloud Apps,"{""LastFileDownload"":""2026-05-20""}",00000003-0000-0ff1-ce00-000000000000,"{""SessionId"":""sess-jv-0945-dd44"",""CorrelationId"":""corr-jv-0945""}","{""Score"":10}",Detection,CloudAppEvents
tenant-lab-001-a000-0000-0000-000000000001,jordan.velez@creditsafe.com,Regular,"{""Site"":""DataPlatform"",""MembershipVerified"":true}","{""Workload"":""SharePoint"",""ListId"":""list-dataplatform-001"",""SensitivityLabel"":""Internal""}",rpt-cloud-5,obj-sp-5,File,/sites/Engineering/Shared Documents/Sprint-24-Goals.docx,"[{""Name"":""Sprint-24-Goals.docx"",""Type"":""File"",""Id"":""file-id-5""}]",FilePreviewed,Mozilla/5.0 (Windows NT 10.0; Win64; x64) Chrome/124.0,Corp ISP Lab,Cardiff,GB,0,0,0,10.24.18.55,Corporate,"[""CorpNetwork""]",Windows,Desktop,0,Jordan Velez,8f3a2b1c-4d5e-6a7b-8c9d-0e1f2a3b4c5d,0,20893,Microsoft SharePoint Online,FilePreviewed,[],2026-05-28T08:50:00Z,2026-05-28T08:50:00Z,Defender for Cloud Apps,"{""LastFileDownload"":""2026-05-20""}",00000003-0000-0ff1-ce00-000000000000,"{""SessionId"":""sess-jv-0945-dd44"",""CorrelationId"":""corr-jv-0945""}","{""Score"":10}",Detection,CloudAppEvents
tenant-lab-001-a000-0000-0000-000000000001,morgan.kim@creditsafe.com,Regular,"{""Site"":""TeamSite"",""MembershipVerified"":true}","{""Workload"":""SharePoint"",""ListId"":""list-site-0"",""SensitivityLabel"":""Internal""}",rpt-cloud-n0,obj-sp-n0,File,/sites/Engineering/Shared Documents/Document0.docx,"[{""Name"":""Document0.docx"",""Type"":""File"",""Id"":""file-id-n0""}]",FilePreviewed,Mozilla/5.0 (Windows NT 10.0; Win64; x64) Chrome/124.0,Corp ISP Lab,Cardiff,GB,0,0,0,10.24.11.33,Corporate,"[""CorpNetwork""]",Windows,Desktop,0,Morgan Kim,oid-morgan-kim-2222,0,20893,Microsoft SharePoint Online,FilePreviewed,[],2026-05-28T08:00:00Z,2026-05-28T08:00:00Z,Defender for Cloud Apps,"{""LastFileDownload"":""2026-05-15""}",00000003-0000-0ff1-ce00-000000000000,"{""SessionId"":""sess-noise-0"",""CorrelationId"":""corr-noise-0""}","{""Score"":5}",Detection,CloudAppEvents
tenant-lab-001-a000-0000-0000-000000000001,alex.park@creditsafe.com,Regular,"{""Site"":""TeamSite"",""MembershipVerified"":true}","{""Workload"":""SharePoint"",""ListId"":""list-site-1"",""SensitivityLabel"":""Internal""}",rpt-cloud-n1,obj-sp-n1,File,/sites/HR/Shared Documents/Document1.docx,"[{""Name"":""Document1.docx"",""Type"":""File"",""Id"":""file-id-n1""}]",FilePreviewed,Mozilla/5.0 (Windows NT 10.0; Win64; x64) Chrome/124.0,Corp ISP Lab,Cardiff,GB,0,0,0,10.24.12.88,Corporate,"[""CorpNetwork""]",Windows,Desktop,0,Alex Park,oid-alex-park-3333,0,20893,Microsoft SharePoint Online,FilePreviewed,[],2026-05-28T09:07:00Z,2026-05-28T09:07:00Z,Defender for Cloud Apps,"{""LastFileDownload"":""2026-05-15""}",00000003-0000-0ff1-ce00-000000000000,"{""SessionId"":""sess-noise-1"",""CorrelationId"":""corr-noise-1""}","{""Score"":5}",Detection,CloudAppEvents
tenant-lab-001-a000-0000-0000-000000000001,priya.nair@creditsafe.com,Regular,"{""Site"":""TeamSite"",""MembershipVerified"":true}","{""Workload"":""SharePoint"",""ListId"":""list-site-2"",""SensitivityLabel"":""Internal""}",rpt-cloud-n2,obj-sp-n2,File,/sites/Finance/Shared Documents/Document2.docx,"[{""Name"":""Document2.docx"",""Type"":""File"",""Id"":""file-id-n2""}]",FilePreviewed,Mozilla/5.0 (Windows NT 10.0; Win64; x64) Chrome/124.0,Corp ISP Lab,Cardiff,GB,0,0,0,10.24.14.22,Corporate,"[""CorpNetwork""]",Windows,Desktop,0,Priya Nair,oid-priya-nair-4444,0,20893,Microsoft SharePoint Online,FilePreviewed,[],2026-05-28T10:14:00Z,2026-05-28T10:14:00Z,Defender for Cloud Apps,"{""LastFileDownload"":""2026-05-15""}",00000003-0000-0ff1-ce00-000000000000,"{""SessionId"":""sess-noise-2"",""CorrelationId"":""corr-noise-2""}","{""Score"":5}",Detection,CloudAppEvents
tenant-lab-001-a000-0000-0000-000000000001,liam.chen@creditsafe.com,Regular,"{""Site"":""TeamSite"",""MembershipVerified"":true}","{""Workload"":""SharePoint"",""ListId"":""list-site-3"",""SensitivityLabel"":""Internal""}",rpt-cloud-n3,obj-sp-n3,File,/sites/Marketing/Shared Documents/Document3.docx,"[{""Name"":""Document3.docx"",""Type"":""File"",""Id"":""file-id-n3""}]",FilePreviewed,Mozilla/5.0 (Windows NT 10.0; Win64; x64) Chrome/124.0,Corp ISP Lab,Cardiff,GB,0,0,0,10.24.15.44,Corporate,"[""CorpNetwork""]",Windows,Desktop,0,Liam Chen,oid-liam-chen-5555,0,20893,Microsoft SharePoint Online,FilePreviewed,[],2026-05-28T11:21:00Z,2026-05-28T11:21:00Z,Defender for Cloud Apps,"{""LastFileDownload"":""2026-05-15""}",00000003-0000-0ff1-ce00-000000000000,"{""SessionId"":""sess-noise-3"",""CorrelationId"":""corr-noise-3""}","{""Score"":5}",Detection,CloudAppEvents
tenant-lab-001-a000-0000-0000-000000000001,samira.holt@creditsafe.com,Regular,"{""Site"":""TeamSite"",""MembershipVerified"":true}","{""Workload"":""SharePoint"",""ListId"":""list-site-4"",""SensitivityLabel"":""Internal""}",rpt-cloud-n4,obj-sp-n4,File,/sites/IT/Shared Documents/Document4.docx,"[{""Name"":""Document4.docx"",""Type"":""File"",""Id"":""file-id-n4""}]",FilePreviewed,Mozilla/5.0 (Windows NT 10.0; Win64; x64) Chrome/124.0,Corp ISP Lab,Cardiff,GB,0,0,0,10.24.16.55,Corporate,"[""CorpNetwork""]",Windows,Desktop,0,Samira Holt,oid-samira-holt-6666,0,20893,Microsoft SharePoint Online,FilePreviewed,[],2026-05-28T12:28:00Z,2026-05-28T12:28:00Z,Defender for Cloud Apps,"{""LastFileDownload"":""2026-05-15""}",00000003-0000-0ff1-ce00-000000000000,"{""SessionId"":""sess-noise-4"",""CorrelationId"":""corr-noise-4""}","{""Score"":5}",Detection,CloudAppEvents
tenant-lab-001-a000-0000-0000-000000000001,morgan.kim@creditsafe.com,Regular,"{""Site"":""TeamSite"",""MembershipVerified"":true}","{""Workload"":""SharePoint"",""ListId"":""list-site-5"",""SensitivityLabel"":""Internal""}",rpt-cloud-n5,obj-sp-n5,File,/sites/Engineering/Shared Documents/Document5.docx,"[{""Name"":""Document5.docx"",""Type"":""File"",""Id"":""file-id-n5""}]",FilePreviewed,Mozilla/5.0 (Windows NT 10.0; Win64; x64) Chrome/124.0,Corp ISP Lab,Cardiff,GB,0,0,0,10.24.11.33,Corporate,"[""CorpNetwork""]",Windows,Desktop,0,Morgan Kim,oid-morgan-kim-2222,0,20893,Microsoft SharePoint Online,FilePreviewed,[],2026-05-28T13:35:00Z,2026-05-28T13:35:00Z,Defender for Cloud Apps,"{""LastFileDownload"":""2026-05-15""}",00000003-0000-0ff1-ce00-000000000000,"{""SessionId"":""sess-noise-5"",""CorrelationId"":""corr-noise-5""}","{""Score"":5}",Detection,CloudAppEvents
tenant-lab-001-a000-0000-0000-000000000001,alex.park@creditsafe.com,Regular,"{""Site"":""TeamSite"",""MembershipVerified"":true}","{""Workload"":""SharePoint"",""ListId"":""list-site-6"",""SensitivityLabel"":""Internal""}",rpt-cloud-n6,obj-sp-n6,File,/sites/HR/Shared Documents/Document6.docx,"[{""Name"":""Document6.docx"",""Type"":""File"",""Id"":""file-id-n6""}]",FilePreviewed,Mozilla/5.0 (Windows NT 10.0; Win64; x64) Chrome/124.0,Corp ISP Lab,Cardiff,GB,0,0,0,10.24.12.88,Corporate,"[""CorpNetwork""]",Windows,Desktop,0,Alex Park,oid-alex-park-3333,0,20893,Microsoft SharePoint Online,FilePreviewed,[],2026-05-28T14:42:00Z,2026-05-28T14:42:00Z,Defender for Cloud Apps,"{""LastFileDownload"":""2026-05-15""}",00000003-0000-0ff1-ce00-000000000000,"{""SessionId"":""sess-noise-6"",""CorrelationId"":""corr-noise-6""}","{""Score"":5}",Detection,CloudAppEvents
tenant-lab-001-a000-0000-0000-000000000001,priya.nair@creditsafe.com,Regular,"{""Site"":""TeamSite"",""MembershipVerified"":true}","{""Workload"":""SharePoint"",""ListId"":""list-site-7"",""SensitivityLabel"":""Internal""}",rpt-cloud-n7,obj-sp-n7,File,/sites/Finance/Shared Documents/Document7.docx,"[{""Name"":""Document7.docx"",""Type"":""File"",""Id"":""file-id-n7""}]",FilePreviewed,Mozilla/5.0 (Windows NT 10.0; Win64; x64) Chrome/124.0,Corp ISP Lab,Cardiff,GB,0,0,0,10.24.14.22,Corporate,"[""CorpNetwork""]",Windows,Desktop,0,Priya Nair,oid-priya-nair-4444,0,20893,Microsoft SharePoint Online,FilePreviewed,[],2026-05-28T15:49:00Z,2026-05-28T15:49:00Z,Defender for Cloud Apps,"{""LastFileDownload"":""2026-05-15""}",00000003-0000-0ff1-ce00-000000000000,"{""SessionId"":""sess-noise-7"",""CorrelationId"":""corr-noise-7""}","{""Score"":5}",Detection,CloudAppEvents
tenant-lab-001-a000-0000-0000-000000000001,liam.chen@creditsafe.com,Regular,"{""Site"":""TeamSite"",""MembershipVerified"":true}","{""Workload"":""SharePoint"",""ListId"":""list-site-8"",""SensitivityLabel"":""Internal""}",rpt-cloud-n8,obj-sp-n8,File,/sites/Marketing/Shared Documents/Document8.docx,"[{""Name"":""Document8.docx"",""Type"":""File"",""Id"":""file-id-n8""}]",FilePreviewed,Mozilla/5.0 (Windows NT 10.0; Win64; x64) Chrome/124.0,Corp ISP Lab,Cardiff,GB,0,0,0,10.24.15.44,Corporate,"[""CorpNetwork""]",Windows,Desktop,0,Liam Chen,oid-liam-chen-5555,0,20893,Microsoft SharePoint Online,FilePreviewed,[],2026-05-28T16:56:00Z,2026-05-28T16:56:00Z,Defender for Cloud Apps,"{""LastFileDownload"":""2026-05-15""}",00000003-0000-0ff1-ce00-000000000000,"{""SessionId"":""sess-noise-8"",""CorrelationId"":""corr-noise-8""}","{""Score"":5}",Detection,CloudAppEvents
tenant-lab-001-a000-0000-0000-000000000001,samira.holt@creditsafe.com,Regular,"{""Site"":""TeamSite"",""MembershipVerified"":true}","{""Workload"":""SharePoint"",""ListId"":""list-site-9"",""SensitivityLabel"":""Internal""}",rpt-cloud-n9,obj-sp-n9,File,/sites/IT/Shared Documents/Document9.docx,"[{""Name"":""Document9.docx"",""Type"":""File"",""Id"":""file-id-n9""}]",FilePreviewed,Mozilla/5.0 (Windows NT 10.0; Win64; x64) Chrome/124.0,Corp ISP Lab,Cardiff,GB,0,0,0,10.24.16.55,Corporate,"[""CorpNetwork""]",Windows,Desktop,0,Samira Holt,oid-samira-holt-6666,0,20893,Microsoft SharePoint Online,FilePreviewed,[],2026-05-28T17:03:00Z,2026-05-28T17:03:00Z,Defender for Cloud Apps,"{""LastFileDownload"":""2026-05-15""}",00000003-0000-0ff1-ce00-000000000000,"{""SessionId"":""sess-noise-9"",""CorrelationId"":""corr-noise-9""}","{""Score"":5}",Detection,CloudAppEvents
tenant-lab-001-a000-0000-0000-000000000001,morgan.kim@creditsafe.com,Regular,"{""Site"":""TeamSite"",""MembershipVerified"":true}","{""Workload"":""SharePoint"",""ListId"":""list-site-10"",""SensitivityLabel"":""Internal""}",rpt-cloud-n10,obj-sp-n10,File,/sites/Engineering/Shared Documents/Document10.docx,"[{""Name"":""Document10.docx"",""Type"":""File"",""Id"":""file-id-n10""}]",FilePreviewed,Mozilla/5.0 (Windows NT 10.0; Win64; x64) Chrome/124.0,Corp ISP Lab,Cardiff,GB,0,0,0,10.24.11.33,Corporate,"[""CorpNetwork""]",Windows,Desktop,0,Morgan Kim,oid-morgan-kim-2222,0,20893,Microsoft SharePoint Online,FilePreviewed,[],2026-05-28T08:10:00Z,2026-05-28T08:10:00Z,Defender for Cloud Apps,"{""LastFileDownload"":""2026-05-15""}",00000003-0000-0ff1-ce00-000000000000,"{""SessionId"":""sess-noise-10"",""CorrelationId"":""corr-noise-10""}","{""Score"":5}",Detection,CloudAppEvents
tenant-lab-001-a000-0000-0000-000000000001,alex.park@creditsafe.com,Regular,"{""Site"":""TeamSite"",""MembershipVerified"":true}","{""Workload"":""SharePoint"",""ListId"":""list-site-11"",""SensitivityLabel"":""Internal""}",rpt-cloud-n11,obj-sp-n11,File,/sites/HR/Shared Documents/Document11.docx,"[{""Name"":""Document11.docx"",""Type"":""File"",""Id"":""file-id-n11""}]",FilePreviewed,Mozilla/5.0 (Windows NT 10.0; Win64; x64) Chrome/124.0,Corp ISP Lab,Cardiff,GB,0,0,0,10.24.12.88,Corporate,"[""CorpNetwork""]",Windows,Desktop,0,Alex Park,oid-alex-park-3333,0,20893,Microsoft SharePoint Online,FilePreviewed,[],2026-05-28T09:17:00Z,2026-05-28T09:17:00Z,Defender for Cloud Apps,"{""LastFileDownload"":""2026-05-15""}",00000003-0000-0ff1-ce00-000000000000,"{""SessionId"":""sess-noise-11"",""CorrelationId"":""corr-noise-11""}","{""Score"":5}",Detection,CloudAppEvents
tenant-lab-001-a000-0000-0000-000000000001,priya.nair@creditsafe.com,Regular,"{""Site"":""TeamSite"",""MembershipVerified"":true}","{""Workload"":""SharePoint"",""ListId"":""list-site-12"",""SensitivityLabel"":""Internal""}",rpt-cloud-n12,obj-sp-n12,File,/sites/Finance/Shared Documents/Document12.docx,"[{""Name"":""Document12.docx"",""Type"":""File"",""Id"":""file-id-n12""}]",FilePreviewed,Mozilla/5.0 (Windows NT 10.0; Win64; x64) Chrome/124.0,Corp ISP Lab,Cardiff,GB,0,0,0,10.24.14.22,Corporate,"[""CorpNetwork""]",Windows,Desktop,0,Priya Nair,oid-priya-nair-4444,0,20893,Microsoft SharePoint Online,FilePreviewed,[],2026-05-28T10:24:00Z,2026-05-28T10:24:00Z,Defender for Cloud Apps,"{""LastFileDownload"":""2026-05-15""}",00000003-0000-0ff1-ce00-000000000000,"{""SessionId"":""sess-noise-12"",""CorrelationId"":""corr-noise-12""}","{""Score"":5}",Detection,CloudAppEvents
tenant-lab-001-a000-0000-0000-000000000001,liam.chen@creditsafe.com,Regular,"{""Site"":""TeamSite"",""MembershipVerified"":true}","{""Workload"":""SharePoint"",""ListId"":""list-site-13"",""SensitivityLabel"":""Internal""}",rpt-cloud-n13,obj-sp-n13,File,/sites/Marketing/Shared Documents/Document13.docx,"[{""Name"":""Document13.docx"",""Type"":""File"",""Id"":""file-id-n13""}]",FilePreviewed,Mozilla/5.0 (Windows NT 10.0; Win64; x64) Chrome/124.0,Corp ISP Lab,Cardiff,GB,0,0,0,10.24.15.44,Corporate,"[""CorpNetwork""]",Windows,Desktop,0,Liam Chen,oid-liam-chen-5555,0,20893,Microsoft SharePoint Online,FilePreviewed,[],2026-05-28T11:31:00Z,2026-05-28T11:31:00Z,Defender for Cloud Apps,"{""LastFileDownload"":""2026-05-15""}",00000003-0000-0ff1-ce00-000000000000,"{""SessionId"":""sess-noise-13"",""CorrelationId"":""corr-noise-13""}","{""Score"":5}",Detection,CloudAppEvents
tenant-lab-001-a000-0000-0000-000000000001,samira.holt@creditsafe.com,Regular,"{""Site"":""TeamSite"",""MembershipVerified"":true}","{""Workload"":""SharePoint"",""ListId"":""list-site-14"",""SensitivityLabel"":""Internal""}",rpt-cloud-n14,obj-sp-n14,File,/sites/IT/Shared Documents/Document14.docx,"[{""Name"":""Document14.docx"",""Type"":""File"",""Id"":""file-id-n14""}]",FilePreviewed,Mozilla/5.0 (Windows NT 10.0; Win64; x64) Chrome/124.0,Corp ISP Lab,Cardiff,GB,0,0,0,10.24.16.55,Corporate,"[""CorpNetwork""]",Windows,Desktop,0,Samira Holt,oid-samira-holt-6666,0,20893,Microsoft SharePoint Online,FilePreviewed,[],2026-05-28T12:38:00Z,2026-05-28T12:38:00Z,Defender for Cloud Apps,"{""LastFileDownload"":""2026-05-15""}",00000003-0000-0ff1-ce00-000000000000,"{""SessionId"":""sess-noise-14"",""CorrelationId"":""corr-noise-14""}","{""Score"":5}",Detection,CloudAppEvents
tenant-lab-001-a000-0000-0000-000000000001,morgan.kim@creditsafe.com,Regular,"{""Site"":""TeamSite"",""MembershipVerified"":true}","{""Workload"":""SharePoint"",""ListId"":""list-site-15"",""SensitivityLabel"":""Internal""}",rpt-cloud-n15,obj-sp-n15,File,/sites/Engineering/Shared Documents/Document15.docx,"[{""Name"":""Document15.docx"",""Type"":""File"",""Id"":""file-id-n15""}]",FilePreviewed,Mozilla/5.0 (Windows NT 10.0; Win64; x64) Chrome/124.0,Corp ISP Lab,Cardiff,GB,0,0,0,10.24.11.33,Corporate,"[""CorpNetwork""]",Windows,Desktop,0,Morgan Kim,oid-morgan-kim-2222,0,20893,Microsoft SharePoint Online,FilePreviewed,[],2026-05-28T13:45:00Z,2026-05-28T13:45:00Z,Defender for Cloud Apps,"{""LastFileDownload"":""2026-05-15""}",00000003-0000-0ff1-ce00-000000000000,"{""SessionId"":""sess-noise-15"",""CorrelationId"":""corr-noise-15""}","{""Score"":5}",Detection,CloudAppEvents
tenant-lab-001-a000-0000-0000-000000000001,alex.park@creditsafe.com,Regular,"{""Site"":""TeamSite"",""MembershipVerified"":true}","{""Workload"":""SharePoint"",""ListId"":""list-site-16"",""SensitivityLabel"":""Internal""}",rpt-cloud-n16,obj-sp-n16,File,/sites/HR/Shared Documents/Document16.docx,"[{""Name"":""Document16.docx"",""Type"":""File"",""Id"":""file-id-n16""}]",FilePreviewed,Mozilla/5.0 (Windows NT 10.0; Win64; x64) Chrome/124.0,Corp ISP Lab,Cardiff,GB,0,0,0,10.24.12.88,Corporate,"[""CorpNetwork""]",Windows,Desktop,0,Alex Park,oid-alex-park-3333,0,20893,Microsoft SharePoint Online,FilePreviewed,[],2026-05-28T14:52:00Z,2026-05-28T14:52:00Z,Defender for Cloud Apps,"{""LastFileDownload"":""2026-05-15""}",00000003-0000-0ff1-ce00-000000000000,"{""SessionId"":""sess-noise-16"",""CorrelationId"":""corr-noise-16""}","{""Score"":5}",Detection,CloudAppEvents
tenant-lab-001-a000-0000-0000-000000000001,priya.nair@creditsafe.com,Regular,"{""Site"":""TeamSite"",""MembershipVerified"":true}","{""Workload"":""SharePoint"",""ListId"":""list-site-17"",""SensitivityLabel"":""Internal""}",rpt-cloud-n17,obj-sp-n17,File,/sites/Finance/Shared Documents/Document17.docx,"[{""Name"":""Document17.docx"",""Type"":""File"",""Id"":""file-id-n17""}]",FilePreviewed,Mozilla/5.0 (Windows NT 10.0; Win64; x64) Chrome/124.0,Corp ISP Lab,Cardiff,GB,0,0,0,10.24.14.22,Corporate,"[""CorpNetwork""]",Windows,Desktop,0,Priya Nair,oid-priya-nair-4444,0,20893,Microsoft SharePoint Online,FilePreviewed,[],2026-05-28T15:59:00Z,2026-05-28T15:59:00Z,Defender for Cloud Apps,"{""LastFileDownload"":""2026-05-15""}",00000003-0000-0ff1-ce00-000000000000,"{""SessionId"":""sess-noise-17"",""CorrelationId"":""corr-noise-17""}","{""Score"":5}",Detection,CloudAppEvents
tenant-lab-001-a000-0000-0000-000000000001,liam.chen@creditsafe.com,Regular,"{""Site"":""TeamSite"",""MembershipVerified"":true}","{""Workload"":""SharePoint"",""ListId"":""list-site-18"",""SensitivityLabel"":""Internal""}",rpt-cloud-n18,obj-sp-n18,File,/sites/Marketing/Shared Documents/Document18.docx,"[{""Name"":""Document18.docx"",""Type"":""File"",""Id"":""file-id-n18""}]",FilePreviewed,Mozilla/5.0 (Windows NT 10.0; Win64; x64) Chrome/124.0,Corp ISP Lab,Cardiff,GB,0,0,0,10.24.15.44,Corporate,"[""CorpNetwork""]",Windows,Desktop,0,Liam Chen,oid-liam-chen-5555,0,20893,Microsoft SharePoint Online,FilePreviewed,[],2026-05-28T16:06:00Z,2026-05-28T16:06:00Z,Defender for Cloud Apps,"{""LastFileDownload"":""2026-05-15""}",00000003-0000-0ff1-ce00-000000000000,"{""SessionId"":""sess-noise-18"",""CorrelationId"":""corr-noise-18""}","{""Score"":5}",Detection,CloudAppEvents
tenant-lab-001-a000-0000-0000-000000000001,samira.holt@creditsafe.com,Regular,"{""Site"":""TeamSite"",""MembershipVerified"":true}","{""Workload"":""SharePoint"",""ListId"":""list-site-19"",""SensitivityLabel"":""Internal""}",rpt-cloud-n19,obj-sp-n19,File,/sites/IT/Shared Documents/Document19.docx,"[{""Name"":""Document19.docx"",""Type"":""File"",""Id"":""file-id-n19""}]",FilePreviewed,Mozilla/5.0 (Windows NT 10.0; Win64; x64) Chrome/124.0,Corp ISP Lab,Cardiff,GB,0,0,0,10.24.16.55,Corporate,"[""CorpNetwork""]",Windows,Desktop,0,Samira Holt,oid-samira-holt-6666,0,20893,Microsoft SharePoint Online,FilePreviewed,[],2026-05-28T17:13:00Z,2026-05-28T17:13:00Z,Defender for Cloud Apps,"{""LastFileDownload"":""2026-05-15""}",00000003-0000-0ff1-ce00-000000000000,"{""SessionId"":""sess-noise-19"",""CorrelationId"":""corr-noise-19""}","{""Score"":5}",Detection,CloudAppEvents
tenant-lab-001-a000-0000-0000-000000000001,morgan.kim@creditsafe.com,Regular,"{""Site"":""TeamSite"",""MembershipVerified"":true}","{""Workload"":""SharePoint"",""ListId"":""list-site-20"",""SensitivityLabel"":""Internal""}",rpt-cloud-n20,obj-sp-n20,File,/sites/Engineering/Shared Documents/Document20.docx,"[{""Name"":""Document20.docx"",""Type"":""File"",""Id"":""file-id-n20""}]",FilePreviewed,Mozilla/5.0 (Windows NT 10.0; Win64; x64) Chrome/124.0,Corp ISP Lab,Cardiff,GB,0,0,0,10.24.11.33,Corporate,"[""CorpNetwork""]",Windows,Desktop,0,Morgan Kim,oid-morgan-kim-2222,0,20893,Microsoft SharePoint Online,FilePreviewed,[],2026-05-28T08:20:00Z,2026-05-28T08:20:00Z,Defender for Cloud Apps,"{""LastFileDownload"":""2026-05-15""}",00000003-0000-0ff1-ce00-000000000000,"{""SessionId"":""sess-noise-20"",""CorrelationId"":""corr-noise-20""}","{""Score"":5}",Detection,CloudAppEvents
tenant-lab-001-a000-0000-0000-000000000001,alex.park@creditsafe.com,Regular,"{""Site"":""TeamSite"",""MembershipVerified"":true}","{""Workload"":""SharePoint"",""ListId"":""list-site-21"",""SensitivityLabel"":""Internal""}",rpt-cloud-n21,obj-sp-n21,File,/sites/HR/Shared Documents/Document21.docx,"[{""Name"":""Document21.docx"",""Type"":""File"",""Id"":""file-id-n21""}]",FilePreviewed,Mozilla/5.0 (Windows NT 10.0; Win64; x64) Chrome/124.0,Corp ISP Lab,Cardiff,GB,0,0,0,10.24.12.88,Corporate,"[""CorpNetwork""]",Windows,Desktop,0,Alex Park,oid-alex-park-3333,0,20893,Microsoft SharePoint Online,FilePreviewed,[],2026-05-28T09:27:00Z,2026-05-28T09:27:00Z,Defender for Cloud Apps,"{""LastFileDownload"":""2026-05-15""}",00000003-0000-0ff1-ce00-000000000000,"{""SessionId"":""sess-noise-21"",""CorrelationId"":""corr-noise-21""}","{""Score"":5}",Detection,CloudAppEvents
tenant-lab-001-a000-0000-0000-000000000001,priya.nair@creditsafe.com,Regular,"{""Site"":""TeamSite"",""MembershipVerified"":true}","{""Workload"":""SharePoint"",""ListId"":""list-site-22"",""SensitivityLabel"":""Internal""}",rpt-cloud-n22,obj-sp-n22,File,/sites/Finance/Shared Documents/Document22.docx,"[{""Name"":""Document22.docx"",""Type"":""File"",""Id"":""file-id-n22""}]",FilePreviewed,Mozilla/5.0 (Windows NT 10.0; Win64; x64) Chrome/124.0,Corp ISP Lab,Cardiff,GB,0,0,0,10.24.14.22,Corporate,"[""CorpNetwork""]",Windows,Desktop,0,Priya Nair,oid-priya-nair-4444,0,20893,Microsoft SharePoint Online,FilePreviewed,[],2026-05-28T10:34:00Z,2026-05-28T10:34:00Z,Defender for Cloud Apps,"{""LastFileDownload"":""2026-05-15""}",00000003-0000-0ff1-ce00-000000000000,"{""SessionId"":""sess-noise-22"",""CorrelationId"":""corr-noise-22""}","{""Score"":5}",Detection,CloudAppEvents
tenant-lab-001-a000-0000-0000-000000000001,liam.chen@creditsafe.com,Regular,"{""Site"":""TeamSite"",""MembershipVerified"":true}","{""Workload"":""SharePoint"",""ListId"":""list-site-23"",""SensitivityLabel"":""Internal""}",rpt-cloud-n23,obj-sp-n23,File,/sites/Marketing/Shared Documents/Document23.docx,"[{""Name"":""Document23.docx"",""Type"":""File"",""Id"":""file-id-n23""}]",FilePreviewed,Mozilla/5.0 (Windows NT 10.0; Win64; x64) Chrome/124.0,Corp ISP Lab,Cardiff,GB,0,0,0,10.24.15.44,Corporate,"[""CorpNetwork""]",Windows,Desktop,0,Liam Chen,oid-liam-chen-5555,0,20893,Microsoft SharePoint Online,FilePreviewed,[],2026-05-28T11:41:00Z,2026-05-28T11:41:00Z,Defender for Cloud Apps,"{""LastFileDownload"":""2026-05-15""}",00000003-0000-0ff1-ce00-000000000000,"{""SessionId"":""sess-noise-23"",""CorrelationId"":""corr-noise-23""}","{""Score"":5}",Detection,CloudAppEvents
tenant-lab-001-a000-0000-0000-000000000001,samira.holt@creditsafe.com,Regular,"{""Site"":""TeamSite"",""MembershipVerified"":true}","{""Workload"":""SharePoint"",""ListId"":""list-site-24"",""SensitivityLabel"":""Internal""}",rpt-cloud-n24,obj-sp-n24,File,/sites/IT/Shared Documents/Document24.docx,"[{""Name"":""Document24.docx"",""Type"":""File"",""Id"":""file-id-n24""}]",FilePreviewed,Mozilla/5.0 (Windows NT 10.0; Win64; x64) Chrome/124.0,Corp ISP Lab,Cardiff,GB,0,0,0,10.24.16.55,Corporate,"[""CorpNetwork""]",Windows,Desktop,0,Samira Holt,oid-samira-holt-6666,0,20893,Microsoft SharePoint Online,FilePreviewed,[],2026-05-28T12:48:00Z,2026-05-28T12:48:00Z,Defender for Cloud Apps,"{""LastFileDownload"":""2026-05-15""}",00000003-0000-0ff1-ce00-000000000000,"{""SessionId"":""sess-noise-24"",""CorrelationId"":""corr-noise-24""}","{""Score"":5}",Detection,CloudAppEvents
tenant-lab-001-a000-0000-0000-000000000001,morgan.kim@creditsafe.com,Regular,"{""Site"":""TeamSite"",""MembershipVerified"":true}","{""Workload"":""SharePoint"",""ListId"":""list-site-25"",""SensitivityLabel"":""Internal""}",rpt-cloud-n25,obj-sp-n25,File,/sites/Engineering/Shared Documents/Document25.docx,"[{""Name"":""Document25.docx"",""Type"":""File"",""Id"":""file-id-n25""}]",FilePreviewed,Mozilla/5.0 (Windows NT 10.0; Win64; x64) Chrome/124.0,Corp ISP Lab,Cardiff,GB,0,0,0,10.24.11.33,Corporate,"[""CorpNetwork""]",Windows,Desktop,0,Morgan Kim,oid-morgan-kim-2222,0,20893,Microsoft SharePoint Online,FilePreviewed,[],2026-05-28T13:55:00Z,2026-05-28T13:55:00Z,Defender for Cloud Apps,"{""LastFileDownload"":""2026-05-15""}",00000003-0000-0ff1-ce00-000000000000,"{""SessionId"":""sess-noise-25"",""CorrelationId"":""corr-noise-25""}","{""Score"":5}",Detection,CloudAppEvents
tenant-lab-001-a000-0000-0000-000000000001,alex.park@creditsafe.com,Regular,"{""Site"":""TeamSite"",""MembershipVerified"":true}","{""Workload"":""SharePoint"",""ListId"":""list-site-26"",""SensitivityLabel"":""Internal""}",rpt-cloud-n26,obj-sp-n26,File,/sites/HR/Shared Documents/Document26.docx,"[{""Name"":""Document26.docx"",""Type"":""File"",""Id"":""file-id-n26""}]",FilePreviewed,Mozilla/5.0 (Windows NT 10.0; Win64; x64) Chrome/124.0,Corp ISP Lab,Cardiff,GB,0,0,0,10.24.12.88,Corporate,"[""CorpNetwork""]",Windows,Desktop,0,Alex Park,oid-alex-park-3333,0,20893,Microsoft SharePoint Online,FilePreviewed,[],2026-05-28T14:02:00Z,2026-05-28T14:02:00Z,Defender for Cloud Apps,"{""LastFileDownload"":""2026-05-15""}",00000003-0000-0ff1-ce00-000000000000,"{""SessionId"":""sess-noise-26"",""CorrelationId"":""corr-noise-26""}","{""Score"":5}",Detection,CloudAppEvents
tenant-lab-001-a000-0000-0000-000000000001,priya.nair@creditsafe.com,Regular,"{""Site"":""TeamSite"",""MembershipVerified"":true}","{""Workload"":""SharePoint"",""ListId"":""list-site-27"",""SensitivityLabel"":""Internal""}",rpt-cloud-n27,obj-sp-n27,File,/sites/Finance/Shared Documents/Document27.docx,"[{""Name"":""Document27.docx"",""Type"":""File"",""Id"":""file-id-n27""}]",FilePreviewed,Mozilla/5.0 (Windows NT 10.0; Win64; x64) Chrome/124.0,Corp ISP Lab,Cardiff,GB,0,0,0,10.24.14.22,Corporate,"[""CorpNetwork""]",Windows,Desktop,0,Priya Nair,oid-priya-nair-4444,0,20893,Microsoft SharePoint Online,FilePreviewed,[],2026-05-28T15:09:00Z,2026-05-28T15:09:00Z,Defender for Cloud Apps,"{""LastFileDownload"":""2026-05-15""}",00000003-0000-0ff1-ce00-000000000000,"{""SessionId"":""sess-noise-27"",""CorrelationId"":""corr-noise-27""}","{""Score"":5}",Detection,CloudAppEvents
tenant-lab-001-a000-0000-0000-000000000001,liam.chen@creditsafe.com,Regular,"{""Site"":""TeamSite"",""MembershipVerified"":true}","{""Workload"":""SharePoint"",""ListId"":""list-site-28"",""SensitivityLabel"":""Internal""}",rpt-cloud-n28,obj-sp-n28,File,/sites/Marketing/Shared Documents/Document28.docx,"[{""Name"":""Document28.docx"",""Type"":""File"",""Id"":""file-id-n28""}]",FilePreviewed,Mozilla/5.0 (Windows NT 10.0; Win64; x64) Chrome/124.0,Corp ISP Lab,Cardiff,GB,0,0,0,10.24.15.44,Corporate,"[""CorpNetwork""]",Windows,Desktop,0,Liam Chen,oid-liam-chen-5555,0,20893,Microsoft SharePoint Online,FilePreviewed,[],2026-05-28T16:16:00Z,2026-05-28T16:16:00Z,Defender for Cloud Apps,"{""LastFileDownload"":""2026-05-15""}",00000003-0000-0ff1-ce00-000000000000,"{""SessionId"":""sess-noise-28"",""CorrelationId"":""corr-noise-28""}","{""Score"":5}",Detection,CloudAppEvents
tenant-lab-001-a000-0000-0000-000000000001,samira.holt@creditsafe.com,Regular,"{""Site"":""TeamSite"",""MembershipVerified"":true}","{""Workload"":""SharePoint"",""ListId"":""list-site-29"",""SensitivityLabel"":""Internal""}",rpt-cloud-n29,obj-sp-n29,File,/sites/IT/Shared Documents/Document29.docx,"[{""Name"":""Document29.docx"",""Type"":""File"",""Id"":""file-id-n29""}]",FilePreviewed,Mozilla/5.0 (Windows NT 10.0; Win64; x64) Chrome/124.0,Corp ISP Lab,Cardiff,GB,0,0,0,10.24.16.55,Corporate,"[""CorpNetwork""]",Windows,Desktop,0,Samira Holt,oid-samira-holt-6666,0,20893,Microsoft SharePoint Online,FilePreviewed,[],2026-05-28T17:23:00Z,2026-05-28T17:23:00Z,Defender for Cloud Apps,"{""LastFileDownload"":""2026-05-15""}",00000003-0000-0ff1-ce00-000000000000,"{""SessionId"":""sess-noise-29"",""CorrelationId"":""corr-noise-29""}","{""Score"":5}",Detection,CloudAppEvents
tenant-lab-001-a000-0000-0000-000000000001,morgan.kim@creditsafe.com,Regular,"{""Site"":""TeamSite"",""MembershipVerified"":true}","{""Workload"":""SharePoint"",""ListId"":""list-site-30"",""SensitivityLabel"":""Internal""}",rpt-cloud-n30,obj-sp-n30,File,/sites/Engineering/Shared Documents/Document30.docx,"[{""Name"":""Document30.docx"",""Type"":""File"",""Id"":""file-id-n30""}]",FilePreviewed,Mozilla/5.0 (Windows NT 10.0; Win64; x64) Chrome/124.0,Corp ISP Lab,Cardiff,GB,0,0,0,10.24.11.33,Corporate,"[""CorpNetwork""]",Windows,Desktop,0,Morgan Kim,oid-morgan-kim-2222,0,20893,Microsoft SharePoint Online,FilePreviewed,[],2026-05-28T08:30:00Z,2026-05-28T08:30:00Z,Defender for Cloud Apps,"{""LastFileDownload"":""2026-05-15""}",00000003-0000-0ff1-ce00-000000000000,"{""SessionId"":""sess-noise-30"",""CorrelationId"":""corr-noise-30""}","{""Score"":5}",Detection,CloudAppEvents
tenant-lab-001-a000-0000-0000-000000000001,alex.park@creditsafe.com,Regular,"{""Site"":""TeamSite"",""MembershipVerified"":true}","{""Workload"":""SharePoint"",""ListId"":""list-site-31"",""SensitivityLabel"":""Internal""}",rpt-cloud-n31,obj-sp-n31,File,/sites/HR/Shared Documents/Document31.docx,"[{""Name"":""Document31.docx"",""Type"":""File"",""Id"":""file-id-n31""}]",FilePreviewed,Mozilla/5.0 (Windows NT 10.0; Win64; x64) Chrome/124.0,Corp ISP Lab,Cardiff,GB,0,0,0,10.24.12.88,Corporate,"[""CorpNetwork""]",Windows,Desktop,0,Alex Park,oid-alex-park-3333,0,20893,Microsoft SharePoint Online,FilePreviewed,[],2026-05-28T09:37:00Z,2026-05-28T09:37:00Z,Defender for Cloud Apps,"{""LastFileDownload"":""2026-05-15""}",00000003-0000-0ff1-ce00-000000000000,"{""SessionId"":""sess-noise-31"",""CorrelationId"":""corr-noise-31""}","{""Score"":5}",Detection,CloudAppEvents
tenant-lab-001-a000-0000-0000-000000000001,priya.nair@creditsafe.com,Regular,"{""Site"":""TeamSite"",""MembershipVerified"":true}","{""Workload"":""SharePoint"",""ListId"":""list-site-32"",""SensitivityLabel"":""Internal""}",rpt-cloud-n32,obj-sp-n32,File,/sites/Finance/Shared Documents/Document32.docx,"[{""Name"":""Document32.docx"",""Type"":""File"",""Id"":""file-id-n32""}]",FilePreviewed,Mozilla/5.0 (Windows NT 10.0; Win64; x64) Chrome/124.0,Corp ISP Lab,Cardiff,GB,0,0,0,10.24.14.22,Corporate,"[""CorpNetwork""]",Windows,Desktop,0,Priya Nair,oid-priya-nair-4444,0,20893,Microsoft SharePoint Online,FilePreviewed,[],2026-05-28T10:44:00Z,2026-05-28T10:44:00Z,Defender for Cloud Apps,"{""LastFileDownload"":""2026-05-15""}",00000003-0000-0ff1-ce00-000000000000,"{""SessionId"":""sess-noise-32"",""CorrelationId"":""corr-noise-32""}","{""Score"":5}",Detection,CloudAppEvents
tenant-lab-001-a000-0000-0000-000000000001,liam.chen@creditsafe.com,Regular,"{""Site"":""TeamSite"",""MembershipVerified"":true}","{""Workload"":""SharePoint"",""ListId"":""list-site-33"",""SensitivityLabel"":""Internal""}",rpt-cloud-n33,obj-sp-n33,File,/sites/Marketing/Shared Documents/Document33.docx,"[{""Name"":""Document33.docx"",""Type"":""File"",""Id"":""file-id-n33""}]",FilePreviewed,Mozilla/5.0 (Windows NT 10.0; Win64; x64) Chrome/124.0,Corp ISP Lab,Cardiff,GB,0,0,0,10.24.15.44,Corporate,"[""CorpNetwork""]",Windows,Desktop,0,Liam Chen,oid-liam-chen-5555,0,20893,Microsoft SharePoint Online,FilePreviewed,[],2026-05-28T11:51:00Z,2026-05-28T11:51:00Z,Defender for Cloud Apps,"{""LastFileDownload"":""2026-05-15""}",00000003-0000-0ff1-ce00-000000000000,"{""SessionId"":""sess-noise-33"",""CorrelationId"":""corr-noise-33""}","{""Score"":5}",Detection,CloudAppEvents
tenant-lab-001-a000-0000-0000-000000000001,samira.holt@creditsafe.com,Regular,"{""Site"":""TeamSite"",""MembershipVerified"":true}","{""Workload"":""SharePoint"",""ListId"":""list-site-34"",""SensitivityLabel"":""Internal""}",rpt-cloud-n34,obj-sp-n34,File,/sites/IT/Shared Documents/Document34.docx,"[{""Name"":""Document34.docx"",""Type"":""File"",""Id"":""file-id-n34""}]",FilePreviewed,Mozilla/5.0 (Windows NT 10.0; Win64; x64) Chrome/124.0,Corp ISP Lab,Cardiff,GB,0,0,0,10.24.16.55,Corporate,"[""CorpNetwork""]",Windows,Desktop,0,Samira Holt,oid-samira-holt-6666,0,20893,Microsoft SharePoint Online,FilePreviewed,[],2026-05-28T12:58:00Z,2026-05-28T12:58:00Z,Defender for Cloud Apps,"{""LastFileDownload"":""2026-05-15""}",00000003-0000-0ff1-ce00-000000000000,"{""SessionId"":""sess-noise-34"",""CorrelationId"":""corr-noise-34""}","{""Score"":5}",Detection,CloudAppEvents
tenant-lab-001-a000-0000-0000-000000000001,morgan.kim@creditsafe.com,Regular,"{""Site"":""TeamSite"",""MembershipVerified"":true}","{""Workload"":""SharePoint"",""ListId"":""list-site-35"",""SensitivityLabel"":""Internal""}",rpt-cloud-n35,obj-sp-n35,File,/sites/Engineering/Shared Documents/Document35.docx,"[{""Name"":""Document35.docx"",""Type"":""File"",""Id"":""file-id-n35""}]",FilePreviewed,Mozilla/5.0 (Windows NT 10.0; Win64; x64) Chrome/124.0,Corp ISP Lab,Cardiff,GB,0,0,0,10.24.11.33,Corporate,"[""CorpNetwork""]",Windows,Desktop,0,Morgan Kim,oid-morgan-kim-2222,0,20893,Microsoft SharePoint Online,FilePreviewed,[],2026-05-28T13:05:00Z,2026-05-28T13:05:00Z,Defender for Cloud Apps,"{""LastFileDownload"":""2026-05-15""}",00000003-0000-0ff1-ce00-000000000000,"{""SessionId"":""sess-noise-35"",""CorrelationId"":""corr-noise-35""}","{""Score"":5}",Detection,CloudAppEvents
tenant-lab-001-a000-0000-0000-000000000001,alex.park@creditsafe.com,Regular,"{""Site"":""TeamSite"",""MembershipVerified"":true}","{""Workload"":""SharePoint"",""ListId"":""list-site-36"",""SensitivityLabel"":""Internal""}",rpt-cloud-n36,obj-sp-n36,File,/sites/HR/Shared Documents/Document36.docx,"[{""Name"":""Document36.docx"",""Type"":""File"",""Id"":""file-id-n36""}]",FilePreviewed,Mozilla/5.0 (Windows NT 10.0; Win64; x64) Chrome/124.0,Corp ISP Lab,Cardiff,GB,0,0,0,10.24.12.88,Corporate,"[""CorpNetwork""]",Windows,Desktop,0,Alex Park,oid-alex-park-3333,0,20893,Microsoft SharePoint Online,FilePreviewed,[],2026-05-28T14:12:00Z,2026-05-28T14:12:00Z,Defender for Cloud Apps,"{""LastFileDownload"":""2026-05-15""}",00000003-0000-0ff1-ce00-000000000000,"{""SessionId"":""sess-noise-36"",""CorrelationId"":""corr-noise-36""}","{""Score"":5}",Detection,CloudAppEvents
tenant-lab-001-a000-0000-0000-000000000001,priya.nair@creditsafe.com,Regular,"{""Site"":""TeamSite"",""MembershipVerified"":true}","{""Workload"":""SharePoint"",""ListId"":""list-site-37"",""SensitivityLabel"":""Internal""}",rpt-cloud-n37,obj-sp-n37,File,/sites/Finance/Shared Documents/Document37.docx,"[{""Name"":""Document37.docx"",""Type"":""File"",""Id"":""file-id-n37""}]",FilePreviewed,Mozilla/5.0 (Windows NT 10.0; Win64; x64) Chrome/124.0,Corp ISP Lab,Cardiff,GB,0,0,0,10.24.14.22,Corporate,"[""CorpNetwork""]",Windows,Desktop,0,Priya Nair,oid-priya-nair-4444,0,20893,Microsoft SharePoint Online,FilePreviewed,[],2026-05-28T15:19:00Z,2026-05-28T15:19:00Z,Defender for Cloud Apps,"{""LastFileDownload"":""2026-05-15""}",00000003-0000-0ff1-ce00-000000000000,"{""SessionId"":""sess-noise-37"",""CorrelationId"":""corr-noise-37""}","{""Score"":5}",Detection,CloudAppEvents
tenant-lab-001-a000-0000-0000-000000000001,liam.chen@creditsafe.com,Regular,"{""Site"":""TeamSite"",""MembershipVerified"":true}","{""Workload"":""SharePoint"",""ListId"":""list-site-38"",""SensitivityLabel"":""Internal""}",rpt-cloud-n38,obj-sp-n38,File,/sites/Marketing/Shared Documents/Document38.docx,"[{""Name"":""Document38.docx"",""Type"":""File"",""Id"":""file-id-n38""}]",FilePreviewed,Mozilla/5.0 (Windows NT 10.0; Win64; x64) Chrome/124.0,Corp ISP Lab,Cardiff,GB,0,0,0,10.24.15.44,Corporate,"[""CorpNetwork""]",Windows,Desktop,0,Liam Chen,oid-liam-chen-5555,0,20893,Microsoft SharePoint Online,FilePreviewed,[],2026-05-28T16:26:00Z,2026-05-28T16:26:00Z,Defender for Cloud Apps,"{""LastFileDownload"":""2026-05-15""}",00000003-0000-0ff1-ce00-000000000000,"{""SessionId"":""sess-noise-38"",""CorrelationId"":""corr-noise-38""}","{""Score"":5}",Detection,CloudAppEvents
tenant-lab-001-a000-0000-0000-000000000001,samira.holt@creditsafe.com,Regular,"{""Site"":""TeamSite"",""MembershipVerified"":true}","{""Workload"":""SharePoint"",""ListId"":""list-site-39"",""SensitivityLabel"":""Internal""}",rpt-cloud-n39,obj-sp-n39,File,/sites/IT/Shared Documents/Document39.docx,"[{""Name"":""Document39.docx"",""Type"":""File"",""Id"":""file-id-n39""}]",FilePreviewed,Mozilla/5.0 (Windows NT 10.0; Win64; x64) Chrome/124.0,Corp ISP Lab,Cardiff,GB,0,0,0,10.24.16.55,Corporate,"[""CorpNetwork""]",Windows,Desktop,0,Samira Holt,oid-samira-holt-6666,0,20893,Microsoft SharePoint Online,FilePreviewed,[],2026-05-28T17:33:00Z,2026-05-28T17:33:00Z,Defender for Cloud Apps,"{""LastFileDownload"":""2026-05-15""}",00000003-0000-0ff1-ce00-000000000000,"{""SessionId"":""sess-noise-39"",""CorrelationId"":""corr-noise-39""}","{""Score"":5}",Detection,CloudAppEvents
tenant-lab-001-a000-0000-0000-000000000001,morgan.kim@creditsafe.com,Regular,"{""Site"":""TeamSite"",""MembershipVerified"":true}","{""Workload"":""SharePoint"",""ListId"":""list-site-40"",""SensitivityLabel"":""Internal""}",rpt-cloud-n40,obj-sp-n40,File,/sites/Engineering/Shared Documents/Document40.docx,"[{""Name"":""Document40.docx"",""Type"":""File"",""Id"":""file-id-n40""}]",FilePreviewed,Mozilla/5.0 (Windows NT 10.0; Win64; x64) Chrome/124.0,Corp ISP Lab,Cardiff,GB,0,0,0,10.24.11.33,Corporate,"[""CorpNetwork""]",Windows,Desktop,0,Morgan Kim,oid-morgan-kim-2222,0,20893,Microsoft SharePoint Online,FilePreviewed,[],2026-05-28T08:40:00Z,2026-05-28T08:40:00Z,Defender for Cloud Apps,"{""LastFileDownload"":""2026-05-15""}",00000003-0000-0ff1-ce00-000000000000,"{""SessionId"":""sess-noise-40"",""CorrelationId"":""corr-noise-40""}","{""Score"":5}",Detection,CloudAppEvents
tenant-lab-001-a000-0000-0000-000000000001,alex.park@creditsafe.com,Regular,"{""Site"":""TeamSite"",""MembershipVerified"":true}","{""Workload"":""SharePoint"",""ListId"":""list-site-41"",""SensitivityLabel"":""Internal""}",rpt-cloud-n41,obj-sp-n41,File,/sites/HR/Shared Documents/Document41.docx,"[{""Name"":""Document41.docx"",""Type"":""File"",""Id"":""file-id-n41""}]",FilePreviewed,Mozilla/5.0 (Windows NT 10.0; Win64; x64) Chrome/124.0,Corp ISP Lab,Cardiff,GB,0,0,0,10.24.12.88,Corporate,"[""CorpNetwork""]",Windows,Desktop,0,Alex Park,oid-alex-park-3333,0,20893,Microsoft SharePoint Online,FilePreviewed,[],2026-05-28T09:47:00Z,2026-05-28T09:47:00Z,Defender for Cloud Apps,"{""LastFileDownload"":""2026-05-15""}",00000003-0000-0ff1-ce00-000000000000,"{""SessionId"":""sess-noise-41"",""CorrelationId"":""corr-noise-41""}","{""Score"":5}",Detection,CloudAppEvents
tenant-lab-001-a000-0000-0000-000000000001,priya.nair@creditsafe.com,Regular,"{""Site"":""TeamSite"",""MembershipVerified"":true}","{""Workload"":""SharePoint"",""ListId"":""list-site-42"",""SensitivityLabel"":""Internal""}",rpt-cloud-n42,obj-sp-n42,File,/sites/Finance/Shared Documents/Document42.docx,"[{""Name"":""Document42.docx"",""Type"":""File"",""Id"":""file-id-n42""}]",FilePreviewed,Mozilla/5.0 (Windows NT 10.0; Win64; x64) Chrome/124.0,Corp ISP Lab,Cardiff,GB,0,0,0,10.24.14.22,Corporate,"[""CorpNetwork""]",Windows,Desktop,0,Priya Nair,oid-priya-nair-4444,0,20893,Microsoft SharePoint Online,FilePreviewed,[],2026-05-28T10:54:00Z,2026-05-28T10:54:00Z,Defender for Cloud Apps,"{""LastFileDownload"":""2026-05-15""}",00000003-0000-0ff1-ce00-000000000000,"{""SessionId"":""sess-noise-42"",""CorrelationId"":""corr-noise-42""}","{""Score"":5}",Detection,CloudAppEvents
tenant-lab-001-a000-0000-0000-000000000001,liam.chen@creditsafe.com,Regular,"{""Site"":""TeamSite"",""MembershipVerified"":true}","{""Workload"":""SharePoint"",""ListId"":""list-site-43"",""SensitivityLabel"":""Internal""}",rpt-cloud-n43,obj-sp-n43,File,/sites/Marketing/Shared Documents/Document43.docx,"[{""Name"":""Document43.docx"",""Type"":""File"",""Id"":""file-id-n43""}]",FilePreviewed,Mozilla/5.0 (Windows NT 10.0; Win64; x64) Chrome/124.0,Corp ISP Lab,Cardiff,GB,0,0,0,10.24.15.44,Corporate,"[""CorpNetwork""]",Windows,Desktop,0,Liam Chen,oid-liam-chen-5555,0,20893,Microsoft SharePoint Online,FilePreviewed,[],2026-05-28T11:01:00Z,2026-05-28T11:01:00Z,Defender for Cloud Apps,"{""LastFileDownload"":""2026-05-15""}",00000003-0000-0ff1-ce00-000000000000,"{""SessionId"":""sess-noise-43"",""CorrelationId"":""corr-noise-43""}","{""Score"":5}",Detection,CloudAppEvents
tenant-lab-001-a000-0000-0000-000000000001,samira.holt@creditsafe.com,Regular,"{""Site"":""TeamSite"",""MembershipVerified"":true}","{""Workload"":""SharePoint"",""ListId"":""list-site-44"",""SensitivityLabel"":""Internal""}",rpt-cloud-n44,obj-sp-n44,File,/sites/IT/Shared Documents/Document44.docx,"[{""Name"":""Document44.docx"",""Type"":""File"",""Id"":""file-id-n44""}]",FilePreviewed,Mozilla/5.0 (Windows NT 10.0; Win64; x64) Chrome/124.0,Corp ISP Lab,Cardiff,GB,0,0,0,10.24.16.55,Corporate,"[""CorpNetwork""]",Windows,Desktop,0,Samira Holt,oid-samira-holt-6666,0,20893,Microsoft SharePoint Online,FilePreviewed,[],2026-05-28T12:08:00Z,2026-05-28T12:08:00Z,Defender for Cloud Apps,"{""LastFileDownload"":""2026-05-15""}",00000003-0000-0ff1-ce00-000000000000,"{""SessionId"":""sess-noise-44"",""CorrelationId"":""corr-noise-44""}","{""Score"":5}",Detection,CloudAppEvents
tenant-lab-001-a000-0000-0000-000000000001,morgan.kim@creditsafe.com,Regular,"{""Site"":""TeamSite"",""MembershipVerified"":true}","{""Workload"":""SharePoint"",""ListId"":""list-site-45"",""SensitivityLabel"":""Internal""}",rpt-cloud-n45,obj-sp-n45,File,/sites/Engineering/Shared Documents/Document45.docx,"[{""Name"":""Document45.docx"",""Type"":""File"",""Id"":""file-id-n45""}]",FilePreviewed,Mozilla/5.0 (Windows NT 10.0; Win64; x64) Chrome/124.0,Corp ISP Lab,Cardiff,GB,0,0,0,10.24.11.33,Corporate,"[""CorpNetwork""]",Windows,Desktop,0,Morgan Kim,oid-morgan-kim-2222,0,20893,Microsoft SharePoint Online,FilePreviewed,[],2026-05-28T13:15:00Z,2026-05-28T13:15:00Z,Defender for Cloud Apps,"{""LastFileDownload"":""2026-05-15""}",00000003-0000-0ff1-ce00-000000000000,"{""SessionId"":""sess-noise-45"",""CorrelationId"":""corr-noise-45""}","{""Score"":5}",Detection,CloudAppEvents
tenant-lab-001-a000-0000-0000-000000000001,alex.park@creditsafe.com,Regular,"{""Site"":""TeamSite"",""MembershipVerified"":true}","{""Workload"":""SharePoint"",""ListId"":""list-site-46"",""SensitivityLabel"":""Internal""}",rpt-cloud-n46,obj-sp-n46,File,/sites/HR/Shared Documents/Document46.docx,"[{""Name"":""Document46.docx"",""Type"":""File"",""Id"":""file-id-n46""}]",FilePreviewed,Mozilla/5.0 (Windows NT 10.0; Win64; x64) Chrome/124.0,Corp ISP Lab,Cardiff,GB,0,0,0,10.24.12.88,Corporate,"[""CorpNetwork""]",Windows,Desktop,0,Alex Park,oid-alex-park-3333,0,20893,Microsoft SharePoint Online,FilePreviewed,[],2026-05-28T14:22:00Z,2026-05-28T14:22:00Z,Defender for Cloud Apps,"{""LastFileDownload"":""2026-05-15""}",00000003-0000-0ff1-ce00-000000000000,"{""SessionId"":""sess-noise-46"",""CorrelationId"":""corr-noise-46""}","{""Score"":5}",Detection,CloudAppEvents
tenant-lab-001-a000-0000-0000-000000000001,priya.nair@creditsafe.com,Regular,"{""Site"":""TeamSite"",""MembershipVerified"":true}","{""Workload"":""SharePoint"",""ListId"":""list-site-47"",""SensitivityLabel"":""Internal""}",rpt-cloud-n47,obj-sp-n47,File,/sites/Finance/Shared Documents/Document47.docx,"[{""Name"":""Document47.docx"",""Type"":""File"",""Id"":""file-id-n47""}]",FilePreviewed,Mozilla/5.0 (Windows NT 10.0; Win64; x64) Chrome/124.0,Corp ISP Lab,Cardiff,GB,0,0,0,10.24.14.22,Corporate,"[""CorpNetwork""]",Windows,Desktop,0,Priya Nair,oid-priya-nair-4444,0,20893,Microsoft SharePoint Online,FilePreviewed,[],2026-05-28T15:29:00Z,2026-05-28T15:29:00Z,Defender for Cloud Apps,"{""LastFileDownload"":""2026-05-15""}",00000003-0000-0ff1-ce00-000000000000,"{""SessionId"":""sess-noise-47"",""CorrelationId"":""corr-noise-47""}","{""Score"":5}",Detection,CloudAppEvents
tenant-lab-001-a000-0000-0000-000000000001,liam.chen@creditsafe.com,Regular,"{""Site"":""TeamSite"",""MembershipVerified"":true}","{""Workload"":""SharePoint"",""ListId"":""list-site-48"",""SensitivityLabel"":""Internal""}",rpt-cloud-n48,obj-sp-n48,File,/sites/Marketing/Shared Documents/Document48.docx,"[{""Name"":""Document48.docx"",""Type"":""File"",""Id"":""file-id-n48""}]",FilePreviewed,Mozilla/5.0 (Windows NT 10.0; Win64; x64) Chrome/124.0,Corp ISP Lab,Cardiff,GB,0,0,0,10.24.15.44,Corporate,"[""CorpNetwork""]",Windows,Desktop,0,Liam Chen,oid-liam-chen-5555,0,20893,Microsoft SharePoint Online,FilePreviewed,[],2026-05-28T16:36:00Z,2026-05-28T16:36:00Z,Defender for Cloud Apps,"{""LastFileDownload"":""2026-05-15""}",00000003-0000-0ff1-ce00-000000000000,"{""SessionId"":""sess-noise-48"",""CorrelationId"":""corr-noise-48""}","{""Score"":5}",Detection,CloudAppEvents
tenant-lab-001-a000-0000-0000-000000000001,samira.holt@creditsafe.com,Regular,"{""Site"":""TeamSite"",""MembershipVerified"":true}","{""Workload"":""SharePoint"",""ListId"":""list-site-49"",""SensitivityLabel"":""Internal""}",rpt-cloud-n49,obj-sp-n49,File,/sites/IT/Shared Documents/Document49.docx,"[{""Name"":""Document49.docx"",""Type"":""File"",""Id"":""file-id-n49""}]",FilePreviewed,Mozilla/5.0 (Windows NT 10.0; Win64; x64) Chrome/124.0,Corp ISP Lab,Cardiff,GB,0,0,0,10.24.16.55,Corporate,"[""CorpNetwork""]",Windows,Desktop,0,Samira Holt,oid-samira-holt-6666,0,20893,Microsoft SharePoint Online,FilePreviewed,[],2026-05-28T17:43:00Z,2026-05-28T17:43:00Z,Defender for Cloud Apps,"{""LastFileDownload"":""2026-05-15""}",00000003-0000-0ff1-ce00-000000000000,"{""SessionId"":""sess-noise-49"",""CorrelationId"":""corr-noise-49""}","{""Score"":5}",Detection,CloudAppEvents
tenant-lab-001-a000-0000-0000-000000000001,morgan.kim@creditsafe.com,Regular,"{""Site"":""TeamSite"",""MembershipVerified"":true}","{""Workload"":""SharePoint"",""ListId"":""list-site-50"",""SensitivityLabel"":""Internal""}",rpt-cloud-n50,obj-sp-n50,File,/sites/Engineering/Shared Documents/Document50.docx,"[{""Name"":""Document50.docx"",""Type"":""File"",""Id"":""file-id-n50""}]",FilePreviewed,Mozilla/5.0 (Windows NT 10.0; Win64; x64) Chrome/124.0,Corp ISP Lab,Cardiff,GB,0,0,0,10.24.11.33,Corporate,"[""CorpNetwork""]",Windows,Desktop,0,Morgan Kim,oid-morgan-kim-2222,0,20893,Microsoft SharePoint Online,FilePreviewed,[],2026-05-28T08:50:00Z,2026-05-28T08:50:00Z,Defender for Cloud Apps,"{""LastFileDownload"":""2026-05-15""}",00000003-0000-0ff1-ce00-000000000000,"{""SessionId"":""sess-noise-50"",""CorrelationId"":""corr-noise-50""}","{""Score"":5}",Detection,CloudAppEvents
tenant-lab-001-a000-0000-0000-000000000001,alex.park@creditsafe.com,Regular,"{""Site"":""TeamSite"",""MembershipVerified"":true}","{""Workload"":""SharePoint"",""ListId"":""list-site-51"",""SensitivityLabel"":""Internal""}",rpt-cloud-n51,obj-sp-n51,File,/sites/HR/Shared Documents/Document51.docx,"[{""Name"":""Document51.docx"",""Type"":""File"",""Id"":""file-id-n51""}]",FilePreviewed,Mozilla/5.0 (Windows NT 10.0; Win64; x64) Chrome/124.0,Corp ISP Lab,Cardiff,GB,0,0,0,10.24.12.88,Corporate,"[""CorpNetwork""]",Windows,Desktop,0,Alex Park,oid-alex-park-3333,0,20893,Microsoft SharePoint Online,FilePreviewed,[],2026-05-28T09:57:00Z,2026-05-28T09:57:00Z,Defender for Cloud Apps,"{""LastFileDownload"":""2026-05-15""}",00000003-0000-0ff1-ce00-000000000000,"{""SessionId"":""sess-noise-51"",""CorrelationId"":""corr-noise-51""}","{""Score"":5}",Detection,CloudAppEvents
tenant-lab-001-a000-0000-0000-000000000001,priya.nair@creditsafe.com,Regular,"{""Site"":""TeamSite"",""MembershipVerified"":true}","{""Workload"":""SharePoint"",""ListId"":""list-site-52"",""SensitivityLabel"":""Internal""}",rpt-cloud-n52,obj-sp-n52,File,/sites/Finance/Shared Documents/Document52.docx,"[{""Name"":""Document52.docx"",""Type"":""File"",""Id"":""file-id-n52""}]",FilePreviewed,Mozilla/5.0 (Windows NT 10.0; Win64; x64) Chrome/124.0,Corp ISP Lab,Cardiff,GB,0,0,0,10.24.14.22,Corporate,"[""CorpNetwork""]",Windows,Desktop,0,Priya Nair,oid-priya-nair-4444,0,20893,Microsoft SharePoint Online,FilePreviewed,[],2026-05-28T10:04:00Z,2026-05-28T10:04:00Z,Defender for Cloud Apps,"{""LastFileDownload"":""2026-05-15""}",00000003-0000-0ff1-ce00-000000000000,"{""SessionId"":""sess-noise-52"",""CorrelationId"":""corr-noise-52""}","{""Score"":5}",Detection,CloudAppEvents
tenant-lab-001-a000-0000-0000-000000000001,liam.chen@creditsafe.com,Regular,"{""Site"":""TeamSite"",""MembershipVerified"":true}","{""Workload"":""SharePoint"",""ListId"":""list-site-53"",""SensitivityLabel"":""Internal""}",rpt-cloud-n53,obj-sp-n53,File,/sites/Marketing/Shared Documents/Document53.docx,"[{""Name"":""Document53.docx"",""Type"":""File"",""Id"":""file-id-n53""}]",FilePreviewed,Mozilla/5.0 (Windows NT 10.0; Win64; x64) Chrome/124.0,Corp ISP Lab,Cardiff,GB,0,0,0,10.24.15.44,Corporate,"[""CorpNetwork""]",Windows,Desktop,0,Liam Chen,oid-liam-chen-5555,0,20893,Microsoft SharePoint Online,FilePreviewed,[],2026-05-28T11:11:00Z,2026-05-28T11:11:00Z,Defender for Cloud Apps,"{""LastFileDownload"":""2026-05-15""}",00000003-0000-0ff1-ce00-000000000000,"{""SessionId"":""sess-noise-53"",""CorrelationId"":""corr-noise-53""}","{""Score"":5}",Detection,CloudAppEvents
tenant-lab-001-a000-0000-0000-000000000001,samira.holt@creditsafe.com,Regular,"{""Site"":""TeamSite"",""MembershipVerified"":true}","{""Workload"":""SharePoint"",""ListId"":""list-site-54"",""SensitivityLabel"":""Internal""}",rpt-cloud-n54,obj-sp-n54,File,/sites/IT/Shared Documents/Document54.docx,"[{""Name"":""Document54.docx"",""Type"":""File"",""Id"":""file-id-n54""}]",FilePreviewed,Mozilla/5.0 (Windows NT 10.0; Win64; x64) Chrome/124.0,Corp ISP Lab,Cardiff,GB,0,0,0,10.24.16.55,Corporate,"[""CorpNetwork""]",Windows,Desktop,0,Samira Holt,oid-samira-holt-6666,0,20893,Microsoft SharePoint Online,FilePreviewed,[],2026-05-28T12:18:00Z,2026-05-28T12:18:00Z,Defender for Cloud Apps,"{""LastFileDownload"":""2026-05-15""}",00000003-0000-0ff1-ce00-000000000000,"{""SessionId"":""sess-noise-54"",""CorrelationId"":""corr-noise-54""}","{""Score"":5}",Detection,CloudAppEvents
tenant-lab-001-a000-0000-0000-000000000001,morgan.kim@creditsafe.com,Regular,"{""Site"":""TeamSite"",""MembershipVerified"":true}","{""Workload"":""SharePoint"",""ListId"":""list-site-55"",""SensitivityLabel"":""Internal""}",rpt-cloud-n55,obj-sp-n55,File,/sites/Engineering/Shared Documents/Document55.docx,"[{""Name"":""Document55.docx"",""Type"":""File"",""Id"":""file-id-n55""}]",FilePreviewed,Mozilla/5.0 (Windows NT 10.0; Win64; x64) Chrome/124.0,Corp ISP Lab,Cardiff,GB,0,0,0,10.24.11.33,Corporate,"[""CorpNetwork""]",Windows,Desktop,0,Morgan Kim,oid-morgan-kim-2222,0,20893,Microsoft SharePoint Online,FilePreviewed,[],2026-05-28T13:25:00Z,2026-05-28T13:25:00Z,Defender for Cloud Apps,"{""LastFileDownload"":""2026-05-15""}",00000003-0000-0ff1-ce00-000000000000,"{""SessionId"":""sess-noise-55"",""CorrelationId"":""corr-noise-55""}","{""Score"":5}",Detection,CloudAppEvents
tenant-lab-001-a000-0000-0000-000000000001,alex.park@creditsafe.com,Regular,"{""Site"":""TeamSite"",""MembershipVerified"":true}","{""Workload"":""SharePoint"",""ListId"":""list-site-56"",""SensitivityLabel"":""Internal""}",rpt-cloud-n56,obj-sp-n56,File,/sites/HR/Shared Documents/Document56.docx,"[{""Name"":""Document56.docx"",""Type"":""File"",""Id"":""file-id-n56""}]",FilePreviewed,Mozilla/5.0 (Windows NT 10.0; Win64; x64) Chrome/124.0,Corp ISP Lab,Cardiff,GB,0,0,0,10.24.12.88,Corporate,"[""CorpNetwork""]",Windows,Desktop,0,Alex Park,oid-alex-park-3333,0,20893,Microsoft SharePoint Online,FilePreviewed,[],2026-05-28T14:32:00Z,2026-05-28T14:32:00Z,Defender for Cloud Apps,"{""LastFileDownload"":""2026-05-15""}",00000003-0000-0ff1-ce00-000000000000,"{""SessionId"":""sess-noise-56"",""CorrelationId"":""corr-noise-56""}","{""Score"":5}",Detection,CloudAppEvents
tenant-lab-001-a000-0000-0000-000000000001,priya.nair@creditsafe.com,Regular,"{""Site"":""TeamSite"",""MembershipVerified"":true}","{""Workload"":""SharePoint"",""ListId"":""list-site-57"",""SensitivityLabel"":""Internal""}",rpt-cloud-n57,obj-sp-n57,File,/sites/Finance/Shared Documents/Document57.docx,"[{""Name"":""Document57.docx"",""Type"":""File"",""Id"":""file-id-n57""}]",FilePreviewed,Mozilla/5.0 (Windows NT 10.0; Win64; x64) Chrome/124.0,Corp ISP Lab,Cardiff,GB,0,0,0,10.24.14.22,Corporate,"[""CorpNetwork""]",Windows,Desktop,0,Priya Nair,oid-priya-nair-4444,0,20893,Microsoft SharePoint Online,FilePreviewed,[],2026-05-28T15:39:00Z,2026-05-28T15:39:00Z,Defender for Cloud Apps,"{""LastFileDownload"":""2026-05-15""}",00000003-0000-0ff1-ce00-000000000000,"{""SessionId"":""sess-noise-57"",""CorrelationId"":""corr-noise-57""}","{""Score"":5}",Detection,CloudAppEvents
tenant-lab-001-a000-0000-0000-000000000001,liam.chen@creditsafe.com,Regular,"{""Site"":""TeamSite"",""MembershipVerified"":true}","{""Workload"":""SharePoint"",""ListId"":""list-site-58"",""SensitivityLabel"":""Internal""}",rpt-cloud-n58,obj-sp-n58,File,/sites/Marketing/Shared Documents/Document58.docx,"[{""Name"":""Document58.docx"",""Type"":""File"",""Id"":""file-id-n58""}]",FilePreviewed,Mozilla/5.0 (Windows NT 10.0; Win64; x64) Chrome/124.0,Corp ISP Lab,Cardiff,GB,0,0,0,10.24.15.44,Corporate,"[""CorpNetwork""]",Windows,Desktop,0,Liam Chen,oid-liam-chen-5555,0,20893,Microsoft SharePoint Online,FilePreviewed,[],2026-05-28T16:46:00Z,2026-05-28T16:46:00Z,Defender for Cloud Apps,"{""LastFileDownload"":""2026-05-15""}",00000003-0000-0ff1-ce00-000000000000,"{""SessionId"":""sess-noise-58"",""CorrelationId"":""corr-noise-58""}","{""Score"":5}",Detection,CloudAppEvents
tenant-lab-001-a000-0000-0000-000000000001,samira.holt@creditsafe.com,Regular,"{""Site"":""TeamSite"",""MembershipVerified"":true}","{""Workload"":""SharePoint"",""ListId"":""list-site-59"",""SensitivityLabel"":""Internal""}",rpt-cloud-n59,obj-sp-n59,File,/sites/IT/Shared Documents/Document59.docx,"[{""Name"":""Document59.docx"",""Type"":""File"",""Id"":""file-id-n59""}]",FilePreviewed,Mozilla/5.0 (Windows NT 10.0; Win64; x64) Chrome/124.0,Corp ISP Lab,Cardiff,GB,0,0,0,10.24.16.55,Corporate,"[""CorpNetwork""]",Windows,Desktop,0,Samira Holt,oid-samira-holt-6666,0,20893,Microsoft SharePoint Online,FilePreviewed,[],2026-05-28T17:53:00Z,2026-05-28T17:53:00Z,Defender for Cloud Apps,"{""LastFileDownload"":""2026-05-15""}",00000003-0000-0ff1-ce00-000000000000,"{""SessionId"":""sess-noise-59"",""CorrelationId"":""corr-noise-59""}","{""Score"":5}",Detection,CloudAppEvents
tenant-lab-001-a000-0000-0000-000000000001,morgan.kim@creditsafe.com,Regular,"{""Site"":""TeamSite"",""MembershipVerified"":true}","{""Workload"":""SharePoint"",""ListId"":""list-site-60"",""SensitivityLabel"":""Internal""}",rpt-cloud-n60,obj-sp-n60,File,/sites/Engineering/Shared Documents/Document60.docx,"[{""Name"":""Document60.docx"",""Type"":""File"",""Id"":""file-id-n60""}]",FilePreviewed,Mozilla/5.0 (Windows NT 10.0; Win64; x64) Chrome/124.0,Corp ISP Lab,Cardiff,GB,0,0,0,10.24.11.33,Corporate,"[""CorpNetwork""]",Windows,Desktop,0,Morgan Kim,oid-morgan-kim-2222,0,20893,Microsoft SharePoint Online,FilePreviewed,[],2026-05-28T08:00:00Z,2026-05-28T08:00:00Z,Defender for Cloud Apps,"{""LastFileDownload"":""2026-05-15""}",00000003-0000-0ff1-ce00-000000000000,"{""SessionId"":""sess-noise-60"",""CorrelationId"":""corr-noise-60""}","{""Score"":5}",Detection,CloudAppEvents
tenant-lab-001-a000-0000-0000-000000000001,alex.park@creditsafe.com,Regular,"{""Site"":""TeamSite"",""MembershipVerified"":true}","{""Workload"":""SharePoint"",""ListId"":""list-site-61"",""SensitivityLabel"":""Internal""}",rpt-cloud-n61,obj-sp-n61,File,/sites/HR/Shared Documents/Document61.docx,"[{""Name"":""Document61.docx"",""Type"":""File"",""Id"":""file-id-n61""}]",FilePreviewed,Mozilla/5.0 (Windows NT 10.0; Win64; x64) Chrome/124.0,Corp ISP Lab,Cardiff,GB,0,0,0,10.24.12.88,Corporate,"[""CorpNetwork""]",Windows,Desktop,0,Alex Park,oid-alex-park-3333,0,20893,Microsoft SharePoint Online,FilePreviewed,[],2026-05-28T09:07:00Z,2026-05-28T09:07:00Z,Defender for Cloud Apps,"{""LastFileDownload"":""2026-05-15""}",00000003-0000-0ff1-ce00-000000000000,"{""SessionId"":""sess-noise-61"",""CorrelationId"":""corr-noise-61""}","{""Score"":5}",Detection,CloudAppEvents
tenant-lab-001-a000-0000-0000-000000000001,priya.nair@creditsafe.com,Regular,"{""Site"":""TeamSite"",""MembershipVerified"":true}","{""Workload"":""SharePoint"",""ListId"":""list-site-62"",""SensitivityLabel"":""Internal""}",rpt-cloud-n62,obj-sp-n62,File,/sites/Finance/Shared Documents/Document62.docx,"[{""Name"":""Document62.docx"",""Type"":""File"",""Id"":""file-id-n62""}]",FilePreviewed,Mozilla/5.0 (Windows NT 10.0; Win64; x64) Chrome/124.0,Corp ISP Lab,Cardiff,GB,0,0,0,10.24.14.22,Corporate,"[""CorpNetwork""]",Windows,Desktop,0,Priya Nair,oid-priya-nair-4444,0,20893,Microsoft SharePoint Online,FilePreviewed,[],2026-05-28T10:14:00Z,2026-05-28T10:14:00Z,Defender for Cloud Apps,"{""LastFileDownload"":""2026-05-15""}",00000003-0000-0ff1-ce00-000000000000,"{""SessionId"":""sess-noise-62"",""CorrelationId"":""corr-noise-62""}","{""Score"":5}",Detection,CloudAppEvents
tenant-lab-001-a000-0000-0000-000000000001,liam.chen@creditsafe.com,Regular,"{""Site"":""TeamSite"",""MembershipVerified"":true}","{""Workload"":""SharePoint"",""ListId"":""list-site-63"",""SensitivityLabel"":""Internal""}",rpt-cloud-n63,obj-sp-n63,File,/sites/Marketing/Shared Documents/Document63.docx,"[{""Name"":""Document63.docx"",""Type"":""File"",""Id"":""file-id-n63""}]",FilePreviewed,Mozilla/5.0 (Windows NT 10.0; Win64; x64) Chrome/124.0,Corp ISP Lab,Cardiff,GB,0,0,0,10.24.15.44,Corporate,"[""CorpNetwork""]",Windows,Desktop,0,Liam Chen,oid-liam-chen-5555,0,20893,Microsoft SharePoint Online,FilePreviewed,[],2026-05-28T11:21:00Z,2026-05-28T11:21:00Z,Defender for Cloud Apps,"{""LastFileDownload"":""2026-05-15""}",00000003-0000-0ff1-ce00-000000000000,"{""SessionId"":""sess-noise-63"",""CorrelationId"":""corr-noise-63""}","{""Score"":5}",Detection,CloudAppEvents
tenant-lab-001-a000-0000-0000-000000000001,samira.holt@creditsafe.com,Regular,"{""Site"":""TeamSite"",""MembershipVerified"":true}","{""Workload"":""SharePoint"",""ListId"":""list-site-64"",""SensitivityLabel"":""Internal""}",rpt-cloud-n64,obj-sp-n64,File,/sites/IT/Shared Documents/Document64.docx,"[{""Name"":""Document64.docx"",""Type"":""File"",""Id"":""file-id-n64""}]",FilePreviewed,Mozilla/5.0 (Windows NT 10.0; Win64; x64) Chrome/124.0,Corp ISP Lab,Cardiff,GB,0,0,0,10.24.16.55,Corporate,"[""CorpNetwork""]",Windows,Desktop,0,Samira Holt,oid-samira-holt-6666,0,20893,Microsoft SharePoint Online,FilePreviewed,[],2026-05-28T12:28:00Z,2026-05-28T12:28:00Z,Defender for Cloud Apps,"{""LastFileDownload"":""2026-05-15""}",00000003-0000-0ff1-ce00-000000000000,"{""SessionId"":""sess-noise-64"",""CorrelationId"":""corr-noise-64""}","{""Score"":5}",Detection,CloudAppEvents
tenant-lab-001-a000-0000-0000-000000000001,morgan.kim@creditsafe.com,Regular,"{""Site"":""TeamSite"",""MembershipVerified"":true}","{""Workload"":""SharePoint"",""ListId"":""list-site-65"",""SensitivityLabel"":""Internal""}",rpt-cloud-n65,obj-sp-n65,File,/sites/Engineering/Shared Documents/Document65.docx,"[{""Name"":""Document65.docx"",""Type"":""File"",""Id"":""file-id-n65""}]",FilePreviewed,Mozilla/5.0 (Windows NT 10.0; Win64; x64) Chrome/124.0,Corp ISP Lab,Cardiff,GB,0,0,0,10.24.11.33,Corporate,"[""CorpNetwork""]",Windows,Desktop,0,Morgan Kim,oid-morgan-kim-2222,0,20893,Microsoft SharePoint Online,FilePreviewed,[],2026-05-28T13:35:00Z,2026-05-28T13:35:00Z,Defender for Cloud Apps,"{""LastFileDownload"":""2026-05-15""}",00000003-0000-0ff1-ce00-000000000000,"{""SessionId"":""sess-noise-65"",""CorrelationId"":""corr-noise-65""}","{""Score"":5}",Detection,CloudAppEvents
tenant-lab-001-a000-0000-0000-000000000001,alex.park@creditsafe.com,Regular,"{""Site"":""TeamSite"",""MembershipVerified"":true}","{""Workload"":""SharePoint"",""ListId"":""list-site-66"",""SensitivityLabel"":""Internal""}",rpt-cloud-n66,obj-sp-n66,File,/sites/HR/Shared Documents/Document66.docx,"[{""Name"":""Document66.docx"",""Type"":""File"",""Id"":""file-id-n66""}]",FilePreviewed,Mozilla/5.0 (Windows NT 10.0; Win64; x64) Chrome/124.0,Corp ISP Lab,Cardiff,GB,0,0,0,10.24.12.88,Corporate,"[""CorpNetwork""]",Windows,Desktop,0,Alex Park,oid-alex-park-3333,0,20893,Microsoft SharePoint Online,FilePreviewed,[],2026-05-28T14:42:00Z,2026-05-28T14:42:00Z,Defender for Cloud Apps,"{""LastFileDownload"":""2026-05-15""}",00000003-0000-0ff1-ce00-000000000000,"{""SessionId"":""sess-noise-66"",""CorrelationId"":""corr-noise-66""}","{""Score"":5}",Detection,CloudAppEvents
tenant-lab-001-a000-0000-0000-000000000001,priya.nair@creditsafe.com,Regular,"{""Site"":""TeamSite"",""MembershipVerified"":true}","{""Workload"":""SharePoint"",""ListId"":""list-site-67"",""SensitivityLabel"":""Internal""}",rpt-cloud-n67,obj-sp-n67,File,/sites/Finance/Shared Documents/Document67.docx,"[{""Name"":""Document67.docx"",""Type"":""File"",""Id"":""file-id-n67""}]",FilePreviewed,Mozilla/5.0 (Windows NT 10.0; Win64; x64) Chrome/124.0,Corp ISP Lab,Cardiff,GB,0,0,0,10.24.14.22,Corporate,"[""CorpNetwork""]",Windows,Desktop,0,Priya Nair,oid-priya-nair-4444,0,20893,Microsoft SharePoint Online,FilePreviewed,[],2026-05-28T15:49:00Z,2026-05-28T15:49:00Z,Defender for Cloud Apps,"{""LastFileDownload"":""2026-05-15""}",00000003-0000-0ff1-ce00-000000000000,"{""SessionId"":""sess-noise-67"",""CorrelationId"":""corr-noise-67""}","{""Score"":5}",Detection,CloudAppEvents
tenant-lab-001-a000-0000-0000-000000000001,liam.chen@creditsafe.com,Regular,"{""Site"":""TeamSite"",""MembershipVerified"":true}","{""Workload"":""SharePoint"",""ListId"":""list-site-68"",""SensitivityLabel"":""Internal""}",rpt-cloud-n68,obj-sp-n68,File,/sites/Marketing/Shared Documents/Document68.docx,"[{""Name"":""Document68.docx"",""Type"":""File"",""Id"":""file-id-n68""}]",FilePreviewed,Mozilla/5.0 (Windows NT 10.0; Win64; x64) Chrome/124.0,Corp ISP Lab,Cardiff,GB,0,0,0,10.24.15.44,Corporate,"[""CorpNetwork""]",Windows,Desktop,0,Liam Chen,oid-liam-chen-5555,0,20893,Microsoft SharePoint Online,FilePreviewed,[],2026-05-28T16:56:00Z,2026-05-28T16:56:00Z,Defender for Cloud Apps,"{""LastFileDownload"":""2026-05-15""}",00000003-0000-0ff1-ce00-000000000000,"{""SessionId"":""sess-noise-68"",""CorrelationId"":""corr-noise-68""}","{""Score"":5}",Detection,CloudAppEvents
tenant-lab-001-a000-0000-0000-000000000001,samira.holt@creditsafe.com,Regular,"{""Site"":""TeamSite"",""MembershipVerified"":true}","{""Workload"":""SharePoint"",""ListId"":""list-site-69"",""SensitivityLabel"":""Internal""}",rpt-cloud-n69,obj-sp-n69,File,/sites/IT/Shared Documents/Document69.docx,"[{""Name"":""Document69.docx"",""Type"":""File"",""Id"":""file-id-n69""}]",FilePreviewed,Mozilla/5.0 (Windows NT 10.0; Win64; x64) Chrome/124.0,Corp ISP Lab,Cardiff,GB,0,0,0,10.24.16.55,Corporate,"[""CorpNetwork""]",Windows,Desktop,0,Samira Holt,oid-samira-holt-6666,0,20893,Microsoft SharePoint Online,FilePreviewed,[],2026-05-28T17:03:00Z,2026-05-28T17:03:00Z,Defender for Cloud Apps,"{""LastFileDownload"":""2026-05-15""}",00000003-0000-0ff1-ce00-000000000000,"{""SessionId"":""sess-noise-69"",""CorrelationId"":""corr-noise-69""}","{""Score"":5}",Detection,CloudAppEvents
tenant-lab-001-a000-0000-0000-000000000001,morgan.kim@creditsafe.com,Regular,"{""Site"":""TeamSite"",""MembershipVerified"":true}","{""Workload"":""SharePoint"",""ListId"":""list-site-70"",""SensitivityLabel"":""Internal""}",rpt-cloud-n70,obj-sp-n70,File,/sites/Engineering/Shared Documents/Document70.docx,"[{""Name"":""Document70.docx"",""Type"":""File"",""Id"":""file-id-n70""}]",FilePreviewed,Mozilla/5.0 (Windows NT 10.0; Win64; x64) Chrome/124.0,Corp ISP Lab,Cardiff,GB,0,0,0,10.24.11.33,Corporate,"[""CorpNetwork""]",Windows,Desktop,0,Morgan Kim,oid-morgan-kim-2222,0,20893,Microsoft SharePoint Online,FilePreviewed,[],2026-05-28T08:10:00Z,2026-05-28T08:10:00Z,Defender for Cloud Apps,"{""LastFileDownload"":""2026-05-15""}",00000003-0000-0ff1-ce00-000000000000,"{""SessionId"":""sess-noise-70"",""CorrelationId"":""corr-noise-70""}","{""Score"":5}",Detection,CloudAppEvents
tenant-lab-001-a000-0000-0000-000000000001,alex.park@creditsafe.com,Regular,"{""Site"":""TeamSite"",""MembershipVerified"":true}","{""Workload"":""SharePoint"",""ListId"":""list-site-71"",""SensitivityLabel"":""Internal""}",rpt-cloud-n71,obj-sp-n71,File,/sites/HR/Shared Documents/Document71.docx,"[{""Name"":""Document71.docx"",""Type"":""File"",""Id"":""file-id-n71""}]",FilePreviewed,Mozilla/5.0 (Windows NT 10.0; Win64; x64) Chrome/124.0,Corp ISP Lab,Cardiff,GB,0,0,0,10.24.12.88,Corporate,"[""CorpNetwork""]",Windows,Desktop,0,Alex Park,oid-alex-park-3333,0,20893,Microsoft SharePoint Online,FilePreviewed,[],2026-05-28T09:17:00Z,2026-05-28T09:17:00Z,Defender for Cloud Apps,"{""LastFileDownload"":""2026-05-15""}",00000003-0000-0ff1-ce00-000000000000,"{""SessionId"":""sess-noise-71"",""CorrelationId"":""corr-noise-71""}","{""Score"":5}",Detection,CloudAppEvents
tenant-lab-001-a000-0000-0000-000000000001,priya.nair@creditsafe.com,Regular,"{""Site"":""TeamSite"",""MembershipVerified"":true}","{""Workload"":""SharePoint"",""ListId"":""list-site-72"",""SensitivityLabel"":""Internal""}",rpt-cloud-n72,obj-sp-n72,File,/sites/Finance/Shared Documents/Document72.docx,"[{""Name"":""Document72.docx"",""Type"":""File"",""Id"":""file-id-n72""}]",FilePreviewed,Mozilla/5.0 (Windows NT 10.0; Win64; x64) Chrome/124.0,Corp ISP Lab,Cardiff,GB,0,0,0,10.24.14.22,Corporate,"[""CorpNetwork""]",Windows,Desktop,0,Priya Nair,oid-priya-nair-4444,0,20893,Microsoft SharePoint Online,FilePreviewed,[],2026-05-28T10:24:00Z,2026-05-28T10:24:00Z,Defender for Cloud Apps,"{""LastFileDownload"":""2026-05-15""}",00000003-0000-0ff1-ce00-000000000000,"{""SessionId"":""sess-noise-72"",""CorrelationId"":""corr-noise-72""}","{""Score"":5}",Detection,CloudAppEvents
tenant-lab-001-a000-0000-0000-000000000001,liam.chen@creditsafe.com,Regular,"{""Site"":""TeamSite"",""MembershipVerified"":true}","{""Workload"":""SharePoint"",""ListId"":""list-site-73"",""SensitivityLabel"":""Internal""}",rpt-cloud-n73,obj-sp-n73,File,/sites/Marketing/Shared Documents/Document73.docx,"[{""Name"":""Document73.docx"",""Type"":""File"",""Id"":""file-id-n73""}]",FilePreviewed,Mozilla/5.0 (Windows NT 10.0; Win64; x64) Chrome/124.0,Corp ISP Lab,Cardiff,GB,0,0,0,10.24.15.44,Corporate,"[""CorpNetwork""]",Windows,Desktop,0,Liam Chen,oid-liam-chen-5555,0,20893,Microsoft SharePoint Online,FilePreviewed,[],2026-05-28T11:31:00Z,2026-05-28T11:31:00Z,Defender for Cloud Apps,"{""LastFileDownload"":""2026-05-15""}",00000003-0000-0ff1-ce00-000000000000,"{""SessionId"":""sess-noise-73"",""CorrelationId"":""corr-noise-73""}","{""Score"":5}",Detection,CloudAppEvents
tenant-lab-001-a000-0000-0000-000000000001,samira.holt@creditsafe.com,Regular,"{""Site"":""TeamSite"",""MembershipVerified"":true}","{""Workload"":""SharePoint"",""ListId"":""list-site-74"",""SensitivityLabel"":""Internal""}",rpt-cloud-n74,obj-sp-n74,File,/sites/IT/Shared Documents/Document74.docx,"[{""Name"":""Document74.docx"",""Type"":""File"",""Id"":""file-id-n74""}]",FilePreviewed,Mozilla/5.0 (Windows NT 10.0; Win64; x64) Chrome/124.0,Corp ISP Lab,Cardiff,GB,0,0,0,10.24.16.55,Corporate,"[""CorpNetwork""]",Windows,Desktop,0,Samira Holt,oid-samira-holt-6666,0,20893,Microsoft SharePoint Online,FilePreviewed,[],2026-05-28T12:38:00Z,2026-05-28T12:38:00Z,Defender for Cloud Apps,"{""LastFileDownload"":""2026-05-15""}",00000003-0000-0ff1-ce00-000000000000,"{""SessionId"":""sess-noise-74"",""CorrelationId"":""corr-noise-74""}","{""Score"":5}",Detection,CloudAppEvents
tenant-lab-001-a000-0000-0000-000000000001,morgan.kim@creditsafe.com,Regular,"{""Site"":""TeamSite"",""MembershipVerified"":true}","{""Workload"":""SharePoint"",""ListId"":""list-site-75"",""SensitivityLabel"":""Internal""}",rpt-cloud-n75,obj-sp-n75,File,/sites/Engineering/Shared Documents/Document75.docx,"[{""Name"":""Document75.docx"",""Type"":""File"",""Id"":""file-id-n75""}]",FilePreviewed,Mozilla/5.0 (Windows NT 10.0; Win64; x64) Chrome/124.0,Corp ISP Lab,Cardiff,GB,0,0,0,10.24.11.33,Corporate,"[""CorpNetwork""]",Windows,Desktop,0,Morgan Kim,oid-morgan-kim-2222,0,20893,Microsoft SharePoint Online,FilePreviewed,[],2026-05-28T13:45:00Z,2026-05-28T13:45:00Z,Defender for Cloud Apps,"{""LastFileDownload"":""2026-05-15""}",00000003-0000-0ff1-ce00-000000000000,"{""SessionId"":""sess-noise-75"",""CorrelationId"":""corr-noise-75""}","{""Score"":5}",Detection,CloudAppEvents
tenant-lab-001-a000-0000-0000-000000000001,alex.park@creditsafe.com,Regular,"{""Site"":""TeamSite"",""MembershipVerified"":true}","{""Workload"":""SharePoint"",""ListId"":""list-site-76"",""SensitivityLabel"":""Internal""}",rpt-cloud-n76,obj-sp-n76,File,/sites/HR/Shared Documents/Document76.docx,"[{""Name"":""Document76.docx"",""Type"":""File"",""Id"":""file-id-n76""}]",FilePreviewed,Mozilla/5.0 (Windows NT 10.0; Win64; x64) Chrome/124.0,Corp ISP Lab,Cardiff,GB,0,0,0,10.24.12.88,Corporate,"[""CorpNetwork""]",Windows,Desktop,0,Alex Park,oid-alex-park-3333,0,20893,Microsoft SharePoint Online,FilePreviewed,[],2026-05-28T14:52:00Z,2026-05-28T14:52:00Z,Defender for Cloud Apps,"{""LastFileDownload"":""2026-05-15""}",00000003-0000-0ff1-ce00-000000000000,"{""SessionId"":""sess-noise-76"",""CorrelationId"":""corr-noise-76""}","{""Score"":5}",Detection,CloudAppEvents
tenant-lab-001-a000-0000-0000-000000000001,priya.nair@creditsafe.com,Regular,"{""Site"":""TeamSite"",""MembershipVerified"":true}","{""Workload"":""SharePoint"",""ListId"":""list-site-77"",""SensitivityLabel"":""Internal""}",rpt-cloud-n77,obj-sp-n77,File,/sites/Finance/Shared Documents/Document77.docx,"[{""Name"":""Document77.docx"",""Type"":""File"",""Id"":""file-id-n77""}]",FilePreviewed,Mozilla/5.0 (Windows NT 10.0; Win64; x64) Chrome/124.0,Corp ISP Lab,Cardiff,GB,0,0,0,10.24.14.22,Corporate,"[""CorpNetwork""]",Windows,Desktop,0,Priya Nair,oid-priya-nair-4444,0,20893,Microsoft SharePoint Online,FilePreviewed,[],2026-05-28T15:59:00Z,2026-05-28T15:59:00Z,Defender for Cloud Apps,"{""LastFileDownload"":""2026-05-15""}",00000003-0000-0ff1-ce00-000000000000,"{""SessionId"":""sess-noise-77"",""CorrelationId"":""corr-noise-77""}","{""Score"":5}",Detection,CloudAppEvents
tenant-lab-001-a000-0000-0000-000000000001,liam.chen@creditsafe.com,Regular,"{""Site"":""TeamSite"",""MembershipVerified"":true}","{""Workload"":""SharePoint"",""ListId"":""list-site-78"",""SensitivityLabel"":""Internal""}",rpt-cloud-n78,obj-sp-n78,File,/sites/Marketing/Shared Documents/Document78.docx,"[{""Name"":""Document78.docx"",""Type"":""File"",""Id"":""file-id-n78""}]",FilePreviewed,Mozilla/5.0 (Windows NT 10.0; Win64; x64) Chrome/124.0,Corp ISP Lab,Cardiff,GB,0,0,0,10.24.15.44,Corporate,"[""CorpNetwork""]",Windows,Desktop,0,Liam Chen,oid-liam-chen-5555,0,20893,Microsoft SharePoint Online,FilePreviewed,[],2026-05-28T16:06:00Z,2026-05-28T16:06:00Z,Defender for Cloud Apps,"{""LastFileDownload"":""2026-05-15""}",00000003-0000-0ff1-ce00-000000000000,"{""SessionId"":""sess-noise-78"",""CorrelationId"":""corr-noise-78""}","{""Score"":5}",Detection,CloudAppEvents
tenant-lab-001-a000-0000-0000-000000000001,samira.holt@creditsafe.com,Regular,"{""Site"":""TeamSite"",""MembershipVerified"":true}","{""Workload"":""SharePoint"",""ListId"":""list-site-79"",""SensitivityLabel"":""Internal""}",rpt-cloud-n79,obj-sp-n79,File,/sites/IT/Shared Documents/Document79.docx,"[{""Name"":""Document79.docx"",""Type"":""File"",""Id"":""file-id-n79""}]",FilePreviewed,Mozilla/5.0 (Windows NT 10.0; Win64; x64) Chrome/124.0,Corp ISP Lab,Cardiff,GB,0,0,0,10.24.16.55,Corporate,"[""CorpNetwork""]",Windows,Desktop,0,Samira Holt,oid-samira-holt-6666,0,20893,Microsoft SharePoint Online,FilePreviewed,[],2026-05-28T17:13:00Z,2026-05-28T17:13:00Z,Defender for Cloud Apps,"{""LastFileDownload"":""2026-05-15""}",00000003-0000-0ff1-ce00-000000000000,"{""SessionId"":""sess-noise-79"",""CorrelationId"":""corr-noise-79""}","{""Score"":5}",Detection,CloudAppEvents
tenant-lab-001-a000-0000-0000-000000000001,morgan.kim@creditsafe.com,Regular,"{""Site"":""TeamSite"",""MembershipVerified"":true}","{""Workload"":""SharePoint"",""ListId"":""list-site-80"",""SensitivityLabel"":""Internal""}",rpt-cloud-n80,obj-sp-n80,File,/sites/Engineering/Shared Documents/Document80.docx,"[{""Name"":""Document80.docx"",""Type"":""File"",""Id"":""file-id-n80""}]",FilePreviewed,Mozilla/5.0 (Windows NT 10.0; Win64; x64) Chrome/124.0,Corp ISP Lab,Cardiff,GB,0,0,0,10.24.11.33,Corporate,"[""CorpNetwork""]",Windows,Desktop,0,Morgan Kim,oid-morgan-kim-2222,0,20893,Microsoft SharePoint Online,FilePreviewed,[],2026-05-28T08:20:00Z,2026-05-28T08:20:00Z,Defender for Cloud Apps,"{""LastFileDownload"":""2026-05-15""}",00000003-0000-0ff1-ce00-000000000000,"{""SessionId"":""sess-noise-80"",""CorrelationId"":""corr-noise-80""}","{""Score"":5}",Detection,CloudAppEvents
tenant-lab-001-a000-0000-0000-000000000001,alex.park@creditsafe.com,Regular,"{""Site"":""TeamSite"",""MembershipVerified"":true}","{""Workload"":""SharePoint"",""ListId"":""list-site-81"",""SensitivityLabel"":""Internal""}",rpt-cloud-n81,obj-sp-n81,File,/sites/HR/Shared Documents/Document81.docx,"[{""Name"":""Document81.docx"",""Type"":""File"",""Id"":""file-id-n81""}]",FilePreviewed,Mozilla/5.0 (Windows NT 10.0; Win64; x64) Chrome/124.0,Corp ISP Lab,Cardiff,GB,0,0,0,10.24.12.88,Corporate,"[""CorpNetwork""]",Windows,Desktop,0,Alex Park,oid-alex-park-3333,0,20893,Microsoft SharePoint Online,FilePreviewed,[],2026-05-28T09:27:00Z,2026-05-28T09:27:00Z,Defender for Cloud Apps,"{""LastFileDownload"":""2026-05-15""}",00000003-0000-0ff1-ce00-000000000000,"{""SessionId"":""sess-noise-81"",""CorrelationId"":""corr-noise-81""}","{""Score"":5}",Detection,CloudAppEvents
tenant-lab-001-a000-0000-0000-000000000001,priya.nair@creditsafe.com,Regular,"{""Site"":""TeamSite"",""MembershipVerified"":true}","{""Workload"":""SharePoint"",""ListId"":""list-site-82"",""SensitivityLabel"":""Internal""}",rpt-cloud-n82,obj-sp-n82,File,/sites/Finance/Shared Documents/Document82.docx,"[{""Name"":""Document82.docx"",""Type"":""File"",""Id"":""file-id-n82""}]",FilePreviewed,Mozilla/5.0 (Windows NT 10.0; Win64; x64) Chrome/124.0,Corp ISP Lab,Cardiff,GB,0,0,0,10.24.14.22,Corporate,"[""CorpNetwork""]",Windows,Desktop,0,Priya Nair,oid-priya-nair-4444,0,20893,Microsoft SharePoint Online,FilePreviewed,[],2026-05-28T10:34:00Z,2026-05-28T10:34:00Z,Defender for Cloud Apps,"{""LastFileDownload"":""2026-05-15""}",00000003-0000-0ff1-ce00-000000000000,"{""SessionId"":""sess-noise-82"",""CorrelationId"":""corr-noise-82""}","{""Score"":5}",Detection,CloudAppEvents
tenant-lab-001-a000-0000-0000-000000000001,liam.chen@creditsafe.com,Regular,"{""Site"":""TeamSite"",""MembershipVerified"":true}","{""Workload"":""SharePoint"",""ListId"":""list-site-83"",""SensitivityLabel"":""Internal""}",rpt-cloud-n83,obj-sp-n83,File,/sites/Marketing/Shared Documents/Document83.docx,"[{""Name"":""Document83.docx"",""Type"":""File"",""Id"":""file-id-n83""}]",FilePreviewed,Mozilla/5.0 (Windows NT 10.0; Win64; x64) Chrome/124.0,Corp ISP Lab,Cardiff,GB,0,0,0,10.24.15.44,Corporate,"[""CorpNetwork""]",Windows,Desktop,0,Liam Chen,oid-liam-chen-5555,0,20893,Microsoft SharePoint Online,FilePreviewed,[],2026-05-28T11:41:00Z,2026-05-28T11:41:00Z,Defender for Cloud Apps,"{""LastFileDownload"":""2026-05-15""}",00000003-0000-0ff1-ce00-000000000000,"{""SessionId"":""sess-noise-83"",""CorrelationId"":""corr-noise-83""}","{""Score"":5}",Detection,CloudAppEvents
tenant-lab-001-a000-0000-0000-000000000001,samira.holt@creditsafe.com,Regular,"{""Site"":""TeamSite"",""MembershipVerified"":true}","{""Workload"":""SharePoint"",""ListId"":""list-site-84"",""SensitivityLabel"":""Internal""}",rpt-cloud-n84,obj-sp-n84,File,/sites/IT/Shared Documents/Document84.docx,"[{""Name"":""Document84.docx"",""Type"":""File"",""Id"":""file-id-n84""}]",FilePreviewed,Mozilla/5.0 (Windows NT 10.0; Win64; x64) Chrome/124.0,Corp ISP Lab,Cardiff,GB,0,0,0,10.24.16.55,Corporate,"[""CorpNetwork""]",Windows,Desktop,0,Samira Holt,oid-samira-holt-6666,0,20893,Microsoft SharePoint Online,FilePreviewed,[],2026-05-28T12:48:00Z,2026-05-28T12:48:00Z,Defender for Cloud Apps,"{""LastFileDownload"":""2026-05-15""}",00000003-0000-0ff1-ce00-000000000000,"{""SessionId"":""sess-noise-84"",""CorrelationId"":""corr-noise-84""}","{""Score"":5}",Detection,CloudAppEvents
tenant-lab-001-a000-0000-0000-000000000001,morgan.kim@creditsafe.com,Regular,"{""Site"":""TeamSite"",""MembershipVerified"":true}","{""Workload"":""SharePoint"",""ListId"":""list-site-85"",""SensitivityLabel"":""Internal""}",rpt-cloud-n85,obj-sp-n85,File,/sites/Engineering/Shared Documents/Document85.docx,"[{""Name"":""Document85.docx"",""Type"":""File"",""Id"":""file-id-n85""}]",FilePreviewed,Mozilla/5.0 (Windows NT 10.0; Win64; x64) Chrome/124.0,Corp ISP Lab,Cardiff,GB,0,0,0,10.24.11.33,Corporate,"[""CorpNetwork""]",Windows,Desktop,0,Morgan Kim,oid-morgan-kim-2222,0,20893,Microsoft SharePoint Online,FilePreviewed,[],2026-05-28T13:55:00Z,2026-05-28T13:55:00Z,Defender for Cloud Apps,"{""LastFileDownload"":""2026-05-15""}",00000003-0000-0ff1-ce00-000000000000,"{""SessionId"":""sess-noise-85"",""CorrelationId"":""corr-noise-85""}","{""Score"":5}",Detection,CloudAppEvents
tenant-lab-001-a000-0000-0000-000000000001,alex.park@creditsafe.com,Regular,"{""Site"":""TeamSite"",""MembershipVerified"":true}","{""Workload"":""SharePoint"",""ListId"":""list-site-86"",""SensitivityLabel"":""Internal""}",rpt-cloud-n86,obj-sp-n86,File,/sites/HR/Shared Documents/Document86.docx,"[{""Name"":""Document86.docx"",""Type"":""File"",""Id"":""file-id-n86""}]",FilePreviewed,Mozilla/5.0 (Windows NT 10.0; Win64; x64) Chrome/124.0,Corp ISP Lab,Cardiff,GB,0,0,0,10.24.12.88,Corporate,"[""CorpNetwork""]",Windows,Desktop,0,Alex Park,oid-alex-park-3333,0,20893,Microsoft SharePoint Online,FilePreviewed,[],2026-05-28T14:02:00Z,2026-05-28T14:02:00Z,Defender for Cloud Apps,"{""LastFileDownload"":""2026-05-15""}",00000003-0000-0ff1-ce00-000000000000,"{""SessionId"":""sess-noise-86"",""CorrelationId"":""corr-noise-86""}","{""Score"":5}",Detection,CloudAppEvents
tenant-lab-001-a000-0000-0000-000000000001,priya.nair@creditsafe.com,Regular,"{""Site"":""TeamSite"",""MembershipVerified"":true}","{""Workload"":""SharePoint"",""ListId"":""list-site-87"",""SensitivityLabel"":""Internal""}",rpt-cloud-n87,obj-sp-n87,File,/sites/Finance/Shared Documents/Document87.docx,"[{""Name"":""Document87.docx"",""Type"":""File"",""Id"":""file-id-n87""}]",FilePreviewed,Mozilla/5.0 (Windows NT 10.0; Win64; x64) Chrome/124.0,Corp ISP Lab,Cardiff,GB,0,0,0,10.24.14.22,Corporate,"[""CorpNetwork""]",Windows,Desktop,0,Priya Nair,oid-priya-nair-4444,0,20893,Microsoft SharePoint Online,FilePreviewed,[],2026-05-28T15:09:00Z,2026-05-28T15:09:00Z,Defender for Cloud Apps,"{""LastFileDownload"":""2026-05-15""}",00000003-0000-0ff1-ce00-000000000000,"{""SessionId"":""sess-noise-87"",""CorrelationId"":""corr-noise-87""}","{""Score"":5}",Detection,CloudAppEvents
tenant-lab-001-a000-0000-0000-000000000001,liam.chen@creditsafe.com,Regular,"{""Site"":""TeamSite"",""MembershipVerified"":true}","{""Workload"":""SharePoint"",""ListId"":""list-site-88"",""SensitivityLabel"":""Internal""}",rpt-cloud-n88,obj-sp-n88,File,/sites/Marketing/Shared Documents/Document88.docx,"[{""Name"":""Document88.docx"",""Type"":""File"",""Id"":""file-id-n88""}]",FilePreviewed,Mozilla/5.0 (Windows NT 10.0; Win64; x64) Chrome/124.0,Corp ISP Lab,Cardiff,GB,0,0,0,10.24.15.44,Corporate,"[""CorpNetwork""]",Windows,Desktop,0,Liam Chen,oid-liam-chen-5555,0,20893,Microsoft SharePoint Online,FilePreviewed,[],2026-05-28T16:16:00Z,2026-05-28T16:16:00Z,Defender for Cloud Apps,"{""LastFileDownload"":""2026-05-15""}",00000003-0000-0ff1-ce00-000000000000,"{""SessionId"":""sess-noise-88"",""CorrelationId"":""corr-noise-88""}","{""Score"":5}",Detection,CloudAppEvents
tenant-lab-001-a000-0000-0000-000000000001,samira.holt@creditsafe.com,Regular,"{""Site"":""TeamSite"",""MembershipVerified"":true}","{""Workload"":""SharePoint"",""ListId"":""list-site-89"",""SensitivityLabel"":""Internal""}",rpt-cloud-n89,obj-sp-n89,File,/sites/IT/Shared Documents/Document89.docx,"[{""Name"":""Document89.docx"",""Type"":""File"",""Id"":""file-id-n89""}]",FilePreviewed,Mozilla/5.0 (Windows NT 10.0; Win64; x64) Chrome/124.0,Corp ISP Lab,Cardiff,GB,0,0,0,10.24.16.55,Corporate,"[""CorpNetwork""]",Windows,Desktop,0,Samira Holt,oid-samira-holt-6666,0,20893,Microsoft SharePoint Online,FilePreviewed,[],2026-05-28T17:23:00Z,2026-05-28T17:23:00Z,Defender for Cloud Apps,"{""LastFileDownload"":""2026-05-15""}",00000003-0000-0ff1-ce00-000000000000,"{""SessionId"":""sess-noise-89"",""CorrelationId"":""corr-noise-89""}","{""Score"":5}",Detection,CloudAppEvents
tenant-lab-001-a000-0000-0000-000000000001,morgan.kim@creditsafe.com,Regular,"{""Site"":""TeamSite"",""MembershipVerified"":true}","{""Workload"":""SharePoint"",""ListId"":""list-site-90"",""SensitivityLabel"":""Internal""}",rpt-cloud-n90,obj-sp-n90,File,/sites/Engineering/Shared Documents/Document90.docx,"[{""Name"":""Document90.docx"",""Type"":""File"",""Id"":""file-id-n90""}]",FilePreviewed,Mozilla/5.0 (Windows NT 10.0; Win64; x64) Chrome/124.0,Corp ISP Lab,Cardiff,GB,0,0,0,10.24.11.33,Corporate,"[""CorpNetwork""]",Windows,Desktop,0,Morgan Kim,oid-morgan-kim-2222,0,20893,Microsoft SharePoint Online,FilePreviewed,[],2026-05-28T08:30:00Z,2026-05-28T08:30:00Z,Defender for Cloud Apps,"{""LastFileDownload"":""2026-05-15""}",00000003-0000-0ff1-ce00-000000000000,"{""SessionId"":""sess-noise-90"",""CorrelationId"":""corr-noise-90""}","{""Score"":5}",Detection,CloudAppEvents
tenant-lab-001-a000-0000-0000-000000000001,alex.park@creditsafe.com,Regular,"{""Site"":""TeamSite"",""MembershipVerified"":true}","{""Workload"":""SharePoint"",""ListId"":""list-site-91"",""SensitivityLabel"":""Internal""}",rpt-cloud-n91,obj-sp-n91,File,/sites/HR/Shared Documents/Document91.docx,"[{""Name"":""Document91.docx"",""Type"":""File"",""Id"":""file-id-n91""}]",FilePreviewed,Mozilla/5.0 (Windows NT 10.0; Win64; x64) Chrome/124.0,Corp ISP Lab,Cardiff,GB,0,0,0,10.24.12.88,Corporate,"[""CorpNetwork""]",Windows,Desktop,0,Alex Park,oid-alex-park-3333,0,20893,Microsoft SharePoint Online,FilePreviewed,[],2026-05-28T09:37:00Z,2026-05-28T09:37:00Z,Defender for Cloud Apps,"{""LastFileDownload"":""2026-05-15""}",00000003-0000-0ff1-ce00-000000000000,"{""SessionId"":""sess-noise-91"",""CorrelationId"":""corr-noise-91""}","{""Score"":5}",Detection,CloudAppEvents
tenant-lab-001-a000-0000-0000-000000000001,priya.nair@creditsafe.com,Regular,"{""Site"":""TeamSite"",""MembershipVerified"":true}","{""Workload"":""SharePoint"",""ListId"":""list-site-92"",""SensitivityLabel"":""Internal""}",rpt-cloud-n92,obj-sp-n92,File,/sites/Finance/Shared Documents/Document92.docx,"[{""Name"":""Document92.docx"",""Type"":""File"",""Id"":""file-id-n92""}]",FilePreviewed,Mozilla/5.0 (Windows NT 10.0; Win64; x64) Chrome/124.0,Corp ISP Lab,Cardiff,GB,0,0,0,10.24.14.22,Corporate,"[""CorpNetwork""]",Windows,Desktop,0,Priya Nair,oid-priya-nair-4444,0,20893,Microsoft SharePoint Online,FilePreviewed,[],2026-05-28T10:44:00Z,2026-05-28T10:44:00Z,Defender for Cloud Apps,"{""LastFileDownload"":""2026-05-15""}",00000003-0000-0ff1-ce00-000000000000,"{""SessionId"":""sess-noise-92"",""CorrelationId"":""corr-noise-92""}","{""Score"":5}",Detection,CloudAppEvents
tenant-lab-001-a000-0000-0000-000000000001,liam.chen@creditsafe.com,Regular,"{""Site"":""TeamSite"",""MembershipVerified"":true}","{""Workload"":""SharePoint"",""ListId"":""list-site-93"",""SensitivityLabel"":""Internal""}",rpt-cloud-n93,obj-sp-n93,File,/sites/Marketing/Shared Documents/Document93.docx,"[{""Name"":""Document93.docx"",""Type"":""File"",""Id"":""file-id-n93""}]",FilePreviewed,Mozilla/5.0 (Windows NT 10.0; Win64; x64) Chrome/124.0,Corp ISP Lab,Cardiff,GB,0,0,0,10.24.15.44,Corporate,"[""CorpNetwork""]",Windows,Desktop,0,Liam Chen,oid-liam-chen-5555,0,20893,Microsoft SharePoint Online,FilePreviewed,[],2026-05-28T11:51:00Z,2026-05-28T11:51:00Z,Defender for Cloud Apps,"{""LastFileDownload"":""2026-05-15""}",00000003-0000-0ff1-ce00-000000000000,"{""SessionId"":""sess-noise-93"",""CorrelationId"":""corr-noise-93""}","{""Score"":5}",Detection,CloudAppEvents
tenant-lab-001-a000-0000-0000-000000000001,samira.holt@creditsafe.com,Regular,"{""Site"":""TeamSite"",""MembershipVerified"":true}","{""Workload"":""SharePoint"",""ListId"":""list-site-94"",""SensitivityLabel"":""Internal""}",rpt-cloud-n94,obj-sp-n94,File,/sites/IT/Shared Documents/Document94.docx,"[{""Name"":""Document94.docx"",""Type"":""File"",""Id"":""file-id-n94""}]",FilePreviewed,Mozilla/5.0 (Windows NT 10.0; Win64; x64) Chrome/124.0,Corp ISP Lab,Cardiff,GB,0,0,0,10.24.16.55,Corporate,"[""CorpNetwork""]",Windows,Desktop,0,Samira Holt,oid-samira-holt-6666,0,20893,Microsoft SharePoint Online,FilePreviewed,[],2026-05-28T12:58:00Z,2026-05-28T12:58:00Z,Defender for Cloud Apps,"{""LastFileDownload"":""2026-05-15""}",00000003-0000-0ff1-ce00-000000000000,"{""SessionId"":""sess-noise-94"",""CorrelationId"":""corr-noise-94""}","{""Score"":5}",Detection,CloudAppEvents
tenant-lab-001-a000-0000-0000-000000000001,morgan.kim@creditsafe.com,Regular,"{""Site"":""TeamSite"",""MembershipVerified"":true}","{""Workload"":""SharePoint"",""ListId"":""list-site-95"",""SensitivityLabel"":""Internal""}",rpt-cloud-n95,obj-sp-n95,File,/sites/Engineering/Shared Documents/Document95.docx,"[{""Name"":""Document95.docx"",""Type"":""File"",""Id"":""file-id-n95""}]",FilePreviewed,Mozilla/5.0 (Windows NT 10.0; Win64; x64) Chrome/124.0,Corp ISP Lab,Cardiff,GB,0,0,0,10.24.11.33,Corporate,"[""CorpNetwork""]",Windows,Desktop,0,Morgan Kim,oid-morgan-kim-2222,0,20893,Microsoft SharePoint Online,FilePreviewed,[],2026-05-28T13:05:00Z,2026-05-28T13:05:00Z,Defender for Cloud Apps,"{""LastFileDownload"":""2026-05-15""}",00000003-0000-0ff1-ce00-000000000000,"{""SessionId"":""sess-noise-95"",""CorrelationId"":""corr-noise-95""}","{""Score"":5}",Detection,CloudAppEvents
tenant-lab-001-a000-0000-0000-000000000001,alex.park@creditsafe.com,Regular,"{""Site"":""TeamSite"",""MembershipVerified"":true}","{""Workload"":""SharePoint"",""ListId"":""list-site-96"",""SensitivityLabel"":""Internal""}",rpt-cloud-n96,obj-sp-n96,File,/sites/HR/Shared Documents/Document96.docx,"[{""Name"":""Document96.docx"",""Type"":""File"",""Id"":""file-id-n96""}]",FilePreviewed,Mozilla/5.0 (Windows NT 10.0; Win64; x64) Chrome/124.0,Corp ISP Lab,Cardiff,GB,0,0,0,10.24.12.88,Corporate,"[""CorpNetwork""]",Windows,Desktop,0,Alex Park,oid-alex-park-3333,0,20893,Microsoft SharePoint Online,FilePreviewed,[],2026-05-28T14:12:00Z,2026-05-28T14:12:00Z,Defender for Cloud Apps,"{""LastFileDownload"":""2026-05-15""}",00000003-0000-0ff1-ce00-000000000000,"{""SessionId"":""sess-noise-96"",""CorrelationId"":""corr-noise-96""}","{""Score"":5}",Detection,CloudAppEvents
tenant-lab-001-a000-0000-0000-000000000001,priya.nair@creditsafe.com,Regular,"{""Site"":""TeamSite"",""MembershipVerified"":true}","{""Workload"":""SharePoint"",""ListId"":""list-site-97"",""SensitivityLabel"":""Internal""}",rpt-cloud-n97,obj-sp-n97,File,/sites/Finance/Shared Documents/Document97.docx,"[{""Name"":""Document97.docx"",""Type"":""File"",""Id"":""file-id-n97""}]",FilePreviewed,Mozilla/5.0 (Windows NT 10.0; Win64; x64) Chrome/124.0,Corp ISP Lab,Cardiff,GB,0,0,0,10.24.14.22,Corporate,"[""CorpNetwork""]",Windows,Desktop,0,Priya Nair,oid-priya-nair-4444,0,20893,Microsoft SharePoint Online,FilePreviewed,[],2026-05-28T15:19:00Z,2026-05-28T15:19:00Z,Defender for Cloud Apps,"{""LastFileDownload"":""2026-05-15""}",00000003-0000-0ff1-ce00-000000000000,"{""SessionId"":""sess-noise-97"",""CorrelationId"":""corr-noise-97""}","{""Score"":5}",Detection,CloudAppEvents
tenant-lab-001-a000-0000-0000-000000000001,liam.chen@creditsafe.com,Regular,"{""Site"":""TeamSite"",""MembershipVerified"":true}","{""Workload"":""SharePoint"",""ListId"":""list-site-98"",""SensitivityLabel"":""Internal""}",rpt-cloud-n98,obj-sp-n98,File,/sites/Marketing/Shared Documents/Document98.docx,"[{""Name"":""Document98.docx"",""Type"":""File"",""Id"":""file-id-n98""}]",FilePreviewed,Mozilla/5.0 (Windows NT 10.0; Win64; x64) Chrome/124.0,Corp ISP Lab,Cardiff,GB,0,0,0,10.24.15.44,Corporate,"[""CorpNetwork""]",Windows,Desktop,0,Liam Chen,oid-liam-chen-5555,0,20893,Microsoft SharePoint Online,FilePreviewed,[],2026-05-28T16:26:00Z,2026-05-28T16:26:00Z,Defender for Cloud Apps,"{""LastFileDownload"":""2026-05-15""}",00000003-0000-0ff1-ce00-000000000000,"{""SessionId"":""sess-noise-98"",""CorrelationId"":""corr-noise-98""}","{""Score"":5}",Detection,CloudAppEvents
tenant-lab-001-a000-0000-0000-000000000001,samira.holt@creditsafe.com,Regular,"{""Site"":""TeamSite"",""MembershipVerified"":true}","{""Workload"":""SharePoint"",""ListId"":""list-site-99"",""SensitivityLabel"":""Internal""}",rpt-cloud-n99,obj-sp-n99,File,/sites/IT/Shared Documents/Document99.docx,"[{""Name"":""Document99.docx"",""Type"":""File"",""Id"":""file-id-n99""}]",FilePreviewed,Mozilla/5.0 (Windows NT 10.0; Win64; x64) Chrome/124.0,Corp ISP Lab,Cardiff,GB,0,0,0,10.24.16.55,Corporate,"[""CorpNetwork""]",Windows,Desktop,0,Samira Holt,oid-samira-holt-6666,0,20893,Microsoft SharePoint Online,FilePreviewed,[],2026-05-28T17:33:00Z,2026-05-28T17:33:00Z,Defender for Cloud Apps,"{""LastFileDownload"":""2026-05-15""}",00000003-0000-0ff1-ce00-000000000000,"{""SessionId"":""sess-noise-99"",""CorrelationId"":""corr-noise-99""}","{""Score"":5}",Detection,CloudAppEvents
