TenantId,ActionType,AdditionalFields,AppGuardContainerId,DeviceId,DeviceName,FileName,FileOriginIP,FileOriginReferrerUrl,FileOriginUrl,FileSize,FolderPath,InitiatingProcessAccountDomain,InitiatingProcessAccountName,InitiatingProcessAccountObjectId,InitiatingProcessAccountSid,InitiatingProcessAccountUpn,InitiatingProcessCommandLine,InitiatingProcessFileName,InitiatingProcessFolderPath,InitiatingProcessId,InitiatingProcessIntegrityLevel,InitiatingProcessMD5,InitiatingProcessParentFileName,InitiatingProcessParentId,InitiatingProcessSHA1,InitiatingProcessSHA256,InitiatingProcessTokenElevation,IsAzureInfoProtectionApplied,MD5,MachineGroup,PreviousFileName,PreviousFolderPath,ReportId,RequestAccountDomain,RequestAccountName,RequestAccountSid,RequestProtocol,RequestSourceIP,RequestSourcePort,SHA1,SHA256,SensitivityLabel,SensitivitySubLabel,ShareName,Timestamp,TimeGenerated,InitiatingProcessParentCreationTime,InitiatingProcessCreationTime,Type
tenant-lab-001-a000-0000-0000-000000000001,FileCreated,"{""FileOriginUrl"":""https://pkg-cache-lab.invalid/v2/registry/@labdev/telemetry-helper/-/telemetry-helper-2.1.4.tgz""}",,dev-01982-a1b2-c3d4-e5f6-7890abcd0198,CS-DEV-01982,postinstall.js,198.51.100.22,,https://pkg-cache-lab.invalid/v2/registry/@labdev/telemetry-helper/-/telemetry-helper-2.1.4.tgz,4288,C:\Users\jordan.velez\Projects\analytics-portal\node_modules\@labdev\telemetry-helper\scripts,creditsafe.com,jordan.velez,8f3a2b1c-4d5e-6a7b-8c9d-0e1f2a3b4c5d,S-1-5-21-1000000000-2000000000-3000000000-104421,jordan.velez@creditsafe.com,node.exe file operation,node.exe,C:\Windows\System32,4300,High,,explorer.exe,4200,7a3f9c2e1b8d4f6a0c5e9d3b7a2f1c8e4d6b9a0,a7f3c91e2b8d4f6a0c1e5d9b3a7f2c8e1d4b6a9f0c3e7d2b5a8f1c4e9d6b3a7f2,None,0,,Engineering-Developers,,,8829100000600,,,,,,,7a3f9c2e1b8d4f6a0c5e9d3b7a2f1c8e4d6b9a0,a7f3c91e2b8d4f6a0c1e5d9b3a7f2c8e1d4b6a9f0c3e7d2b5a8f1c4e9d6b3a7f2,,,,2026-05-28T09:10:55Z,2026-05-28T09:10:55Z,2026-05-28T09:10:55Z,2026-05-28T09:10:55Z,DeviceFileEvents
tenant-lab-001-a000-0000-0000-000000000001,FileCreated,,,dev-01982-a1b2-c3d4-e5f6-7890abcd0198,CS-DEV-01982,collect.ps1,,,,1520,C:\Users\jordan.velez\AppData\Local\Temp\stage,creditsafe.com,jordan.velez,8f3a2b1c-4d5e-6a7b-8c9d-0e1f2a3b4c5d,S-1-5-21-1000000000-2000000000-3000000000-104421,jordan.velez@creditsafe.com,powershell.exe file operation,powershell.exe,C:\Windows\System32,4301,High,,explorer.exe,4200,4e9d6b3a7f2c8e1d5b9a0f3c7e2d8b5a1f6c4e9,c4e9d6b3a7f2c8e1d5b9a0f3c7e2d8b5a1f6c4e9d3b7a2f8c1e5d9b6a3f7c2e8,None,0,,Engineering-Developers,,,8829100000601,,,,,,,4e9d6b3a7f2c8e1d5b9a0f3c7e2d8b5a1f6c4e9,c4e9d6b3a7f2c8e1d5b9a0f3c7e2d8b5a1f6c4e9d3b7a2f8c1e5d9b6a3f7c2e8,,,,2026-05-28T09:13:05Z,2026-05-28T09:13:05Z,2026-05-28T09:13:05Z,2026-05-28T09:13:05Z,DeviceFileEvents
tenant-lab-001-a000-0000-0000-000000000001,FileCreated,,,dev-01982-a1b2-c3d4-e5f6-7890abcd0198,CS-DEV-01982,bundle.zip,,,,18432,C:\Users\jordan.velez\AppData\Local\Temp\stage,creditsafe.com,jordan.velez,8f3a2b1c-4d5e-6a7b-8c9d-0e1f2a3b4c5d,S-1-5-21-1000000000-2000000000-3000000000-104421,jordan.velez@creditsafe.com,tar.exe file operation,tar.exe,C:\Windows\System32,4302,High,,explorer.exe,4200,4f2a8c1e9d0b7a3c5e6f1d8b2a9c0e7f4d6b8a,f1c4e9d6b3a7f2c8e5d9b0a3f7c2e8d1b5a9f0c3e7d2b6a8f1c4e9d5b3a7f2c8,None,0,,Engineering-Developers,,,8829100000602,,,,,,,4f2a8c1e9d0b7a3c5e6f1d8b2a9c0e7f4d6b8a,f1c4e9d6b3a7f2c8e5d9b0a3f7c2e8d1b5a9f0c3e7d2b6a8f1c4e9d5b3a7f2c8,,,,2026-05-28T09:15:25Z,2026-05-28T09:15:25Z,2026-05-28T09:15:25Z,2026-05-28T09:15:25Z,DeviceFileEvents
tenant-lab-001-a000-0000-0000-000000000001,FileRenamed,,,dev-01982-a1b2-c3d4-e5f6-7890abcd0198,CS-DEV-01982,bundle.zip,,,,18432,C:\Users\jordan.velez\AppData\Local\Temp\stage,creditsafe.com,jordan.velez,8f3a2b1c-4d5e-6a7b-8c9d-0e1f2a3b4c5d,S-1-5-21-1000000000-2000000000-3000000000-104421,jordan.velez@creditsafe.com,tar.exe file operation,tar.exe,C:\Windows\System32,4303,High,,explorer.exe,4200,4f2a8c1e9d0b7a3c5e6f1d8b2a9c0e7f4d6b8a,f1c4e9d6b3a7f2c8e5d9b0a3f7c2e8d1b5a9f0c3e7d2b6a8f1c4e9d5b3a7f2c8,None,0,,Engineering-Developers,workspace-export.tmp,C:\Users\jordan.velez\AppData\Local\Temp\stage,8829100000603,,,,,,,4f2a8c1e9d0b7a3c5e6f1d8b2a9c0e7f4d6b8a,f1c4e9d6b3a7f2c8e5d9b0a3f7c2e8d1b5a9f0c3e7d2b6a8f1c4e9d5b3a7f2c8,,,,2026-05-28T09:15:28Z,2026-05-28T09:15:28Z,2026-05-28T09:15:28Z,2026-05-28T09:15:28Z,DeviceFileEvents
tenant-lab-001-a000-0000-0000-000000000001,FileDeleted,,,dev-01982-a1b2-c3d4-e5f6-7890abcd0198,CS-DEV-01982,collect.ps1,,,,1520,C:\Users\jordan.velez\AppData\Local\Temp\stage,creditsafe.com,jordan.velez,8f3a2b1c-4d5e-6a7b-8c9d-0e1f2a3b4c5d,S-1-5-21-1000000000-2000000000-3000000000-104421,jordan.velez@creditsafe.com,powershell.exe file operation,powershell.exe,C:\Windows\System32,4304,High,,explorer.exe,4200,4e9d6b3a7f2c8e1d5b9a0f3c7e2d8b5a1f6c4e9,c4e9d6b3a7f2c8e1d5b9a0f3c7e2d8b5a1f6c4e9d3b7a2f8c1e5d9b6a3f7c2e8,None,0,,Engineering-Developers,,,8829100000604,,,,,,,4e9d6b3a7f2c8e1d5b9a0f3c7e2d8b5a1f6c4e9,c4e9d6b3a7f2c8e1d5b9a0f3c7e2d8b5a1f6c4e9d3b7a2f8c1e5d9b6a3f7c2e8,,,,2026-05-28T09:16:00Z,2026-05-28T09:16:00Z,2026-05-28T09:16:00Z,2026-05-28T09:16:00Z,DeviceFileEvents
tenant-lab-001-a000-0000-0000-000000000001,FileCreated,"{""CloudSyncCopy"":true,""NotExfiltration"":""Local browser download after SharePoint access""}",,dev-01982-a1b2-c3d4-e5f6-7890abcd0198,CS-DEV-01982,CustomerAnalytics_Q2_Draft.xlsx,,,,245760,C:\Users\jordan.velez\Downloads,creditsafe.com,jordan.velez,8f3a2b1c-4d5e-6a7b-8c9d-0e1f2a3b4c5d,S-1-5-21-1000000000-2000000000-3000000000-104421,jordan.velez@creditsafe.com,chrome.exe file operation,chrome.exe,C:\Windows\System32,4305,High,,explorer.exe,4200,8e1d4b6a9f0c3e7d2b5a8f1c4e9d6b3a7f2c8e1,9f0c3e7d2b5a8f1c4e9d6b3a7f2c8e1d5b9a0f3c7e2d8b5a1f6c4e9d6b3a7f2,None,1,,Engineering-Developers,,,8829100000605,,,,,,,8e1d4b6a9f0c3e7d2b5a8f1c4e9d6b3a7f2c8e1,9f0c3e7d2b5a8f1c4e9d6b3a7f2c8e1d5b9a0f3c7e2d8b5a1f6c4e9d6b3a7f2,Customer Data,Customer,,2026-05-28T10:01:00Z,2026-05-28T10:01:00Z,2026-05-28T10:01:00Z,2026-05-28T10:01:00Z,DeviceFileEvents
tenant-lab-001-a000-0000-0000-000000000001,FileCreated,,,dev-01982-a1b2-c3d4-e5f6-7890abcd0198,CS-DEV-01982,temp0.tmp,,,,1024,C:\Windows\Temp,creditsafe.com,jordan.velez,8f3a2b1c-4d5e-6a7b-8c9d-0e1f2a3b4c5d,S-1-5-21-1000000000-2000000000-3000000000-104421,jordan.velez@creditsafe.com,svchost.exe file operation,svchost.exe,C:\Windows\System32,4306,High,,explorer.exe,4200,8e1d4b6a9f0c3e7d2b5a8f1c4e9d6b3a7f2c8e1,9f0c3e7d2b5a8f1c4e9d6b3a7f2c8e1d5b9a0f3c7e2d8b5a1f6c4e9d6b3a7f2,None,0,,Engineering-Developers,,,8829100000606,,,,,,,8e1d4b6a9f0c3e7d2b5a8f1c4e9d6b3a7f2c8e1,9f0c3e7d2b5a8f1c4e9d6b3a7f2c8e1d5b9a0f3c7e2d8b5a1f6c4e9d6b3a7f2,,,,2026-05-28T14:00:00Z,2026-05-28T14:00:00Z,2026-05-28T14:00:00Z,2026-05-28T14:00:00Z,DeviceFileEvents
tenant-lab-001-a000-0000-0000-000000000001,FileCreated,,,dev-01982-a1b2-c3d4-e5f6-7890abcd0198,CS-DEV-01982,temp1.tmp,,,,1024,C:\Windows\Temp,creditsafe.com,jordan.velez,8f3a2b1c-4d5e-6a7b-8c9d-0e1f2a3b4c5d,S-1-5-21-1000000000-2000000000-3000000000-104421,jordan.velez@creditsafe.com,svchost.exe file operation,svchost.exe,C:\Windows\System32,4307,High,,explorer.exe,4200,8e1d4b6a9f0c3e7d2b5a8f1c4e9d6b3a7f2c8e1,9f0c3e7d2b5a8f1c4e9d6b3a7f2c8e1d5b9a0f3c7e2d8b5a1f6c4e9d6b3a7f2,None,0,,Engineering-Developers,,,8829100000607,,,,,,,8e1d4b6a9f0c3e7d2b5a8f1c4e9d6b3a7f2c8e1,9f0c3e7d2b5a8f1c4e9d6b3a7f2c8e1d5b9a0f3c7e2d8b5a1f6c4e9d6b3a7f2,,,,2026-05-28T14:01:01Z,2026-05-28T14:01:01Z,2026-05-28T14:01:01Z,2026-05-28T14:01:01Z,DeviceFileEvents
tenant-lab-001-a000-0000-0000-000000000001,FileCreated,,,dev-01982-a1b2-c3d4-e5f6-7890abcd0198,CS-DEV-01982,temp2.tmp,,,,1024,C:\Windows\Temp,creditsafe.com,jordan.velez,8f3a2b1c-4d5e-6a7b-8c9d-0e1f2a3b4c5d,S-1-5-21-1000000000-2000000000-3000000000-104421,jordan.velez@creditsafe.com,svchost.exe file operation,svchost.exe,C:\Windows\System32,4308,High,,explorer.exe,4200,8e1d4b6a9f0c3e7d2b5a8f1c4e9d6b3a7f2c8e1,9f0c3e7d2b5a8f1c4e9d6b3a7f2c8e1d5b9a0f3c7e2d8b5a1f6c4e9d6b3a7f2,None,0,,Engineering-Developers,,,8829100000608,,,,,,,8e1d4b6a9f0c3e7d2b5a8f1c4e9d6b3a7f2c8e1,9f0c3e7d2b5a8f1c4e9d6b3a7f2c8e1d5b9a0f3c7e2d8b5a1f6c4e9d6b3a7f2,,,,2026-05-28T14:02:02Z,2026-05-28T14:02:02Z,2026-05-28T14:02:02Z,2026-05-28T14:02:02Z,DeviceFileEvents
tenant-lab-001-a000-0000-0000-000000000001,FileCreated,,,dev-01982-a1b2-c3d4-e5f6-7890abcd0198,CS-DEV-01982,temp3.tmp,,,,1024,C:\Windows\Temp,creditsafe.com,jordan.velez,8f3a2b1c-4d5e-6a7b-8c9d-0e1f2a3b4c5d,S-1-5-21-1000000000-2000000000-3000000000-104421,jordan.velez@creditsafe.com,svchost.exe file operation,svchost.exe,C:\Windows\System32,4309,High,,explorer.exe,4200,8e1d4b6a9f0c3e7d2b5a8f1c4e9d6b3a7f2c8e1,9f0c3e7d2b5a8f1c4e9d6b3a7f2c8e1d5b9a0f3c7e2d8b5a1f6c4e9d6b3a7f2,None,0,,Engineering-Developers,,,8829100000609,,,,,,,8e1d4b6a9f0c3e7d2b5a8f1c4e9d6b3a7f2c8e1,9f0c3e7d2b5a8f1c4e9d6b3a7f2c8e1d5b9a0f3c7e2d8b5a1f6c4e9d6b3a7f2,,,,2026-05-28T14:03:03Z,2026-05-28T14:03:03Z,2026-05-28T14:03:03Z,2026-05-28T14:03:03Z,DeviceFileEvents
tenant-lab-001-a000-0000-0000-000000000001,FileCreated,,,dev-01982-a1b2-c3d4-e5f6-7890abcd0198,CS-DEV-01982,temp4.tmp,,,,1024,C:\Windows\Temp,creditsafe.com,jordan.velez,8f3a2b1c-4d5e-6a7b-8c9d-0e1f2a3b4c5d,S-1-5-21-1000000000-2000000000-3000000000-104421,jordan.velez@creditsafe.com,svchost.exe file operation,svchost.exe,C:\Windows\System32,4310,High,,explorer.exe,4200,8e1d4b6a9f0c3e7d2b5a8f1c4e9d6b3a7f2c8e1,9f0c3e7d2b5a8f1c4e9d6b3a7f2c8e1d5b9a0f3c7e2d8b5a1f6c4e9d6b3a7f2,None,0,,Engineering-Developers,,,8829100000610,,,,,,,8e1d4b6a9f0c3e7d2b5a8f1c4e9d6b3a7f2c8e1,9f0c3e7d2b5a8f1c4e9d6b3a7f2c8e1d5b9a0f3c7e2d8b5a1f6c4e9d6b3a7f2,,,,2026-05-28T14:04:04Z,2026-05-28T14:04:04Z,2026-05-28T14:04:04Z,2026-05-28T14:04:04Z,DeviceFileEvents
tenant-lab-001-a000-0000-0000-000000000001,FileCreated,,,dev-01982-a1b2-c3d4-e5f6-7890abcd0198,CS-DEV-01982,temp5.tmp,,,,1024,C:\Windows\Temp,creditsafe.com,jordan.velez,8f3a2b1c-4d5e-6a7b-8c9d-0e1f2a3b4c5d,S-1-5-21-1000000000-2000000000-3000000000-104421,jordan.velez@creditsafe.com,svchost.exe file operation,svchost.exe,C:\Windows\System32,4311,High,,explorer.exe,4200,8e1d4b6a9f0c3e7d2b5a8f1c4e9d6b3a7f2c8e1,9f0c3e7d2b5a8f1c4e9d6b3a7f2c8e1d5b9a0f3c7e2d8b5a1f6c4e9d6b3a7f2,None,0,,Engineering-Developers,,,8829100000611,,,,,,,8e1d4b6a9f0c3e7d2b5a8f1c4e9d6b3a7f2c8e1,9f0c3e7d2b5a8f1c4e9d6b3a7f2c8e1d5b9a0f3c7e2d8b5a1f6c4e9d6b3a7f2,,,,2026-05-28T14:05:05Z,2026-05-28T14:05:05Z,2026-05-28T14:05:05Z,2026-05-28T14:05:05Z,DeviceFileEvents
tenant-lab-001-a000-0000-0000-000000000001,FileCreated,,,dev-01982-a1b2-c3d4-e5f6-7890abcd0198,CS-DEV-01982,temp6.tmp,,,,1024,C:\Windows\Temp,creditsafe.com,jordan.velez,8f3a2b1c-4d5e-6a7b-8c9d-0e1f2a3b4c5d,S-1-5-21-1000000000-2000000000-3000000000-104421,jordan.velez@creditsafe.com,svchost.exe file operation,svchost.exe,C:\Windows\System32,4312,High,,explorer.exe,4200,8e1d4b6a9f0c3e7d2b5a8f1c4e9d6b3a7f2c8e1,9f0c3e7d2b5a8f1c4e9d6b3a7f2c8e1d5b9a0f3c7e2d8b5a1f6c4e9d6b3a7f2,None,0,,Engineering-Developers,,,8829100000612,,,,,,,8e1d4b6a9f0c3e7d2b5a8f1c4e9d6b3a7f2c8e1,9f0c3e7d2b5a8f1c4e9d6b3a7f2c8e1d5b9a0f3c7e2d8b5a1f6c4e9d6b3a7f2,,,,2026-05-28T14:06:06Z,2026-05-28T14:06:06Z,2026-05-28T14:06:06Z,2026-05-28T14:06:06Z,DeviceFileEvents
tenant-lab-001-a000-0000-0000-000000000001,FileCreated,,,dev-01982-a1b2-c3d4-e5f6-7890abcd0198,CS-DEV-01982,temp7.tmp,,,,1024,C:\Windows\Temp,creditsafe.com,jordan.velez,8f3a2b1c-4d5e-6a7b-8c9d-0e1f2a3b4c5d,S-1-5-21-1000000000-2000000000-3000000000-104421,jordan.velez@creditsafe.com,svchost.exe file operation,svchost.exe,C:\Windows\System32,4313,High,,explorer.exe,4200,8e1d4b6a9f0c3e7d2b5a8f1c4e9d6b3a7f2c8e1,9f0c3e7d2b5a8f1c4e9d6b3a7f2c8e1d5b9a0f3c7e2d8b5a1f6c4e9d6b3a7f2,None,0,,Engineering-Developers,,,8829100000613,,,,,,,8e1d4b6a9f0c3e7d2b5a8f1c4e9d6b3a7f2c8e1,9f0c3e7d2b5a8f1c4e9d6b3a7f2c8e1d5b9a0f3c7e2d8b5a1f6c4e9d6b3a7f2,,,,2026-05-28T14:07:07Z,2026-05-28T14:07:07Z,2026-05-28T14:07:07Z,2026-05-28T14:07:07Z,DeviceFileEvents
tenant-lab-001-a000-0000-0000-000000000001,FileCreated,,,dev-01982-a1b2-c3d4-e5f6-7890abcd0198,CS-DEV-01982,temp8.tmp,,,,1024,C:\Windows\Temp,creditsafe.com,jordan.velez,8f3a2b1c-4d5e-6a7b-8c9d-0e1f2a3b4c5d,S-1-5-21-1000000000-2000000000-3000000000-104421,jordan.velez@creditsafe.com,svchost.exe file operation,svchost.exe,C:\Windows\System32,4314,High,,explorer.exe,4200,8e1d4b6a9f0c3e7d2b5a8f1c4e9d6b3a7f2c8e1,9f0c3e7d2b5a8f1c4e9d6b3a7f2c8e1d5b9a0f3c7e2d8b5a1f6c4e9d6b3a7f2,None,0,,Engineering-Developers,,,8829100000614,,,,,,,8e1d4b6a9f0c3e7d2b5a8f1c4e9d6b3a7f2c8e1,9f0c3e7d2b5a8f1c4e9d6b3a7f2c8e1d5b9a0f3c7e2d8b5a1f6c4e9d6b3a7f2,,,,2026-05-28T14:08:08Z,2026-05-28T14:08:08Z,2026-05-28T14:08:08Z,2026-05-28T14:08:08Z,DeviceFileEvents
tenant-lab-001-a000-0000-0000-000000000001,FileCreated,,,dev-01982-a1b2-c3d4-e5f6-7890abcd0198,CS-DEV-01982,temp9.tmp,,,,1024,C:\Windows\Temp,creditsafe.com,jordan.velez,8f3a2b1c-4d5e-6a7b-8c9d-0e1f2a3b4c5d,S-1-5-21-1000000000-2000000000-3000000000-104421,jordan.velez@creditsafe.com,svchost.exe file operation,svchost.exe,C:\Windows\System32,4315,High,,explorer.exe,4200,8e1d4b6a9f0c3e7d2b5a8f1c4e9d6b3a7f2c8e1,9f0c3e7d2b5a8f1c4e9d6b3a7f2c8e1d5b9a0f3c7e2d8b5a1f6c4e9d6b3a7f2,None,0,,Engineering-Developers,,,8829100000615,,,,,,,8e1d4b6a9f0c3e7d2b5a8f1c4e9d6b3a7f2c8e1,9f0c3e7d2b5a8f1c4e9d6b3a7f2c8e1d5b9a0f3c7e2d8b5a1f6c4e9d6b3a7f2,,,,2026-05-28T14:09:09Z,2026-05-28T14:09:09Z,2026-05-28T14:09:09Z,2026-05-28T14:09:09Z,DeviceFileEvents
tenant-lab-001-a000-0000-0000-000000000001,FileCreated,,,dev-01982-a1b2-c3d4-e5f6-7890abcd0198,CS-DEV-01982,temp10.tmp,,,,1024,C:\Windows\Temp,creditsafe.com,jordan.velez,8f3a2b1c-4d5e-6a7b-8c9d-0e1f2a3b4c5d,S-1-5-21-1000000000-2000000000-3000000000-104421,jordan.velez@creditsafe.com,svchost.exe file operation,svchost.exe,C:\Windows\System32,4316,High,,explorer.exe,4200,8e1d4b6a9f0c3e7d2b5a8f1c4e9d6b3a7f2c8e1,9f0c3e7d2b5a8f1c4e9d6b3a7f2c8e1d5b9a0f3c7e2d8b5a1f6c4e9d6b3a7f2,None,0,,Engineering-Developers,,,8829100000616,,,,,,,8e1d4b6a9f0c3e7d2b5a8f1c4e9d6b3a7f2c8e1,9f0c3e7d2b5a8f1c4e9d6b3a7f2c8e1d5b9a0f3c7e2d8b5a1f6c4e9d6b3a7f2,,,,2026-05-28T14:10:10Z,2026-05-28T14:10:10Z,2026-05-28T14:10:10Z,2026-05-28T14:10:10Z,DeviceFileEvents
tenant-lab-001-a000-0000-0000-000000000001,FileCreated,,,dev-01982-a1b2-c3d4-e5f6-7890abcd0198,CS-DEV-01982,temp11.tmp,,,,1024,C:\Windows\Temp,creditsafe.com,jordan.velez,8f3a2b1c-4d5e-6a7b-8c9d-0e1f2a3b4c5d,S-1-5-21-1000000000-2000000000-3000000000-104421,jordan.velez@creditsafe.com,svchost.exe file operation,svchost.exe,C:\Windows\System32,4317,High,,explorer.exe,4200,8e1d4b6a9f0c3e7d2b5a8f1c4e9d6b3a7f2c8e1,9f0c3e7d2b5a8f1c4e9d6b3a7f2c8e1d5b9a0f3c7e2d8b5a1f6c4e9d6b3a7f2,None,0,,Engineering-Developers,,,8829100000617,,,,,,,8e1d4b6a9f0c3e7d2b5a8f1c4e9d6b3a7f2c8e1,9f0c3e7d2b5a8f1c4e9d6b3a7f2c8e1d5b9a0f3c7e2d8b5a1f6c4e9d6b3a7f2,,,,2026-05-28T14:11:11Z,2026-05-28T14:11:11Z,2026-05-28T14:11:11Z,2026-05-28T14:11:11Z,DeviceFileEvents
tenant-lab-001-a000-0000-0000-000000000001,FileCreated,,,dev-01982-a1b2-c3d4-e5f6-7890abcd0198,CS-DEV-01982,temp12.tmp,,,,1024,C:\Windows\Temp,creditsafe.com,jordan.velez,8f3a2b1c-4d5e-6a7b-8c9d-0e1f2a3b4c5d,S-1-5-21-1000000000-2000000000-3000000000-104421,jordan.velez@creditsafe.com,svchost.exe file operation,svchost.exe,C:\Windows\System32,4318,High,,explorer.exe,4200,8e1d4b6a9f0c3e7d2b5a8f1c4e9d6b3a7f2c8e1,9f0c3e7d2b5a8f1c4e9d6b3a7f2c8e1d5b9a0f3c7e2d8b5a1f6c4e9d6b3a7f2,None,0,,Engineering-Developers,,,8829100000618,,,,,,,8e1d4b6a9f0c3e7d2b5a8f1c4e9d6b3a7f2c8e1,9f0c3e7d2b5a8f1c4e9d6b3a7f2c8e1d5b9a0f3c7e2d8b5a1f6c4e9d6b3a7f2,,,,2026-05-28T14:12:12Z,2026-05-28T14:12:12Z,2026-05-28T14:12:12Z,2026-05-28T14:12:12Z,DeviceFileEvents
tenant-lab-001-a000-0000-0000-000000000001,FileCreated,,,dev-01982-a1b2-c3d4-e5f6-7890abcd0198,CS-DEV-01982,temp13.tmp,,,,1024,C:\Windows\Temp,creditsafe.com,jordan.velez,8f3a2b1c-4d5e-6a7b-8c9d-0e1f2a3b4c5d,S-1-5-21-1000000000-2000000000-3000000000-104421,jordan.velez@creditsafe.com,svchost.exe file operation,svchost.exe,C:\Windows\System32,4319,High,,explorer.exe,4200,8e1d4b6a9f0c3e7d2b5a8f1c4e9d6b3a7f2c8e1,9f0c3e7d2b5a8f1c4e9d6b3a7f2c8e1d5b9a0f3c7e2d8b5a1f6c4e9d6b3a7f2,None,0,,Engineering-Developers,,,8829100000619,,,,,,,8e1d4b6a9f0c3e7d2b5a8f1c4e9d6b3a7f2c8e1,9f0c3e7d2b5a8f1c4e9d6b3a7f2c8e1d5b9a0f3c7e2d8b5a1f6c4e9d6b3a7f2,,,,2026-05-28T14:13:13Z,2026-05-28T14:13:13Z,2026-05-28T14:13:13Z,2026-05-28T14:13:13Z,DeviceFileEvents
tenant-lab-001-a000-0000-0000-000000000001,FileCreated,,,dev-01982-a1b2-c3d4-e5f6-7890abcd0198,CS-DEV-01982,temp14.tmp,,,,1024,C:\Windows\Temp,creditsafe.com,jordan.velez,8f3a2b1c-4d5e-6a7b-8c9d-0e1f2a3b4c5d,S-1-5-21-1000000000-2000000000-3000000000-104421,jordan.velez@creditsafe.com,svchost.exe file operation,svchost.exe,C:\Windows\System32,4320,High,,explorer.exe,4200,8e1d4b6a9f0c3e7d2b5a8f1c4e9d6b3a7f2c8e1,9f0c3e7d2b5a8f1c4e9d6b3a7f2c8e1d5b9a0f3c7e2d8b5a1f6c4e9d6b3a7f2,None,0,,Engineering-Developers,,,8829100000620,,,,,,,8e1d4b6a9f0c3e7d2b5a8f1c4e9d6b3a7f2c8e1,9f0c3e7d2b5a8f1c4e9d6b3a7f2c8e1d5b9a0f3c7e2d8b5a1f6c4e9d6b3a7f2,,,,2026-05-28T14:14:14Z,2026-05-28T14:14:14Z,2026-05-28T14:14:14Z,2026-05-28T14:14:14Z,DeviceFileEvents
tenant-lab-001-a000-0000-0000-000000000001,FileCreated,,,dev-01982-a1b2-c3d4-e5f6-7890abcd0198,CS-DEV-01982,temp15.tmp,,,,1024,C:\Windows\Temp,creditsafe.com,jordan.velez,8f3a2b1c-4d5e-6a7b-8c9d-0e1f2a3b4c5d,S-1-5-21-1000000000-2000000000-3000000000-104421,jordan.velez@creditsafe.com,svchost.exe file operation,svchost.exe,C:\Windows\System32,4321,High,,explorer.exe,4200,8e1d4b6a9f0c3e7d2b5a8f1c4e9d6b3a7f2c8e1,9f0c3e7d2b5a8f1c4e9d6b3a7f2c8e1d5b9a0f3c7e2d8b5a1f6c4e9d6b3a7f2,None,0,,Engineering-Developers,,,8829100000621,,,,,,,8e1d4b6a9f0c3e7d2b5a8f1c4e9d6b3a7f2c8e1,9f0c3e7d2b5a8f1c4e9d6b3a7f2c8e1d5b9a0f3c7e2d8b5a1f6c4e9d6b3a7f2,,,,2026-05-28T14:15:15Z,2026-05-28T14:15:15Z,2026-05-28T14:15:15Z,2026-05-28T14:15:15Z,DeviceFileEvents
tenant-lab-001-a000-0000-0000-000000000001,FileCreated,,,dev-01982-a1b2-c3d4-e5f6-7890abcd0198,CS-DEV-01982,temp16.tmp,,,,1024,C:\Windows\Temp,creditsafe.com,jordan.velez,8f3a2b1c-4d5e-6a7b-8c9d-0e1f2a3b4c5d,S-1-5-21-1000000000-2000000000-3000000000-104421,jordan.velez@creditsafe.com,svchost.exe file operation,svchost.exe,C:\Windows\System32,4322,High,,explorer.exe,4200,8e1d4b6a9f0c3e7d2b5a8f1c4e9d6b3a7f2c8e1,9f0c3e7d2b5a8f1c4e9d6b3a7f2c8e1d5b9a0f3c7e2d8b5a1f6c4e9d6b3a7f2,None,0,,Engineering-Developers,,,8829100000622,,,,,,,8e1d4b6a9f0c3e7d2b5a8f1c4e9d6b3a7f2c8e1,9f0c3e7d2b5a8f1c4e9d6b3a7f2c8e1d5b9a0f3c7e2d8b5a1f6c4e9d6b3a7f2,,,,2026-05-28T14:16:16Z,2026-05-28T14:16:16Z,2026-05-28T14:16:16Z,2026-05-28T14:16:16Z,DeviceFileEvents
tenant-lab-001-a000-0000-0000-000000000001,FileCreated,,,dev-01982-a1b2-c3d4-e5f6-7890abcd0198,CS-DEV-01982,temp17.tmp,,,,1024,C:\Windows\Temp,creditsafe.com,jordan.velez,8f3a2b1c-4d5e-6a7b-8c9d-0e1f2a3b4c5d,S-1-5-21-1000000000-2000000000-3000000000-104421,jordan.velez@creditsafe.com,svchost.exe file operation,svchost.exe,C:\Windows\System32,4323,High,,explorer.exe,4200,8e1d4b6a9f0c3e7d2b5a8f1c4e9d6b3a7f2c8e1,9f0c3e7d2b5a8f1c4e9d6b3a7f2c8e1d5b9a0f3c7e2d8b5a1f6c4e9d6b3a7f2,None,0,,Engineering-Developers,,,8829100000623,,,,,,,8e1d4b6a9f0c3e7d2b5a8f1c4e9d6b3a7f2c8e1,9f0c3e7d2b5a8f1c4e9d6b3a7f2c8e1d5b9a0f3c7e2d8b5a1f6c4e9d6b3a7f2,,,,2026-05-28T14:17:17Z,2026-05-28T14:17:17Z,2026-05-28T14:17:17Z,2026-05-28T14:17:17Z,DeviceFileEvents
tenant-lab-001-a000-0000-0000-000000000001,FileCreated,,,dev-01982-a1b2-c3d4-e5f6-7890abcd0198,CS-DEV-01982,temp18.tmp,,,,1024,C:\Windows\Temp,creditsafe.com,jordan.velez,8f3a2b1c-4d5e-6a7b-8c9d-0e1f2a3b4c5d,S-1-5-21-1000000000-2000000000-3000000000-104421,jordan.velez@creditsafe.com,svchost.exe file operation,svchost.exe,C:\Windows\System32,4324,High,,explorer.exe,4200,8e1d4b6a9f0c3e7d2b5a8f1c4e9d6b3a7f2c8e1,9f0c3e7d2b5a8f1c4e9d6b3a7f2c8e1d5b9a0f3c7e2d8b5a1f6c4e9d6b3a7f2,None,0,,Engineering-Developers,,,8829100000624,,,,,,,8e1d4b6a9f0c3e7d2b5a8f1c4e9d6b3a7f2c8e1,9f0c3e7d2b5a8f1c4e9d6b3a7f2c8e1d5b9a0f3c7e2d8b5a1f6c4e9d6b3a7f2,,,,2026-05-28T14:18:18Z,2026-05-28T14:18:18Z,2026-05-28T14:18:18Z,2026-05-28T14:18:18Z,DeviceFileEvents
tenant-lab-001-a000-0000-0000-000000000001,FileCreated,,,dev-01982-a1b2-c3d4-e5f6-7890abcd0198,CS-DEV-01982,temp19.tmp,,,,1024,C:\Windows\Temp,creditsafe.com,jordan.velez,8f3a2b1c-4d5e-6a7b-8c9d-0e1f2a3b4c5d,S-1-5-21-1000000000-2000000000-3000000000-104421,jordan.velez@creditsafe.com,svchost.exe file operation,svchost.exe,C:\Windows\System32,4325,High,,explorer.exe,4200,8e1d4b6a9f0c3e7d2b5a8f1c4e9d6b3a7f2c8e1,9f0c3e7d2b5a8f1c4e9d6b3a7f2c8e1d5b9a0f3c7e2d8b5a1f6c4e9d6b3a7f2,None,0,,Engineering-Developers,,,8829100000625,,,,,,,8e1d4b6a9f0c3e7d2b5a8f1c4e9d6b3a7f2c8e1,9f0c3e7d2b5a8f1c4e9d6b3a7f2c8e1d5b9a0f3c7e2d8b5a1f6c4e9d6b3a7f2,,,,2026-05-28T14:19:19Z,2026-05-28T14:19:19Z,2026-05-28T14:19:19Z,2026-05-28T14:19:19Z,DeviceFileEvents
tenant-lab-001-a000-0000-0000-000000000001,FileCreated,,,dev-01982-a1b2-c3d4-e5f6-7890abcd0198,CS-DEV-01982,temp20.tmp,,,,1024,C:\Windows\Temp,creditsafe.com,jordan.velez,8f3a2b1c-4d5e-6a7b-8c9d-0e1f2a3b4c5d,S-1-5-21-1000000000-2000000000-3000000000-104421,jordan.velez@creditsafe.com,svchost.exe file operation,svchost.exe,C:\Windows\System32,4326,High,,explorer.exe,4200,8e1d4b6a9f0c3e7d2b5a8f1c4e9d6b3a7f2c8e1,9f0c3e7d2b5a8f1c4e9d6b3a7f2c8e1d5b9a0f3c7e2d8b5a1f6c4e9d6b3a7f2,None,0,,Engineering-Developers,,,8829100000626,,,,,,,8e1d4b6a9f0c3e7d2b5a8f1c4e9d6b3a7f2c8e1,9f0c3e7d2b5a8f1c4e9d6b3a7f2c8e1d5b9a0f3c7e2d8b5a1f6c4e9d6b3a7f2,,,,2026-05-28T14:20:20Z,2026-05-28T14:20:20Z,2026-05-28T14:20:20Z,2026-05-28T14:20:20Z,DeviceFileEvents
tenant-lab-001-a000-0000-0000-000000000001,FileCreated,,,dev-01982-a1b2-c3d4-e5f6-7890abcd0198,CS-DEV-01982,temp21.tmp,,,,1024,C:\Windows\Temp,creditsafe.com,jordan.velez,8f3a2b1c-4d5e-6a7b-8c9d-0e1f2a3b4c5d,S-1-5-21-1000000000-2000000000-3000000000-104421,jordan.velez@creditsafe.com,svchost.exe file operation,svchost.exe,C:\Windows\System32,4327,High,,explorer.exe,4200,8e1d4b6a9f0c3e7d2b5a8f1c4e9d6b3a7f2c8e1,9f0c3e7d2b5a8f1c4e9d6b3a7f2c8e1d5b9a0f3c7e2d8b5a1f6c4e9d6b3a7f2,None,0,,Engineering-Developers,,,8829100000627,,,,,,,8e1d4b6a9f0c3e7d2b5a8f1c4e9d6b3a7f2c8e1,9f0c3e7d2b5a8f1c4e9d6b3a7f2c8e1d5b9a0f3c7e2d8b5a1f6c4e9d6b3a7f2,,,,2026-05-28T14:21:21Z,2026-05-28T14:21:21Z,2026-05-28T14:21:21Z,2026-05-28T14:21:21Z,DeviceFileEvents
tenant-lab-001-a000-0000-0000-000000000001,FileCreated,,,dev-01982-a1b2-c3d4-e5f6-7890abcd0198,CS-DEV-01982,temp22.tmp,,,,1024,C:\Windows\Temp,creditsafe.com,jordan.velez,8f3a2b1c-4d5e-6a7b-8c9d-0e1f2a3b4c5d,S-1-5-21-1000000000-2000000000-3000000000-104421,jordan.velez@creditsafe.com,svchost.exe file operation,svchost.exe,C:\Windows\System32,4328,High,,explorer.exe,4200,8e1d4b6a9f0c3e7d2b5a8f1c4e9d6b3a7f2c8e1,9f0c3e7d2b5a8f1c4e9d6b3a7f2c8e1d5b9a0f3c7e2d8b5a1f6c4e9d6b3a7f2,None,0,,Engineering-Developers,,,8829100000628,,,,,,,8e1d4b6a9f0c3e7d2b5a8f1c4e9d6b3a7f2c8e1,9f0c3e7d2b5a8f1c4e9d6b3a7f2c8e1d5b9a0f3c7e2d8b5a1f6c4e9d6b3a7f2,,,,2026-05-28T14:22:22Z,2026-05-28T14:22:22Z,2026-05-28T14:22:22Z,2026-05-28T14:22:22Z,DeviceFileEvents
tenant-lab-001-a000-0000-0000-000000000001,FileCreated,,,dev-01982-a1b2-c3d4-e5f6-7890abcd0198,CS-DEV-01982,temp23.tmp,,,,1024,C:\Windows\Temp,creditsafe.com,jordan.velez,8f3a2b1c-4d5e-6a7b-8c9d-0e1f2a3b4c5d,S-1-5-21-1000000000-2000000000-3000000000-104421,jordan.velez@creditsafe.com,svchost.exe file operation,svchost.exe,C:\Windows\System32,4329,High,,explorer.exe,4200,8e1d4b6a9f0c3e7d2b5a8f1c4e9d6b3a7f2c8e1,9f0c3e7d2b5a8f1c4e9d6b3a7f2c8e1d5b9a0f3c7e2d8b5a1f6c4e9d6b3a7f2,None,0,,Engineering-Developers,,,8829100000629,,,,,,,8e1d4b6a9f0c3e7d2b5a8f1c4e9d6b3a7f2c8e1,9f0c3e7d2b5a8f1c4e9d6b3a7f2c8e1d5b9a0f3c7e2d8b5a1f6c4e9d6b3a7f2,,,,2026-05-28T14:23:23Z,2026-05-28T14:23:23Z,2026-05-28T14:23:23Z,2026-05-28T14:23:23Z,DeviceFileEvents
tenant-lab-001-a000-0000-0000-000000000001,FileCreated,,,dev-01982-a1b2-c3d4-e5f6-7890abcd0198,CS-DEV-01982,temp24.tmp,,,,1024,C:\Windows\Temp,creditsafe.com,jordan.velez,8f3a2b1c-4d5e-6a7b-8c9d-0e1f2a3b4c5d,S-1-5-21-1000000000-2000000000-3000000000-104421,jordan.velez@creditsafe.com,svchost.exe file operation,svchost.exe,C:\Windows\System32,4330,High,,explorer.exe,4200,8e1d4b6a9f0c3e7d2b5a8f1c4e9d6b3a7f2c8e1,9f0c3e7d2b5a8f1c4e9d6b3a7f2c8e1d5b9a0f3c7e2d8b5a1f6c4e9d6b3a7f2,None,0,,Engineering-Developers,,,8829100000630,,,,,,,8e1d4b6a9f0c3e7d2b5a8f1c4e9d6b3a7f2c8e1,9f0c3e7d2b5a8f1c4e9d6b3a7f2c8e1d5b9a0f3c7e2d8b5a1f6c4e9d6b3a7f2,,,,2026-05-28T14:24:24Z,2026-05-28T14:24:24Z,2026-05-28T14:24:24Z,2026-05-28T14:24:24Z,DeviceFileEvents
tenant-lab-001-a000-0000-0000-000000000001,FileCreated,,,dev-01982-a1b2-c3d4-e5f6-7890abcd0198,CS-DEV-01982,temp25.tmp,,,,1024,C:\Windows\Temp,creditsafe.com,jordan.velez,8f3a2b1c-4d5e-6a7b-8c9d-0e1f2a3b4c5d,S-1-5-21-1000000000-2000000000-3000000000-104421,jordan.velez@creditsafe.com,svchost.exe file operation,svchost.exe,C:\Windows\System32,4331,High,,explorer.exe,4200,8e1d4b6a9f0c3e7d2b5a8f1c4e9d6b3a7f2c8e1,9f0c3e7d2b5a8f1c4e9d6b3a7f2c8e1d5b9a0f3c7e2d8b5a1f6c4e9d6b3a7f2,None,0,,Engineering-Developers,,,8829100000631,,,,,,,8e1d4b6a9f0c3e7d2b5a8f1c4e9d6b3a7f2c8e1,9f0c3e7d2b5a8f1c4e9d6b3a7f2c8e1d5b9a0f3c7e2d8b5a1f6c4e9d6b3a7f2,,,,2026-05-28T14:25:25Z,2026-05-28T14:25:25Z,2026-05-28T14:25:25Z,2026-05-28T14:25:25Z,DeviceFileEvents
tenant-lab-001-a000-0000-0000-000000000001,FileCreated,,,dev-01982-a1b2-c3d4-e5f6-7890abcd0198,CS-DEV-01982,temp26.tmp,,,,1024,C:\Windows\Temp,creditsafe.com,jordan.velez,8f3a2b1c-4d5e-6a7b-8c9d-0e1f2a3b4c5d,S-1-5-21-1000000000-2000000000-3000000000-104421,jordan.velez@creditsafe.com,svchost.exe file operation,svchost.exe,C:\Windows\System32,4332,High,,explorer.exe,4200,8e1d4b6a9f0c3e7d2b5a8f1c4e9d6b3a7f2c8e1,9f0c3e7d2b5a8f1c4e9d6b3a7f2c8e1d5b9a0f3c7e2d8b5a1f6c4e9d6b3a7f2,None,0,,Engineering-Developers,,,8829100000632,,,,,,,8e1d4b6a9f0c3e7d2b5a8f1c4e9d6b3a7f2c8e1,9f0c3e7d2b5a8f1c4e9d6b3a7f2c8e1d5b9a0f3c7e2d8b5a1f6c4e9d6b3a7f2,,,,2026-05-28T14:26:26Z,2026-05-28T14:26:26Z,2026-05-28T14:26:26Z,2026-05-28T14:26:26Z,DeviceFileEvents
tenant-lab-001-a000-0000-0000-000000000001,FileCreated,,,dev-01982-a1b2-c3d4-e5f6-7890abcd0198,CS-DEV-01982,temp27.tmp,,,,1024,C:\Windows\Temp,creditsafe.com,jordan.velez,8f3a2b1c-4d5e-6a7b-8c9d-0e1f2a3b4c5d,S-1-5-21-1000000000-2000000000-3000000000-104421,jordan.velez@creditsafe.com,svchost.exe file operation,svchost.exe,C:\Windows\System32,4333,High,,explorer.exe,4200,8e1d4b6a9f0c3e7d2b5a8f1c4e9d6b3a7f2c8e1,9f0c3e7d2b5a8f1c4e9d6b3a7f2c8e1d5b9a0f3c7e2d8b5a1f6c4e9d6b3a7f2,None,0,,Engineering-Developers,,,8829100000633,,,,,,,8e1d4b6a9f0c3e7d2b5a8f1c4e9d6b3a7f2c8e1,9f0c3e7d2b5a8f1c4e9d6b3a7f2c8e1d5b9a0f3c7e2d8b5a1f6c4e9d6b3a7f2,,,,2026-05-28T14:27:27Z,2026-05-28T14:27:27Z,2026-05-28T14:27:27Z,2026-05-28T14:27:27Z,DeviceFileEvents
tenant-lab-001-a000-0000-0000-000000000001,FileCreated,,,dev-01982-a1b2-c3d4-e5f6-7890abcd0198,CS-DEV-01982,temp28.tmp,,,,1024,C:\Windows\Temp,creditsafe.com,jordan.velez,8f3a2b1c-4d5e-6a7b-8c9d-0e1f2a3b4c5d,S-1-5-21-1000000000-2000000000-3000000000-104421,jordan.velez@creditsafe.com,svchost.exe file operation,svchost.exe,C:\Windows\System32,4334,High,,explorer.exe,4200,8e1d4b6a9f0c3e7d2b5a8f1c4e9d6b3a7f2c8e1,9f0c3e7d2b5a8f1c4e9d6b3a7f2c8e1d5b9a0f3c7e2d8b5a1f6c4e9d6b3a7f2,None,0,,Engineering-Developers,,,8829100000634,,,,,,,8e1d4b6a9f0c3e7d2b5a8f1c4e9d6b3a7f2c8e1,9f0c3e7d2b5a8f1c4e9d6b3a7f2c8e1d5b9a0f3c7e2d8b5a1f6c4e9d6b3a7f2,,,,2026-05-28T14:28:28Z,2026-05-28T14:28:28Z,2026-05-28T14:28:28Z,2026-05-28T14:28:28Z,DeviceFileEvents
tenant-lab-001-a000-0000-0000-000000000001,FileCreated,,,dev-01982-a1b2-c3d4-e5f6-7890abcd0198,CS-DEV-01982,temp29.tmp,,,,1024,C:\Windows\Temp,creditsafe.com,jordan.velez,8f3a2b1c-4d5e-6a7b-8c9d-0e1f2a3b4c5d,S-1-5-21-1000000000-2000000000-3000000000-104421,jordan.velez@creditsafe.com,svchost.exe file operation,svchost.exe,C:\Windows\System32,4335,High,,explorer.exe,4200,8e1d4b6a9f0c3e7d2b5a8f1c4e9d6b3a7f2c8e1,9f0c3e7d2b5a8f1c4e9d6b3a7f2c8e1d5b9a0f3c7e2d8b5a1f6c4e9d6b3a7f2,None,0,,Engineering-Developers,,,8829100000635,,,,,,,8e1d4b6a9f0c3e7d2b5a8f1c4e9d6b3a7f2c8e1,9f0c3e7d2b5a8f1c4e9d6b3a7f2c8e1d5b9a0f3c7e2d8b5a1f6c4e9d6b3a7f2,,,,2026-05-28T14:29:29Z,2026-05-28T14:29:29Z,2026-05-28T14:29:29Z,2026-05-28T14:29:29Z,DeviceFileEvents
tenant-lab-001-a000-0000-0000-000000000001,FileCreated,,,dev-01982-a1b2-c3d4-e5f6-7890abcd0198,CS-DEV-01982,temp30.tmp,,,,1024,C:\Windows\Temp,creditsafe.com,jordan.velez,8f3a2b1c-4d5e-6a7b-8c9d-0e1f2a3b4c5d,S-1-5-21-1000000000-2000000000-3000000000-104421,jordan.velez@creditsafe.com,svchost.exe file operation,svchost.exe,C:\Windows\System32,4336,High,,explorer.exe,4200,8e1d4b6a9f0c3e7d2b5a8f1c4e9d6b3a7f2c8e1,9f0c3e7d2b5a8f1c4e9d6b3a7f2c8e1d5b9a0f3c7e2d8b5a1f6c4e9d6b3a7f2,None,0,,Engineering-Developers,,,8829100000636,,,,,,,8e1d4b6a9f0c3e7d2b5a8f1c4e9d6b3a7f2c8e1,9f0c3e7d2b5a8f1c4e9d6b3a7f2c8e1d5b9a0f3c7e2d8b5a1f6c4e9d6b3a7f2,,,,2026-05-28T14:30:30Z,2026-05-28T14:30:30Z,2026-05-28T14:30:30Z,2026-05-28T14:30:30Z,DeviceFileEvents
tenant-lab-001-a000-0000-0000-000000000001,FileCreated,,,dev-01982-a1b2-c3d4-e5f6-7890abcd0198,CS-DEV-01982,temp31.tmp,,,,1024,C:\Windows\Temp,creditsafe.com,jordan.velez,8f3a2b1c-4d5e-6a7b-8c9d-0e1f2a3b4c5d,S-1-5-21-1000000000-2000000000-3000000000-104421,jordan.velez@creditsafe.com,svchost.exe file operation,svchost.exe,C:\Windows\System32,4337,High,,explorer.exe,4200,8e1d4b6a9f0c3e7d2b5a8f1c4e9d6b3a7f2c8e1,9f0c3e7d2b5a8f1c4e9d6b3a7f2c8e1d5b9a0f3c7e2d8b5a1f6c4e9d6b3a7f2,None,0,,Engineering-Developers,,,8829100000637,,,,,,,8e1d4b6a9f0c3e7d2b5a8f1c4e9d6b3a7f2c8e1,9f0c3e7d2b5a8f1c4e9d6b3a7f2c8e1d5b9a0f3c7e2d8b5a1f6c4e9d6b3a7f2,,,,2026-05-28T14:31:31Z,2026-05-28T14:31:31Z,2026-05-28T14:31:31Z,2026-05-28T14:31:31Z,DeviceFileEvents
tenant-lab-001-a000-0000-0000-000000000001,FileCreated,,,dev-01982-a1b2-c3d4-e5f6-7890abcd0198,CS-DEV-01982,temp32.tmp,,,,1024,C:\Windows\Temp,creditsafe.com,jordan.velez,8f3a2b1c-4d5e-6a7b-8c9d-0e1f2a3b4c5d,S-1-5-21-1000000000-2000000000-3000000000-104421,jordan.velez@creditsafe.com,svchost.exe file operation,svchost.exe,C:\Windows\System32,4338,High,,explorer.exe,4200,8e1d4b6a9f0c3e7d2b5a8f1c4e9d6b3a7f2c8e1,9f0c3e7d2b5a8f1c4e9d6b3a7f2c8e1d5b9a0f3c7e2d8b5a1f6c4e9d6b3a7f2,None,0,,Engineering-Developers,,,8829100000638,,,,,,,8e1d4b6a9f0c3e7d2b5a8f1c4e9d6b3a7f2c8e1,9f0c3e7d2b5a8f1c4e9d6b3a7f2c8e1d5b9a0f3c7e2d8b5a1f6c4e9d6b3a7f2,,,,2026-05-28T14:32:32Z,2026-05-28T14:32:32Z,2026-05-28T14:32:32Z,2026-05-28T14:32:32Z,DeviceFileEvents
tenant-lab-001-a000-0000-0000-000000000001,FileCreated,,,dev-01982-a1b2-c3d4-e5f6-7890abcd0198,CS-DEV-01982,temp33.tmp,,,,1024,C:\Windows\Temp,creditsafe.com,jordan.velez,8f3a2b1c-4d5e-6a7b-8c9d-0e1f2a3b4c5d,S-1-5-21-1000000000-2000000000-3000000000-104421,jordan.velez@creditsafe.com,svchost.exe file operation,svchost.exe,C:\Windows\System32,4339,High,,explorer.exe,4200,8e1d4b6a9f0c3e7d2b5a8f1c4e9d6b3a7f2c8e1,9f0c3e7d2b5a8f1c4e9d6b3a7f2c8e1d5b9a0f3c7e2d8b5a1f6c4e9d6b3a7f2,None,0,,Engineering-Developers,,,8829100000639,,,,,,,8e1d4b6a9f0c3e7d2b5a8f1c4e9d6b3a7f2c8e1,9f0c3e7d2b5a8f1c4e9d6b3a7f2c8e1d5b9a0f3c7e2d8b5a1f6c4e9d6b3a7f2,,,,2026-05-28T14:33:33Z,2026-05-28T14:33:33Z,2026-05-28T14:33:33Z,2026-05-28T14:33:33Z,DeviceFileEvents
tenant-lab-001-a000-0000-0000-000000000001,FileCreated,,,dev-01982-a1b2-c3d4-e5f6-7890abcd0198,CS-DEV-01982,temp34.tmp,,,,1024,C:\Windows\Temp,creditsafe.com,jordan.velez,8f3a2b1c-4d5e-6a7b-8c9d-0e1f2a3b4c5d,S-1-5-21-1000000000-2000000000-3000000000-104421,jordan.velez@creditsafe.com,svchost.exe file operation,svchost.exe,C:\Windows\System32,4340,High,,explorer.exe,4200,8e1d4b6a9f0c3e7d2b5a8f1c4e9d6b3a7f2c8e1,9f0c3e7d2b5a8f1c4e9d6b3a7f2c8e1d5b9a0f3c7e2d8b5a1f6c4e9d6b3a7f2,None,0,,Engineering-Developers,,,8829100000640,,,,,,,8e1d4b6a9f0c3e7d2b5a8f1c4e9d6b3a7f2c8e1,9f0c3e7d2b5a8f1c4e9d6b3a7f2c8e1d5b9a0f3c7e2d8b5a1f6c4e9d6b3a7f2,,,,2026-05-28T14:34:34Z,2026-05-28T14:34:34Z,2026-05-28T14:34:34Z,2026-05-28T14:34:34Z,DeviceFileEvents
tenant-lab-001-a000-0000-0000-000000000001,FileCreated,,,dev-01982-a1b2-c3d4-e5f6-7890abcd0198,CS-DEV-01982,temp35.tmp,,,,1024,C:\Windows\Temp,creditsafe.com,jordan.velez,8f3a2b1c-4d5e-6a7b-8c9d-0e1f2a3b4c5d,S-1-5-21-1000000000-2000000000-3000000000-104421,jordan.velez@creditsafe.com,svchost.exe file operation,svchost.exe,C:\Windows\System32,4341,High,,explorer.exe,4200,8e1d4b6a9f0c3e7d2b5a8f1c4e9d6b3a7f2c8e1,9f0c3e7d2b5a8f1c4e9d6b3a7f2c8e1d5b9a0f3c7e2d8b5a1f6c4e9d6b3a7f2,None,0,,Engineering-Developers,,,8829100000641,,,,,,,8e1d4b6a9f0c3e7d2b5a8f1c4e9d6b3a7f2c8e1,9f0c3e7d2b5a8f1c4e9d6b3a7f2c8e1d5b9a0f3c7e2d8b5a1f6c4e9d6b3a7f2,,,,2026-05-28T14:35:35Z,2026-05-28T14:35:35Z,2026-05-28T14:35:35Z,2026-05-28T14:35:35Z,DeviceFileEvents
tenant-lab-001-a000-0000-0000-000000000001,FileCreated,,,dev-01982-a1b2-c3d4-e5f6-7890abcd0198,CS-DEV-01982,temp36.tmp,,,,1024,C:\Windows\Temp,creditsafe.com,jordan.velez,8f3a2b1c-4d5e-6a7b-8c9d-0e1f2a3b4c5d,S-1-5-21-1000000000-2000000000-3000000000-104421,jordan.velez@creditsafe.com,svchost.exe file operation,svchost.exe,C:\Windows\System32,4342,High,,explorer.exe,4200,8e1d4b6a9f0c3e7d2b5a8f1c4e9d6b3a7f2c8e1,9f0c3e7d2b5a8f1c4e9d6b3a7f2c8e1d5b9a0f3c7e2d8b5a1f6c4e9d6b3a7f2,None,0,,Engineering-Developers,,,8829100000642,,,,,,,8e1d4b6a9f0c3e7d2b5a8f1c4e9d6b3a7f2c8e1,9f0c3e7d2b5a8f1c4e9d6b3a7f2c8e1d5b9a0f3c7e2d8b5a1f6c4e9d6b3a7f2,,,,2026-05-28T14:36:36Z,2026-05-28T14:36:36Z,2026-05-28T14:36:36Z,2026-05-28T14:36:36Z,DeviceFileEvents
tenant-lab-001-a000-0000-0000-000000000001,FileCreated,,,dev-01982-a1b2-c3d4-e5f6-7890abcd0198,CS-DEV-01982,temp37.tmp,,,,1024,C:\Windows\Temp,creditsafe.com,jordan.velez,8f3a2b1c-4d5e-6a7b-8c9d-0e1f2a3b4c5d,S-1-5-21-1000000000-2000000000-3000000000-104421,jordan.velez@creditsafe.com,svchost.exe file operation,svchost.exe,C:\Windows\System32,4343,High,,explorer.exe,4200,8e1d4b6a9f0c3e7d2b5a8f1c4e9d6b3a7f2c8e1,9f0c3e7d2b5a8f1c4e9d6b3a7f2c8e1d5b9a0f3c7e2d8b5a1f6c4e9d6b3a7f2,None,0,,Engineering-Developers,,,8829100000643,,,,,,,8e1d4b6a9f0c3e7d2b5a8f1c4e9d6b3a7f2c8e1,9f0c3e7d2b5a8f1c4e9d6b3a7f2c8e1d5b9a0f3c7e2d8b5a1f6c4e9d6b3a7f2,,,,2026-05-28T14:37:37Z,2026-05-28T14:37:37Z,2026-05-28T14:37:37Z,2026-05-28T14:37:37Z,DeviceFileEvents
tenant-lab-001-a000-0000-0000-000000000001,FileCreated,,,dev-01982-a1b2-c3d4-e5f6-7890abcd0198,CS-DEV-01982,temp38.tmp,,,,1024,C:\Windows\Temp,creditsafe.com,jordan.velez,8f3a2b1c-4d5e-6a7b-8c9d-0e1f2a3b4c5d,S-1-5-21-1000000000-2000000000-3000000000-104421,jordan.velez@creditsafe.com,svchost.exe file operation,svchost.exe,C:\Windows\System32,4344,High,,explorer.exe,4200,8e1d4b6a9f0c3e7d2b5a8f1c4e9d6b3a7f2c8e1,9f0c3e7d2b5a8f1c4e9d6b3a7f2c8e1d5b9a0f3c7e2d8b5a1f6c4e9d6b3a7f2,None,0,,Engineering-Developers,,,8829100000644,,,,,,,8e1d4b6a9f0c3e7d2b5a8f1c4e9d6b3a7f2c8e1,9f0c3e7d2b5a8f1c4e9d6b3a7f2c8e1d5b9a0f3c7e2d8b5a1f6c4e9d6b3a7f2,,,,2026-05-28T14:38:38Z,2026-05-28T14:38:38Z,2026-05-28T14:38:38Z,2026-05-28T14:38:38Z,DeviceFileEvents
tenant-lab-001-a000-0000-0000-000000000001,FileCreated,,,dev-01982-a1b2-c3d4-e5f6-7890abcd0198,CS-DEV-01982,temp39.tmp,,,,1024,C:\Windows\Temp,creditsafe.com,jordan.velez,8f3a2b1c-4d5e-6a7b-8c9d-0e1f2a3b4c5d,S-1-5-21-1000000000-2000000000-3000000000-104421,jordan.velez@creditsafe.com,svchost.exe file operation,svchost.exe,C:\Windows\System32,4345,High,,explorer.exe,4200,8e1d4b6a9f0c3e7d2b5a8f1c4e9d6b3a7f2c8e1,9f0c3e7d2b5a8f1c4e9d6b3a7f2c8e1d5b9a0f3c7e2d8b5a1f6c4e9d6b3a7f2,None,0,,Engineering-Developers,,,8829100000645,,,,,,,8e1d4b6a9f0c3e7d2b5a8f1c4e9d6b3a7f2c8e1,9f0c3e7d2b5a8f1c4e9d6b3a7f2c8e1d5b9a0f3c7e2d8b5a1f6c4e9d6b3a7f2,,,,2026-05-28T14:39:39Z,2026-05-28T14:39:39Z,2026-05-28T14:39:39Z,2026-05-28T14:39:39Z,DeviceFileEvents
tenant-lab-001-a000-0000-0000-000000000001,FileCreated,,,dev-01982-a1b2-c3d4-e5f6-7890abcd0198,CS-DEV-01982,temp40.tmp,,,,1024,C:\Windows\Temp,creditsafe.com,jordan.velez,8f3a2b1c-4d5e-6a7b-8c9d-0e1f2a3b4c5d,S-1-5-21-1000000000-2000000000-3000000000-104421,jordan.velez@creditsafe.com,svchost.exe file operation,svchost.exe,C:\Windows\System32,4346,High,,explorer.exe,4200,8e1d4b6a9f0c3e7d2b5a8f1c4e9d6b3a7f2c8e1,9f0c3e7d2b5a8f1c4e9d6b3a7f2c8e1d5b9a0f3c7e2d8b5a1f6c4e9d6b3a7f2,None,0,,Engineering-Developers,,,8829100000646,,,,,,,8e1d4b6a9f0c3e7d2b5a8f1c4e9d6b3a7f2c8e1,9f0c3e7d2b5a8f1c4e9d6b3a7f2c8e1d5b9a0f3c7e2d8b5a1f6c4e9d6b3a7f2,,,,2026-05-28T14:40:40Z,2026-05-28T14:40:40Z,2026-05-28T14:40:40Z,2026-05-28T14:40:40Z,DeviceFileEvents
tenant-lab-001-a000-0000-0000-000000000001,FileCreated,,,dev-01982-a1b2-c3d4-e5f6-7890abcd0198,CS-DEV-01982,temp41.tmp,,,,1024,C:\Windows\Temp,creditsafe.com,jordan.velez,8f3a2b1c-4d5e-6a7b-8c9d-0e1f2a3b4c5d,S-1-5-21-1000000000-2000000000-3000000000-104421,jordan.velez@creditsafe.com,svchost.exe file operation,svchost.exe,C:\Windows\System32,4347,High,,explorer.exe,4200,8e1d4b6a9f0c3e7d2b5a8f1c4e9d6b3a7f2c8e1,9f0c3e7d2b5a8f1c4e9d6b3a7f2c8e1d5b9a0f3c7e2d8b5a1f6c4e9d6b3a7f2,None,0,,Engineering-Developers,,,8829100000647,,,,,,,8e1d4b6a9f0c3e7d2b5a8f1c4e9d6b3a7f2c8e1,9f0c3e7d2b5a8f1c4e9d6b3a7f2c8e1d5b9a0f3c7e2d8b5a1f6c4e9d6b3a7f2,,,,2026-05-28T14:41:41Z,2026-05-28T14:41:41Z,2026-05-28T14:41:41Z,2026-05-28T14:41:41Z,DeviceFileEvents
tenant-lab-001-a000-0000-0000-000000000001,FileCreated,,,dev-01982-a1b2-c3d4-e5f6-7890abcd0198,CS-DEV-01982,temp42.tmp,,,,1024,C:\Windows\Temp,creditsafe.com,jordan.velez,8f3a2b1c-4d5e-6a7b-8c9d-0e1f2a3b4c5d,S-1-5-21-1000000000-2000000000-3000000000-104421,jordan.velez@creditsafe.com,svchost.exe file operation,svchost.exe,C:\Windows\System32,4348,High,,explorer.exe,4200,8e1d4b6a9f0c3e7d2b5a8f1c4e9d6b3a7f2c8e1,9f0c3e7d2b5a8f1c4e9d6b3a7f2c8e1d5b9a0f3c7e2d8b5a1f6c4e9d6b3a7f2,None,0,,Engineering-Developers,,,8829100000648,,,,,,,8e1d4b6a9f0c3e7d2b5a8f1c4e9d6b3a7f2c8e1,9f0c3e7d2b5a8f1c4e9d6b3a7f2c8e1d5b9a0f3c7e2d8b5a1f6c4e9d6b3a7f2,,,,2026-05-28T14:42:42Z,2026-05-28T14:42:42Z,2026-05-28T14:42:42Z,2026-05-28T14:42:42Z,DeviceFileEvents
tenant-lab-001-a000-0000-0000-000000000001,FileCreated,,,dev-01982-a1b2-c3d4-e5f6-7890abcd0198,CS-DEV-01982,temp43.tmp,,,,1024,C:\Windows\Temp,creditsafe.com,jordan.velez,8f3a2b1c-4d5e-6a7b-8c9d-0e1f2a3b4c5d,S-1-5-21-1000000000-2000000000-3000000000-104421,jordan.velez@creditsafe.com,svchost.exe file operation,svchost.exe,C:\Windows\System32,4349,High,,explorer.exe,4200,8e1d4b6a9f0c3e7d2b5a8f1c4e9d6b3a7f2c8e1,9f0c3e7d2b5a8f1c4e9d6b3a7f2c8e1d5b9a0f3c7e2d8b5a1f6c4e9d6b3a7f2,None,0,,Engineering-Developers,,,8829100000649,,,,,,,8e1d4b6a9f0c3e7d2b5a8f1c4e9d6b3a7f2c8e1,9f0c3e7d2b5a8f1c4e9d6b3a7f2c8e1d5b9a0f3c7e2d8b5a1f6c4e9d6b3a7f2,,,,2026-05-28T14:43:43Z,2026-05-28T14:43:43Z,2026-05-28T14:43:43Z,2026-05-28T14:43:43Z,DeviceFileEvents
tenant-lab-001-a000-0000-0000-000000000001,FileCreated,,,dev-01982-a1b2-c3d4-e5f6-7890abcd0198,CS-DEV-01982,temp44.tmp,,,,1024,C:\Windows\Temp,creditsafe.com,jordan.velez,8f3a2b1c-4d5e-6a7b-8c9d-0e1f2a3b4c5d,S-1-5-21-1000000000-2000000000-3000000000-104421,jordan.velez@creditsafe.com,svchost.exe file operation,svchost.exe,C:\Windows\System32,4350,High,,explorer.exe,4200,8e1d4b6a9f0c3e7d2b5a8f1c4e9d6b3a7f2c8e1,9f0c3e7d2b5a8f1c4e9d6b3a7f2c8e1d5b9a0f3c7e2d8b5a1f6c4e9d6b3a7f2,None,0,,Engineering-Developers,,,8829100000650,,,,,,,8e1d4b6a9f0c3e7d2b5a8f1c4e9d6b3a7f2c8e1,9f0c3e7d2b5a8f1c4e9d6b3a7f2c8e1d5b9a0f3c7e2d8b5a1f6c4e9d6b3a7f2,,,,2026-05-28T14:44:44Z,2026-05-28T14:44:44Z,2026-05-28T14:44:44Z,2026-05-28T14:44:44Z,DeviceFileEvents
tenant-lab-001-a000-0000-0000-000000000001,FileCreated,,,dev-01982-a1b2-c3d4-e5f6-7890abcd0198,CS-DEV-01982,temp45.tmp,,,,1024,C:\Windows\Temp,creditsafe.com,jordan.velez,8f3a2b1c-4d5e-6a7b-8c9d-0e1f2a3b4c5d,S-1-5-21-1000000000-2000000000-3000000000-104421,jordan.velez@creditsafe.com,svchost.exe file operation,svchost.exe,C:\Windows\System32,4351,High,,explorer.exe,4200,8e1d4b6a9f0c3e7d2b5a8f1c4e9d6b3a7f2c8e1,9f0c3e7d2b5a8f1c4e9d6b3a7f2c8e1d5b9a0f3c7e2d8b5a1f6c4e9d6b3a7f2,None,0,,Engineering-Developers,,,8829100000651,,,,,,,8e1d4b6a9f0c3e7d2b5a8f1c4e9d6b3a7f2c8e1,9f0c3e7d2b5a8f1c4e9d6b3a7f2c8e1d5b9a0f3c7e2d8b5a1f6c4e9d6b3a7f2,,,,2026-05-28T14:45:45Z,2026-05-28T14:45:45Z,2026-05-28T14:45:45Z,2026-05-28T14:45:45Z,DeviceFileEvents
tenant-lab-001-a000-0000-0000-000000000001,FileCreated,,,dev-01982-a1b2-c3d4-e5f6-7890abcd0198,CS-DEV-01982,temp46.tmp,,,,1024,C:\Windows\Temp,creditsafe.com,jordan.velez,8f3a2b1c-4d5e-6a7b-8c9d-0e1f2a3b4c5d,S-1-5-21-1000000000-2000000000-3000000000-104421,jordan.velez@creditsafe.com,svchost.exe file operation,svchost.exe,C:\Windows\System32,4352,High,,explorer.exe,4200,8e1d4b6a9f0c3e7d2b5a8f1c4e9d6b3a7f2c8e1,9f0c3e7d2b5a8f1c4e9d6b3a7f2c8e1d5b9a0f3c7e2d8b5a1f6c4e9d6b3a7f2,None,0,,Engineering-Developers,,,8829100000652,,,,,,,8e1d4b6a9f0c3e7d2b5a8f1c4e9d6b3a7f2c8e1,9f0c3e7d2b5a8f1c4e9d6b3a7f2c8e1d5b9a0f3c7e2d8b5a1f6c4e9d6b3a7f2,,,,2026-05-28T14:46:46Z,2026-05-28T14:46:46Z,2026-05-28T14:46:46Z,2026-05-28T14:46:46Z,DeviceFileEvents
tenant-lab-001-a000-0000-0000-000000000001,FileCreated,,,dev-01982-a1b2-c3d4-e5f6-7890abcd0198,CS-DEV-01982,temp47.tmp,,,,1024,C:\Windows\Temp,creditsafe.com,jordan.velez,8f3a2b1c-4d5e-6a7b-8c9d-0e1f2a3b4c5d,S-1-5-21-1000000000-2000000000-3000000000-104421,jordan.velez@creditsafe.com,svchost.exe file operation,svchost.exe,C:\Windows\System32,4353,High,,explorer.exe,4200,8e1d4b6a9f0c3e7d2b5a8f1c4e9d6b3a7f2c8e1,9f0c3e7d2b5a8f1c4e9d6b3a7f2c8e1d5b9a0f3c7e2d8b5a1f6c4e9d6b3a7f2,None,0,,Engineering-Developers,,,8829100000653,,,,,,,8e1d4b6a9f0c3e7d2b5a8f1c4e9d6b3a7f2c8e1,9f0c3e7d2b5a8f1c4e9d6b3a7f2c8e1d5b9a0f3c7e2d8b5a1f6c4e9d6b3a7f2,,,,2026-05-28T14:47:47Z,2026-05-28T14:47:47Z,2026-05-28T14:47:47Z,2026-05-28T14:47:47Z,DeviceFileEvents
tenant-lab-001-a000-0000-0000-000000000001,FileCreated,,,dev-01982-a1b2-c3d4-e5f6-7890abcd0198,CS-DEV-01982,temp48.tmp,,,,1024,C:\Windows\Temp,creditsafe.com,jordan.velez,8f3a2b1c-4d5e-6a7b-8c9d-0e1f2a3b4c5d,S-1-5-21-1000000000-2000000000-3000000000-104421,jordan.velez@creditsafe.com,svchost.exe file operation,svchost.exe,C:\Windows\System32,4354,High,,explorer.exe,4200,8e1d4b6a9f0c3e7d2b5a8f1c4e9d6b3a7f2c8e1,9f0c3e7d2b5a8f1c4e9d6b3a7f2c8e1d5b9a0f3c7e2d8b5a1f6c4e9d6b3a7f2,None,0,,Engineering-Developers,,,8829100000654,,,,,,,8e1d4b6a9f0c3e7d2b5a8f1c4e9d6b3a7f2c8e1,9f0c3e7d2b5a8f1c4e9d6b3a7f2c8e1d5b9a0f3c7e2d8b5a1f6c4e9d6b3a7f2,,,,2026-05-28T14:48:48Z,2026-05-28T14:48:48Z,2026-05-28T14:48:48Z,2026-05-28T14:48:48Z,DeviceFileEvents
tenant-lab-001-a000-0000-0000-000000000001,FileCreated,,,dev-01982-a1b2-c3d4-e5f6-7890abcd0198,CS-DEV-01982,temp49.tmp,,,,1024,C:\Windows\Temp,creditsafe.com,jordan.velez,8f3a2b1c-4d5e-6a7b-8c9d-0e1f2a3b4c5d,S-1-5-21-1000000000-2000000000-3000000000-104421,jordan.velez@creditsafe.com,svchost.exe file operation,svchost.exe,C:\Windows\System32,4355,High,,explorer.exe,4200,8e1d4b6a9f0c3e7d2b5a8f1c4e9d6b3a7f2c8e1,9f0c3e7d2b5a8f1c4e9d6b3a7f2c8e1d5b9a0f3c7e2d8b5a1f6c4e9d6b3a7f2,None,0,,Engineering-Developers,,,8829100000655,,,,,,,8e1d4b6a9f0c3e7d2b5a8f1c4e9d6b3a7f2c8e1,9f0c3e7d2b5a8f1c4e9d6b3a7f2c8e1d5b9a0f3c7e2d8b5a1f6c4e9d6b3a7f2,,,,2026-05-28T14:49:49Z,2026-05-28T14:49:49Z,2026-05-28T14:49:49Z,2026-05-28T14:49:49Z,DeviceFileEvents
tenant-lab-001-a000-0000-0000-000000000001,FileCreated,,,dev-01982-a1b2-c3d4-e5f6-7890abcd0198,CS-DEV-01982,temp50.tmp,,,,1024,C:\Windows\Temp,creditsafe.com,jordan.velez,8f3a2b1c-4d5e-6a7b-8c9d-0e1f2a3b4c5d,S-1-5-21-1000000000-2000000000-3000000000-104421,jordan.velez@creditsafe.com,svchost.exe file operation,svchost.exe,C:\Windows\System32,4356,High,,explorer.exe,4200,8e1d4b6a9f0c3e7d2b5a8f1c4e9d6b3a7f2c8e1,9f0c3e7d2b5a8f1c4e9d6b3a7f2c8e1d5b9a0f3c7e2d8b5a1f6c4e9d6b3a7f2,None,0,,Engineering-Developers,,,8829100000656,,,,,,,8e1d4b6a9f0c3e7d2b5a8f1c4e9d6b3a7f2c8e1,9f0c3e7d2b5a8f1c4e9d6b3a7f2c8e1d5b9a0f3c7e2d8b5a1f6c4e9d6b3a7f2,,,,2026-05-28T14:50:50Z,2026-05-28T14:50:50Z,2026-05-28T14:50:50Z,2026-05-28T14:50:50Z,DeviceFileEvents
tenant-lab-001-a000-0000-0000-000000000001,FileCreated,,,dev-01982-a1b2-c3d4-e5f6-7890abcd0198,CS-DEV-01982,temp51.tmp,,,,1024,C:\Windows\Temp,creditsafe.com,jordan.velez,8f3a2b1c-4d5e-6a7b-8c9d-0e1f2a3b4c5d,S-1-5-21-1000000000-2000000000-3000000000-104421,jordan.velez@creditsafe.com,svchost.exe file operation,svchost.exe,C:\Windows\System32,4357,High,,explorer.exe,4200,8e1d4b6a9f0c3e7d2b5a8f1c4e9d6b3a7f2c8e1,9f0c3e7d2b5a8f1c4e9d6b3a7f2c8e1d5b9a0f3c7e2d8b5a1f6c4e9d6b3a7f2,None,0,,Engineering-Developers,,,8829100000657,,,,,,,8e1d4b6a9f0c3e7d2b5a8f1c4e9d6b3a7f2c8e1,9f0c3e7d2b5a8f1c4e9d6b3a7f2c8e1d5b9a0f3c7e2d8b5a1f6c4e9d6b3a7f2,,,,2026-05-28T14:51:51Z,2026-05-28T14:51:51Z,2026-05-28T14:51:51Z,2026-05-28T14:51:51Z,DeviceFileEvents
tenant-lab-001-a000-0000-0000-000000000001,FileCreated,,,dev-01982-a1b2-c3d4-e5f6-7890abcd0198,CS-DEV-01982,temp52.tmp,,,,1024,C:\Windows\Temp,creditsafe.com,jordan.velez,8f3a2b1c-4d5e-6a7b-8c9d-0e1f2a3b4c5d,S-1-5-21-1000000000-2000000000-3000000000-104421,jordan.velez@creditsafe.com,svchost.exe file operation,svchost.exe,C:\Windows\System32,4358,High,,explorer.exe,4200,8e1d4b6a9f0c3e7d2b5a8f1c4e9d6b3a7f2c8e1,9f0c3e7d2b5a8f1c4e9d6b3a7f2c8e1d5b9a0f3c7e2d8b5a1f6c4e9d6b3a7f2,None,0,,Engineering-Developers,,,8829100000658,,,,,,,8e1d4b6a9f0c3e7d2b5a8f1c4e9d6b3a7f2c8e1,9f0c3e7d2b5a8f1c4e9d6b3a7f2c8e1d5b9a0f3c7e2d8b5a1f6c4e9d6b3a7f2,,,,2026-05-28T14:52:52Z,2026-05-28T14:52:52Z,2026-05-28T14:52:52Z,2026-05-28T14:52:52Z,DeviceFileEvents
tenant-lab-001-a000-0000-0000-000000000001,FileCreated,,,dev-01982-a1b2-c3d4-e5f6-7890abcd0198,CS-DEV-01982,temp53.tmp,,,,1024,C:\Windows\Temp,creditsafe.com,jordan.velez,8f3a2b1c-4d5e-6a7b-8c9d-0e1f2a3b4c5d,S-1-5-21-1000000000-2000000000-3000000000-104421,jordan.velez@creditsafe.com,svchost.exe file operation,svchost.exe,C:\Windows\System32,4359,High,,explorer.exe,4200,8e1d4b6a9f0c3e7d2b5a8f1c4e9d6b3a7f2c8e1,9f0c3e7d2b5a8f1c4e9d6b3a7f2c8e1d5b9a0f3c7e2d8b5a1f6c4e9d6b3a7f2,None,0,,Engineering-Developers,,,8829100000659,,,,,,,8e1d4b6a9f0c3e7d2b5a8f1c4e9d6b3a7f2c8e1,9f0c3e7d2b5a8f1c4e9d6b3a7f2c8e1d5b9a0f3c7e2d8b5a1f6c4e9d6b3a7f2,,,,2026-05-28T14:53:53Z,2026-05-28T14:53:53Z,2026-05-28T14:53:53Z,2026-05-28T14:53:53Z,DeviceFileEvents
tenant-lab-001-a000-0000-0000-000000000001,FileCreated,,,dev-01982-a1b2-c3d4-e5f6-7890abcd0198,CS-DEV-01982,temp54.tmp,,,,1024,C:\Windows\Temp,creditsafe.com,jordan.velez,8f3a2b1c-4d5e-6a7b-8c9d-0e1f2a3b4c5d,S-1-5-21-1000000000-2000000000-3000000000-104421,jordan.velez@creditsafe.com,svchost.exe file operation,svchost.exe,C:\Windows\System32,4360,High,,explorer.exe,4200,8e1d4b6a9f0c3e7d2b5a8f1c4e9d6b3a7f2c8e1,9f0c3e7d2b5a8f1c4e9d6b3a7f2c8e1d5b9a0f3c7e2d8b5a1f6c4e9d6b3a7f2,None,0,,Engineering-Developers,,,8829100000660,,,,,,,8e1d4b6a9f0c3e7d2b5a8f1c4e9d6b3a7f2c8e1,9f0c3e7d2b5a8f1c4e9d6b3a7f2c8e1d5b9a0f3c7e2d8b5a1f6c4e9d6b3a7f2,,,,2026-05-28T14:54:54Z,2026-05-28T14:54:54Z,2026-05-28T14:54:54Z,2026-05-28T14:54:54Z,DeviceFileEvents
tenant-lab-001-a000-0000-0000-000000000001,FileCreated,,,dev-01982-a1b2-c3d4-e5f6-7890abcd0198,CS-DEV-01982,temp55.tmp,,,,1024,C:\Windows\Temp,creditsafe.com,jordan.velez,8f3a2b1c-4d5e-6a7b-8c9d-0e1f2a3b4c5d,S-1-5-21-1000000000-2000000000-3000000000-104421,jordan.velez@creditsafe.com,svchost.exe file operation,svchost.exe,C:\Windows\System32,4361,High,,explorer.exe,4200,8e1d4b6a9f0c3e7d2b5a8f1c4e9d6b3a7f2c8e1,9f0c3e7d2b5a8f1c4e9d6b3a7f2c8e1d5b9a0f3c7e2d8b5a1f6c4e9d6b3a7f2,None,0,,Engineering-Developers,,,8829100000661,,,,,,,8e1d4b6a9f0c3e7d2b5a8f1c4e9d6b3a7f2c8e1,9f0c3e7d2b5a8f1c4e9d6b3a7f2c8e1d5b9a0f3c7e2d8b5a1f6c4e9d6b3a7f2,,,,2026-05-28T14:55:55Z,2026-05-28T14:55:55Z,2026-05-28T14:55:55Z,2026-05-28T14:55:55Z,DeviceFileEvents
tenant-lab-001-a000-0000-0000-000000000001,FileCreated,,,dev-01982-a1b2-c3d4-e5f6-7890abcd0198,CS-DEV-01982,temp56.tmp,,,,1024,C:\Windows\Temp,creditsafe.com,jordan.velez,8f3a2b1c-4d5e-6a7b-8c9d-0e1f2a3b4c5d,S-1-5-21-1000000000-2000000000-3000000000-104421,jordan.velez@creditsafe.com,svchost.exe file operation,svchost.exe,C:\Windows\System32,4362,High,,explorer.exe,4200,8e1d4b6a9f0c3e7d2b5a8f1c4e9d6b3a7f2c8e1,9f0c3e7d2b5a8f1c4e9d6b3a7f2c8e1d5b9a0f3c7e2d8b5a1f6c4e9d6b3a7f2,None,0,,Engineering-Developers,,,8829100000662,,,,,,,8e1d4b6a9f0c3e7d2b5a8f1c4e9d6b3a7f2c8e1,9f0c3e7d2b5a8f1c4e9d6b3a7f2c8e1d5b9a0f3c7e2d8b5a1f6c4e9d6b3a7f2,,,,2026-05-28T14:56:56Z,2026-05-28T14:56:56Z,2026-05-28T14:56:56Z,2026-05-28T14:56:56Z,DeviceFileEvents
tenant-lab-001-a000-0000-0000-000000000001,FileCreated,,,dev-01982-a1b2-c3d4-e5f6-7890abcd0198,CS-DEV-01982,temp57.tmp,,,,1024,C:\Windows\Temp,creditsafe.com,jordan.velez,8f3a2b1c-4d5e-6a7b-8c9d-0e1f2a3b4c5d,S-1-5-21-1000000000-2000000000-3000000000-104421,jordan.velez@creditsafe.com,svchost.exe file operation,svchost.exe,C:\Windows\System32,4363,High,,explorer.exe,4200,8e1d4b6a9f0c3e7d2b5a8f1c4e9d6b3a7f2c8e1,9f0c3e7d2b5a8f1c4e9d6b3a7f2c8e1d5b9a0f3c7e2d8b5a1f6c4e9d6b3a7f2,None,0,,Engineering-Developers,,,8829100000663,,,,,,,8e1d4b6a9f0c3e7d2b5a8f1c4e9d6b3a7f2c8e1,9f0c3e7d2b5a8f1c4e9d6b3a7f2c8e1d5b9a0f3c7e2d8b5a1f6c4e9d6b3a7f2,,,,2026-05-28T14:57:57Z,2026-05-28T14:57:57Z,2026-05-28T14:57:57Z,2026-05-28T14:57:57Z,DeviceFileEvents
tenant-lab-001-a000-0000-0000-000000000001,FileCreated,,,dev-01982-a1b2-c3d4-e5f6-7890abcd0198,CS-DEV-01982,temp58.tmp,,,,1024,C:\Windows\Temp,creditsafe.com,jordan.velez,8f3a2b1c-4d5e-6a7b-8c9d-0e1f2a3b4c5d,S-1-5-21-1000000000-2000000000-3000000000-104421,jordan.velez@creditsafe.com,svchost.exe file operation,svchost.exe,C:\Windows\System32,4364,High,,explorer.exe,4200,8e1d4b6a9f0c3e7d2b5a8f1c4e9d6b3a7f2c8e1,9f0c3e7d2b5a8f1c4e9d6b3a7f2c8e1d5b9a0f3c7e2d8b5a1f6c4e9d6b3a7f2,None,0,,Engineering-Developers,,,8829100000664,,,,,,,8e1d4b6a9f0c3e7d2b5a8f1c4e9d6b3a7f2c8e1,9f0c3e7d2b5a8f1c4e9d6b3a7f2c8e1d5b9a0f3c7e2d8b5a1f6c4e9d6b3a7f2,,,,2026-05-28T14:58:58Z,2026-05-28T14:58:58Z,2026-05-28T14:58:58Z,2026-05-28T14:58:58Z,DeviceFileEvents
tenant-lab-001-a000-0000-0000-000000000001,FileCreated,,,dev-01982-a1b2-c3d4-e5f6-7890abcd0198,CS-DEV-01982,temp59.tmp,,,,1024,C:\Windows\Temp,creditsafe.com,jordan.velez,8f3a2b1c-4d5e-6a7b-8c9d-0e1f2a3b4c5d,S-1-5-21-1000000000-2000000000-3000000000-104421,jordan.velez@creditsafe.com,svchost.exe file operation,svchost.exe,C:\Windows\System32,4365,High,,explorer.exe,4200,8e1d4b6a9f0c3e7d2b5a8f1c4e9d6b3a7f2c8e1,9f0c3e7d2b5a8f1c4e9d6b3a7f2c8e1d5b9a0f3c7e2d8b5a1f6c4e9d6b3a7f2,None,0,,Engineering-Developers,,,8829100000665,,,,,,,8e1d4b6a9f0c3e7d2b5a8f1c4e9d6b3a7f2c8e1,9f0c3e7d2b5a8f1c4e9d6b3a7f2c8e1d5b9a0f3c7e2d8b5a1f6c4e9d6b3a7f2,,,,2026-05-28T14:59:59Z,2026-05-28T14:59:59Z,2026-05-28T14:59:59Z,2026-05-28T14:59:59Z,DeviceFileEvents
tenant-lab-001-a000-0000-0000-000000000001,FileCreated,,,dev-01982-a1b2-c3d4-e5f6-7890abcd0198,CS-DEV-01982,temp60.tmp,,,,1024,C:\Windows\Temp,creditsafe.com,jordan.velez,8f3a2b1c-4d5e-6a7b-8c9d-0e1f2a3b4c5d,S-1-5-21-1000000000-2000000000-3000000000-104421,jordan.velez@creditsafe.com,svchost.exe file operation,svchost.exe,C:\Windows\System32,4366,High,,explorer.exe,4200,8e1d4b6a9f0c3e7d2b5a8f1c4e9d6b3a7f2c8e1,9f0c3e7d2b5a8f1c4e9d6b3a7f2c8e1d5b9a0f3c7e2d8b5a1f6c4e9d6b3a7f2,None,0,,Engineering-Developers,,,8829100000666,,,,,,,8e1d4b6a9f0c3e7d2b5a8f1c4e9d6b3a7f2c8e1,9f0c3e7d2b5a8f1c4e9d6b3a7f2c8e1d5b9a0f3c7e2d8b5a1f6c4e9d6b3a7f2,,,,2026-05-28T14:00:00Z,2026-05-28T14:00:00Z,2026-05-28T14:00:00Z,2026-05-28T14:00:00Z,DeviceFileEvents
tenant-lab-001-a000-0000-0000-000000000001,FileCreated,,,dev-01982-a1b2-c3d4-e5f6-7890abcd0198,CS-DEV-01982,temp61.tmp,,,,1024,C:\Windows\Temp,creditsafe.com,jordan.velez,8f3a2b1c-4d5e-6a7b-8c9d-0e1f2a3b4c5d,S-1-5-21-1000000000-2000000000-3000000000-104421,jordan.velez@creditsafe.com,svchost.exe file operation,svchost.exe,C:\Windows\System32,4367,High,,explorer.exe,4200,8e1d4b6a9f0c3e7d2b5a8f1c4e9d6b3a7f2c8e1,9f0c3e7d2b5a8f1c4e9d6b3a7f2c8e1d5b9a0f3c7e2d8b5a1f6c4e9d6b3a7f2,None,0,,Engineering-Developers,,,8829100000667,,,,,,,8e1d4b6a9f0c3e7d2b5a8f1c4e9d6b3a7f2c8e1,9f0c3e7d2b5a8f1c4e9d6b3a7f2c8e1d5b9a0f3c7e2d8b5a1f6c4e9d6b3a7f2,,,,2026-05-28T14:01:01Z,2026-05-28T14:01:01Z,2026-05-28T14:01:01Z,2026-05-28T14:01:01Z,DeviceFileEvents
tenant-lab-001-a000-0000-0000-000000000001,FileCreated,,,dev-01982-a1b2-c3d4-e5f6-7890abcd0198,CS-DEV-01982,temp62.tmp,,,,1024,C:\Windows\Temp,creditsafe.com,jordan.velez,8f3a2b1c-4d5e-6a7b-8c9d-0e1f2a3b4c5d,S-1-5-21-1000000000-2000000000-3000000000-104421,jordan.velez@creditsafe.com,svchost.exe file operation,svchost.exe,C:\Windows\System32,4368,High,,explorer.exe,4200,8e1d4b6a9f0c3e7d2b5a8f1c4e9d6b3a7f2c8e1,9f0c3e7d2b5a8f1c4e9d6b3a7f2c8e1d5b9a0f3c7e2d8b5a1f6c4e9d6b3a7f2,None,0,,Engineering-Developers,,,8829100000668,,,,,,,8e1d4b6a9f0c3e7d2b5a8f1c4e9d6b3a7f2c8e1,9f0c3e7d2b5a8f1c4e9d6b3a7f2c8e1d5b9a0f3c7e2d8b5a1f6c4e9d6b3a7f2,,,,2026-05-28T14:02:02Z,2026-05-28T14:02:02Z,2026-05-28T14:02:02Z,2026-05-28T14:02:02Z,DeviceFileEvents
tenant-lab-001-a000-0000-0000-000000000001,FileCreated,,,dev-01982-a1b2-c3d4-e5f6-7890abcd0198,CS-DEV-01982,temp63.tmp,,,,1024,C:\Windows\Temp,creditsafe.com,jordan.velez,8f3a2b1c-4d5e-6a7b-8c9d-0e1f2a3b4c5d,S-1-5-21-1000000000-2000000000-3000000000-104421,jordan.velez@creditsafe.com,svchost.exe file operation,svchost.exe,C:\Windows\System32,4369,High,,explorer.exe,4200,8e1d4b6a9f0c3e7d2b5a8f1c4e9d6b3a7f2c8e1,9f0c3e7d2b5a8f1c4e9d6b3a7f2c8e1d5b9a0f3c7e2d8b5a1f6c4e9d6b3a7f2,None,0,,Engineering-Developers,,,8829100000669,,,,,,,8e1d4b6a9f0c3e7d2b5a8f1c4e9d6b3a7f2c8e1,9f0c3e7d2b5a8f1c4e9d6b3a7f2c8e1d5b9a0f3c7e2d8b5a1f6c4e9d6b3a7f2,,,,2026-05-28T14:03:03Z,2026-05-28T14:03:03Z,2026-05-28T14:03:03Z,2026-05-28T14:03:03Z,DeviceFileEvents
tenant-lab-001-a000-0000-0000-000000000001,FileCreated,,,dev-01982-a1b2-c3d4-e5f6-7890abcd0198,CS-DEV-01982,temp64.tmp,,,,1024,C:\Windows\Temp,creditsafe.com,jordan.velez,8f3a2b1c-4d5e-6a7b-8c9d-0e1f2a3b4c5d,S-1-5-21-1000000000-2000000000-3000000000-104421,jordan.velez@creditsafe.com,svchost.exe file operation,svchost.exe,C:\Windows\System32,4370,High,,explorer.exe,4200,8e1d4b6a9f0c3e7d2b5a8f1c4e9d6b3a7f2c8e1,9f0c3e7d2b5a8f1c4e9d6b3a7f2c8e1d5b9a0f3c7e2d8b5a1f6c4e9d6b3a7f2,None,0,,Engineering-Developers,,,8829100000670,,,,,,,8e1d4b6a9f0c3e7d2b5a8f1c4e9d6b3a7f2c8e1,9f0c3e7d2b5a8f1c4e9d6b3a7f2c8e1d5b9a0f3c7e2d8b5a1f6c4e9d6b3a7f2,,,,2026-05-28T14:04:04Z,2026-05-28T14:04:04Z,2026-05-28T14:04:04Z,2026-05-28T14:04:04Z,DeviceFileEvents
tenant-lab-001-a000-0000-0000-000000000001,FileCreated,,,dev-01982-a1b2-c3d4-e5f6-7890abcd0198,CS-DEV-01982,temp65.tmp,,,,1024,C:\Windows\Temp,creditsafe.com,jordan.velez,8f3a2b1c-4d5e-6a7b-8c9d-0e1f2a3b4c5d,S-1-5-21-1000000000-2000000000-3000000000-104421,jordan.velez@creditsafe.com,svchost.exe file operation,svchost.exe,C:\Windows\System32,4371,High,,explorer.exe,4200,8e1d4b6a9f0c3e7d2b5a8f1c4e9d6b3a7f2c8e1,9f0c3e7d2b5a8f1c4e9d6b3a7f2c8e1d5b9a0f3c7e2d8b5a1f6c4e9d6b3a7f2,None,0,,Engineering-Developers,,,8829100000671,,,,,,,8e1d4b6a9f0c3e7d2b5a8f1c4e9d6b3a7f2c8e1,9f0c3e7d2b5a8f1c4e9d6b3a7f2c8e1d5b9a0f3c7e2d8b5a1f6c4e9d6b3a7f2,,,,2026-05-28T14:05:05Z,2026-05-28T14:05:05Z,2026-05-28T14:05:05Z,2026-05-28T14:05:05Z,DeviceFileEvents
tenant-lab-001-a000-0000-0000-000000000001,FileCreated,,,dev-01982-a1b2-c3d4-e5f6-7890abcd0198,CS-DEV-01982,temp66.tmp,,,,1024,C:\Windows\Temp,creditsafe.com,jordan.velez,8f3a2b1c-4d5e-6a7b-8c9d-0e1f2a3b4c5d,S-1-5-21-1000000000-2000000000-3000000000-104421,jordan.velez@creditsafe.com,svchost.exe file operation,svchost.exe,C:\Windows\System32,4372,High,,explorer.exe,4200,8e1d4b6a9f0c3e7d2b5a8f1c4e9d6b3a7f2c8e1,9f0c3e7d2b5a8f1c4e9d6b3a7f2c8e1d5b9a0f3c7e2d8b5a1f6c4e9d6b3a7f2,None,0,,Engineering-Developers,,,8829100000672,,,,,,,8e1d4b6a9f0c3e7d2b5a8f1c4e9d6b3a7f2c8e1,9f0c3e7d2b5a8f1c4e9d6b3a7f2c8e1d5b9a0f3c7e2d8b5a1f6c4e9d6b3a7f2,,,,2026-05-28T14:06:06Z,2026-05-28T14:06:06Z,2026-05-28T14:06:06Z,2026-05-28T14:06:06Z,DeviceFileEvents
tenant-lab-001-a000-0000-0000-000000000001,FileCreated,,,dev-01982-a1b2-c3d4-e5f6-7890abcd0198,CS-DEV-01982,temp67.tmp,,,,1024,C:\Windows\Temp,creditsafe.com,jordan.velez,8f3a2b1c-4d5e-6a7b-8c9d-0e1f2a3b4c5d,S-1-5-21-1000000000-2000000000-3000000000-104421,jordan.velez@creditsafe.com,svchost.exe file operation,svchost.exe,C:\Windows\System32,4373,High,,explorer.exe,4200,8e1d4b6a9f0c3e7d2b5a8f1c4e9d6b3a7f2c8e1,9f0c3e7d2b5a8f1c4e9d6b3a7f2c8e1d5b9a0f3c7e2d8b5a1f6c4e9d6b3a7f2,None,0,,Engineering-Developers,,,8829100000673,,,,,,,8e1d4b6a9f0c3e7d2b5a8f1c4e9d6b3a7f2c8e1,9f0c3e7d2b5a8f1c4e9d6b3a7f2c8e1d5b9a0f3c7e2d8b5a1f6c4e9d6b3a7f2,,,,2026-05-28T14:07:07Z,2026-05-28T14:07:07Z,2026-05-28T14:07:07Z,2026-05-28T14:07:07Z,DeviceFileEvents
tenant-lab-001-a000-0000-0000-000000000001,FileCreated,,,dev-01982-a1b2-c3d4-e5f6-7890abcd0198,CS-DEV-01982,temp68.tmp,,,,1024,C:\Windows\Temp,creditsafe.com,jordan.velez,8f3a2b1c-4d5e-6a7b-8c9d-0e1f2a3b4c5d,S-1-5-21-1000000000-2000000000-3000000000-104421,jordan.velez@creditsafe.com,svchost.exe file operation,svchost.exe,C:\Windows\System32,4374,High,,explorer.exe,4200,8e1d4b6a9f0c3e7d2b5a8f1c4e9d6b3a7f2c8e1,9f0c3e7d2b5a8f1c4e9d6b3a7f2c8e1d5b9a0f3c7e2d8b5a1f6c4e9d6b3a7f2,None,0,,Engineering-Developers,,,8829100000674,,,,,,,8e1d4b6a9f0c3e7d2b5a8f1c4e9d6b3a7f2c8e1,9f0c3e7d2b5a8f1c4e9d6b3a7f2c8e1d5b9a0f3c7e2d8b5a1f6c4e9d6b3a7f2,,,,2026-05-28T14:08:08Z,2026-05-28T14:08:08Z,2026-05-28T14:08:08Z,2026-05-28T14:08:08Z,DeviceFileEvents
tenant-lab-001-a000-0000-0000-000000000001,FileCreated,,,dev-01982-a1b2-c3d4-e5f6-7890abcd0198,CS-DEV-01982,temp69.tmp,,,,1024,C:\Windows\Temp,creditsafe.com,jordan.velez,8f3a2b1c-4d5e-6a7b-8c9d-0e1f2a3b4c5d,S-1-5-21-1000000000-2000000000-3000000000-104421,jordan.velez@creditsafe.com,svchost.exe file operation,svchost.exe,C:\Windows\System32,4375,High,,explorer.exe,4200,8e1d4b6a9f0c3e7d2b5a8f1c4e9d6b3a7f2c8e1,9f0c3e7d2b5a8f1c4e9d6b3a7f2c8e1d5b9a0f3c7e2d8b5a1f6c4e9d6b3a7f2,None,0,,Engineering-Developers,,,8829100000675,,,,,,,8e1d4b6a9f0c3e7d2b5a8f1c4e9d6b3a7f2c8e1,9f0c3e7d2b5a8f1c4e9d6b3a7f2c8e1d5b9a0f3c7e2d8b5a1f6c4e9d6b3a7f2,,,,2026-05-28T14:09:09Z,2026-05-28T14:09:09Z,2026-05-28T14:09:09Z,2026-05-28T14:09:09Z,DeviceFileEvents
tenant-lab-001-a000-0000-0000-000000000001,FileCreated,,,dev-01982-a1b2-c3d4-e5f6-7890abcd0198,CS-DEV-01982,temp70.tmp,,,,1024,C:\Windows\Temp,creditsafe.com,jordan.velez,8f3a2b1c-4d5e-6a7b-8c9d-0e1f2a3b4c5d,S-1-5-21-1000000000-2000000000-3000000000-104421,jordan.velez@creditsafe.com,svchost.exe file operation,svchost.exe,C:\Windows\System32,4376,High,,explorer.exe,4200,8e1d4b6a9f0c3e7d2b5a8f1c4e9d6b3a7f2c8e1,9f0c3e7d2b5a8f1c4e9d6b3a7f2c8e1d5b9a0f3c7e2d8b5a1f6c4e9d6b3a7f2,None,0,,Engineering-Developers,,,8829100000676,,,,,,,8e1d4b6a9f0c3e7d2b5a8f1c4e9d6b3a7f2c8e1,9f0c3e7d2b5a8f1c4e9d6b3a7f2c8e1d5b9a0f3c7e2d8b5a1f6c4e9d6b3a7f2,,,,2026-05-28T14:10:10Z,2026-05-28T14:10:10Z,2026-05-28T14:10:10Z,2026-05-28T14:10:10Z,DeviceFileEvents
tenant-lab-001-a000-0000-0000-000000000001,FileCreated,,,dev-01982-a1b2-c3d4-e5f6-7890abcd0198,CS-DEV-01982,temp71.tmp,,,,1024,C:\Windows\Temp,creditsafe.com,jordan.velez,8f3a2b1c-4d5e-6a7b-8c9d-0e1f2a3b4c5d,S-1-5-21-1000000000-2000000000-3000000000-104421,jordan.velez@creditsafe.com,svchost.exe file operation,svchost.exe,C:\Windows\System32,4377,High,,explorer.exe,4200,8e1d4b6a9f0c3e7d2b5a8f1c4e9d6b3a7f2c8e1,9f0c3e7d2b5a8f1c4e9d6b3a7f2c8e1d5b9a0f3c7e2d8b5a1f6c4e9d6b3a7f2,None,0,,Engineering-Developers,,,8829100000677,,,,,,,8e1d4b6a9f0c3e7d2b5a8f1c4e9d6b3a7f2c8e1,9f0c3e7d2b5a8f1c4e9d6b3a7f2c8e1d5b9a0f3c7e2d8b5a1f6c4e9d6b3a7f2,,,,2026-05-28T14:11:11Z,2026-05-28T14:11:11Z,2026-05-28T14:11:11Z,2026-05-28T14:11:11Z,DeviceFileEvents
tenant-lab-001-a000-0000-0000-000000000001,FileCreated,,,dev-01982-a1b2-c3d4-e5f6-7890abcd0198,CS-DEV-01982,temp72.tmp,,,,1024,C:\Windows\Temp,creditsafe.com,jordan.velez,8f3a2b1c-4d5e-6a7b-8c9d-0e1f2a3b4c5d,S-1-5-21-1000000000-2000000000-3000000000-104421,jordan.velez@creditsafe.com,svchost.exe file operation,svchost.exe,C:\Windows\System32,4378,High,,explorer.exe,4200,8e1d4b6a9f0c3e7d2b5a8f1c4e9d6b3a7f2c8e1,9f0c3e7d2b5a8f1c4e9d6b3a7f2c8e1d5b9a0f3c7e2d8b5a1f6c4e9d6b3a7f2,None,0,,Engineering-Developers,,,8829100000678,,,,,,,8e1d4b6a9f0c3e7d2b5a8f1c4e9d6b3a7f2c8e1,9f0c3e7d2b5a8f1c4e9d6b3a7f2c8e1d5b9a0f3c7e2d8b5a1f6c4e9d6b3a7f2,,,,2026-05-28T14:12:12Z,2026-05-28T14:12:12Z,2026-05-28T14:12:12Z,2026-05-28T14:12:12Z,DeviceFileEvents
tenant-lab-001-a000-0000-0000-000000000001,FileCreated,,,dev-01982-a1b2-c3d4-e5f6-7890abcd0198,CS-DEV-01982,temp73.tmp,,,,1024,C:\Windows\Temp,creditsafe.com,jordan.velez,8f3a2b1c-4d5e-6a7b-8c9d-0e1f2a3b4c5d,S-1-5-21-1000000000-2000000000-3000000000-104421,jordan.velez@creditsafe.com,svchost.exe file operation,svchost.exe,C:\Windows\System32,4379,High,,explorer.exe,4200,8e1d4b6a9f0c3e7d2b5a8f1c4e9d6b3a7f2c8e1,9f0c3e7d2b5a8f1c4e9d6b3a7f2c8e1d5b9a0f3c7e2d8b5a1f6c4e9d6b3a7f2,None,0,,Engineering-Developers,,,8829100000679,,,,,,,8e1d4b6a9f0c3e7d2b5a8f1c4e9d6b3a7f2c8e1,9f0c3e7d2b5a8f1c4e9d6b3a7f2c8e1d5b9a0f3c7e2d8b5a1f6c4e9d6b3a7f2,,,,2026-05-28T14:13:13Z,2026-05-28T14:13:13Z,2026-05-28T14:13:13Z,2026-05-28T14:13:13Z,DeviceFileEvents
tenant-lab-001-a000-0000-0000-000000000001,FileCreated,,,dev-01982-a1b2-c3d4-e5f6-7890abcd0198,CS-DEV-01982,temp74.tmp,,,,1024,C:\Windows\Temp,creditsafe.com,jordan.velez,8f3a2b1c-4d5e-6a7b-8c9d-0e1f2a3b4c5d,S-1-5-21-1000000000-2000000000-3000000000-104421,jordan.velez@creditsafe.com,svchost.exe file operation,svchost.exe,C:\Windows\System32,4380,High,,explorer.exe,4200,8e1d4b6a9f0c3e7d2b5a8f1c4e9d6b3a7f2c8e1,9f0c3e7d2b5a8f1c4e9d6b3a7f2c8e1d5b9a0f3c7e2d8b5a1f6c4e9d6b3a7f2,None,0,,Engineering-Developers,,,8829100000680,,,,,,,8e1d4b6a9f0c3e7d2b5a8f1c4e9d6b3a7f2c8e1,9f0c3e7d2b5a8f1c4e9d6b3a7f2c8e1d5b9a0f3c7e2d8b5a1f6c4e9d6b3a7f2,,,,2026-05-28T14:14:14Z,2026-05-28T14:14:14Z,2026-05-28T14:14:14Z,2026-05-28T14:14:14Z,DeviceFileEvents
tenant-lab-001-a000-0000-0000-000000000001,FileCreated,,,dev-01982-a1b2-c3d4-e5f6-7890abcd0198,CS-DEV-01982,temp75.tmp,,,,1024,C:\Windows\Temp,creditsafe.com,jordan.velez,8f3a2b1c-4d5e-6a7b-8c9d-0e1f2a3b4c5d,S-1-5-21-1000000000-2000000000-3000000000-104421,jordan.velez@creditsafe.com,svchost.exe file operation,svchost.exe,C:\Windows\System32,4381,High,,explorer.exe,4200,8e1d4b6a9f0c3e7d2b5a8f1c4e9d6b3a7f2c8e1,9f0c3e7d2b5a8f1c4e9d6b3a7f2c8e1d5b9a0f3c7e2d8b5a1f6c4e9d6b3a7f2,None,0,,Engineering-Developers,,,8829100000681,,,,,,,8e1d4b6a9f0c3e7d2b5a8f1c4e9d6b3a7f2c8e1,9f0c3e7d2b5a8f1c4e9d6b3a7f2c8e1d5b9a0f3c7e2d8b5a1f6c4e9d6b3a7f2,,,,2026-05-28T14:15:15Z,2026-05-28T14:15:15Z,2026-05-28T14:15:15Z,2026-05-28T14:15:15Z,DeviceFileEvents
tenant-lab-001-a000-0000-0000-000000000001,FileCreated,,,dev-01982-a1b2-c3d4-e5f6-7890abcd0198,CS-DEV-01982,temp76.tmp,,,,1024,C:\Windows\Temp,creditsafe.com,jordan.velez,8f3a2b1c-4d5e-6a7b-8c9d-0e1f2a3b4c5d,S-1-5-21-1000000000-2000000000-3000000000-104421,jordan.velez@creditsafe.com,svchost.exe file operation,svchost.exe,C:\Windows\System32,4382,High,,explorer.exe,4200,8e1d4b6a9f0c3e7d2b5a8f1c4e9d6b3a7f2c8e1,9f0c3e7d2b5a8f1c4e9d6b3a7f2c8e1d5b9a0f3c7e2d8b5a1f6c4e9d6b3a7f2,None,0,,Engineering-Developers,,,8829100000682,,,,,,,8e1d4b6a9f0c3e7d2b5a8f1c4e9d6b3a7f2c8e1,9f0c3e7d2b5a8f1c4e9d6b3a7f2c8e1d5b9a0f3c7e2d8b5a1f6c4e9d6b3a7f2,,,,2026-05-28T14:16:16Z,2026-05-28T14:16:16Z,2026-05-28T14:16:16Z,2026-05-28T14:16:16Z,DeviceFileEvents
tenant-lab-001-a000-0000-0000-000000000001,FileCreated,,,dev-01982-a1b2-c3d4-e5f6-7890abcd0198,CS-DEV-01982,temp77.tmp,,,,1024,C:\Windows\Temp,creditsafe.com,jordan.velez,8f3a2b1c-4d5e-6a7b-8c9d-0e1f2a3b4c5d,S-1-5-21-1000000000-2000000000-3000000000-104421,jordan.velez@creditsafe.com,svchost.exe file operation,svchost.exe,C:\Windows\System32,4383,High,,explorer.exe,4200,8e1d4b6a9f0c3e7d2b5a8f1c4e9d6b3a7f2c8e1,9f0c3e7d2b5a8f1c4e9d6b3a7f2c8e1d5b9a0f3c7e2d8b5a1f6c4e9d6b3a7f2,None,0,,Engineering-Developers,,,8829100000683,,,,,,,8e1d4b6a9f0c3e7d2b5a8f1c4e9d6b3a7f2c8e1,9f0c3e7d2b5a8f1c4e9d6b3a7f2c8e1d5b9a0f3c7e2d8b5a1f6c4e9d6b3a7f2,,,,2026-05-28T14:17:17Z,2026-05-28T14:17:17Z,2026-05-28T14:17:17Z,2026-05-28T14:17:17Z,DeviceFileEvents
tenant-lab-001-a000-0000-0000-000000000001,FileCreated,,,dev-01982-a1b2-c3d4-e5f6-7890abcd0198,CS-DEV-01982,temp78.tmp,,,,1024,C:\Windows\Temp,creditsafe.com,jordan.velez,8f3a2b1c-4d5e-6a7b-8c9d-0e1f2a3b4c5d,S-1-5-21-1000000000-2000000000-3000000000-104421,jordan.velez@creditsafe.com,svchost.exe file operation,svchost.exe,C:\Windows\System32,4384,High,,explorer.exe,4200,8e1d4b6a9f0c3e7d2b5a8f1c4e9d6b3a7f2c8e1,9f0c3e7d2b5a8f1c4e9d6b3a7f2c8e1d5b9a0f3c7e2d8b5a1f6c4e9d6b3a7f2,None,0,,Engineering-Developers,,,8829100000684,,,,,,,8e1d4b6a9f0c3e7d2b5a8f1c4e9d6b3a7f2c8e1,9f0c3e7d2b5a8f1c4e9d6b3a7f2c8e1d5b9a0f3c7e2d8b5a1f6c4e9d6b3a7f2,,,,2026-05-28T14:18:18Z,2026-05-28T14:18:18Z,2026-05-28T14:18:18Z,2026-05-28T14:18:18Z,DeviceFileEvents
tenant-lab-001-a000-0000-0000-000000000001,FileCreated,,,dev-01982-a1b2-c3d4-e5f6-7890abcd0198,CS-DEV-01982,temp79.tmp,,,,1024,C:\Windows\Temp,creditsafe.com,jordan.velez,8f3a2b1c-4d5e-6a7b-8c9d-0e1f2a3b4c5d,S-1-5-21-1000000000-2000000000-3000000000-104421,jordan.velez@creditsafe.com,svchost.exe file operation,svchost.exe,C:\Windows\System32,4385,High,,explorer.exe,4200,8e1d4b6a9f0c3e7d2b5a8f1c4e9d6b3a7f2c8e1,9f0c3e7d2b5a8f1c4e9d6b3a7f2c8e1d5b9a0f3c7e2d8b5a1f6c4e9d6b3a7f2,None,0,,Engineering-Developers,,,8829100000685,,,,,,,8e1d4b6a9f0c3e7d2b5a8f1c4e9d6b3a7f2c8e1,9f0c3e7d2b5a8f1c4e9d6b3a7f2c8e1d5b9a0f3c7e2d8b5a1f6c4e9d6b3a7f2,,,,2026-05-28T14:19:19Z,2026-05-28T14:19:19Z,2026-05-28T14:19:19Z,2026-05-28T14:19:19Z,DeviceFileEvents
tenant-lab-001-a000-0000-0000-000000000001,FileCreated,,,dev-01982-a1b2-c3d4-e5f6-7890abcd0198,CS-DEV-01982,temp80.tmp,,,,1024,C:\Windows\Temp,creditsafe.com,jordan.velez,8f3a2b1c-4d5e-6a7b-8c9d-0e1f2a3b4c5d,S-1-5-21-1000000000-2000000000-3000000000-104421,jordan.velez@creditsafe.com,svchost.exe file operation,svchost.exe,C:\Windows\System32,4386,High,,explorer.exe,4200,8e1d4b6a9f0c3e7d2b5a8f1c4e9d6b3a7f2c8e1,9f0c3e7d2b5a8f1c4e9d6b3a7f2c8e1d5b9a0f3c7e2d8b5a1f6c4e9d6b3a7f2,None,0,,Engineering-Developers,,,8829100000686,,,,,,,8e1d4b6a9f0c3e7d2b5a8f1c4e9d6b3a7f2c8e1,9f0c3e7d2b5a8f1c4e9d6b3a7f2c8e1d5b9a0f3c7e2d8b5a1f6c4e9d6b3a7f2,,,,2026-05-28T14:20:20Z,2026-05-28T14:20:20Z,2026-05-28T14:20:20Z,2026-05-28T14:20:20Z,DeviceFileEvents
tenant-lab-001-a000-0000-0000-000000000001,FileCreated,,,dev-01982-a1b2-c3d4-e5f6-7890abcd0198,CS-DEV-01982,temp81.tmp,,,,1024,C:\Windows\Temp,creditsafe.com,jordan.velez,8f3a2b1c-4d5e-6a7b-8c9d-0e1f2a3b4c5d,S-1-5-21-1000000000-2000000000-3000000000-104421,jordan.velez@creditsafe.com,svchost.exe file operation,svchost.exe,C:\Windows\System32,4387,High,,explorer.exe,4200,8e1d4b6a9f0c3e7d2b5a8f1c4e9d6b3a7f2c8e1,9f0c3e7d2b5a8f1c4e9d6b3a7f2c8e1d5b9a0f3c7e2d8b5a1f6c4e9d6b3a7f2,None,0,,Engineering-Developers,,,8829100000687,,,,,,,8e1d4b6a9f0c3e7d2b5a8f1c4e9d6b3a7f2c8e1,9f0c3e7d2b5a8f1c4e9d6b3a7f2c8e1d5b9a0f3c7e2d8b5a1f6c4e9d6b3a7f2,,,,2026-05-28T14:21:21Z,2026-05-28T14:21:21Z,2026-05-28T14:21:21Z,2026-05-28T14:21:21Z,DeviceFileEvents
tenant-lab-001-a000-0000-0000-000000000001,FileCreated,,,dev-01982-a1b2-c3d4-e5f6-7890abcd0198,CS-DEV-01982,temp82.tmp,,,,1024,C:\Windows\Temp,creditsafe.com,jordan.velez,8f3a2b1c-4d5e-6a7b-8c9d-0e1f2a3b4c5d,S-1-5-21-1000000000-2000000000-3000000000-104421,jordan.velez@creditsafe.com,svchost.exe file operation,svchost.exe,C:\Windows\System32,4388,High,,explorer.exe,4200,8e1d4b6a9f0c3e7d2b5a8f1c4e9d6b3a7f2c8e1,9f0c3e7d2b5a8f1c4e9d6b3a7f2c8e1d5b9a0f3c7e2d8b5a1f6c4e9d6b3a7f2,None,0,,Engineering-Developers,,,8829100000688,,,,,,,8e1d4b6a9f0c3e7d2b5a8f1c4e9d6b3a7f2c8e1,9f0c3e7d2b5a8f1c4e9d6b3a7f2c8e1d5b9a0f3c7e2d8b5a1f6c4e9d6b3a7f2,,,,2026-05-28T14:22:22Z,2026-05-28T14:22:22Z,2026-05-28T14:22:22Z,2026-05-28T14:22:22Z,DeviceFileEvents
tenant-lab-001-a000-0000-0000-000000000001,FileCreated,,,dev-01982-a1b2-c3d4-e5f6-7890abcd0198,CS-DEV-01982,temp83.tmp,,,,1024,C:\Windows\Temp,creditsafe.com,jordan.velez,8f3a2b1c-4d5e-6a7b-8c9d-0e1f2a3b4c5d,S-1-5-21-1000000000-2000000000-3000000000-104421,jordan.velez@creditsafe.com,svchost.exe file operation,svchost.exe,C:\Windows\System32,4389,High,,explorer.exe,4200,8e1d4b6a9f0c3e7d2b5a8f1c4e9d6b3a7f2c8e1,9f0c3e7d2b5a8f1c4e9d6b3a7f2c8e1d5b9a0f3c7e2d8b5a1f6c4e9d6b3a7f2,None,0,,Engineering-Developers,,,8829100000689,,,,,,,8e1d4b6a9f0c3e7d2b5a8f1c4e9d6b3a7f2c8e1,9f0c3e7d2b5a8f1c4e9d6b3a7f2c8e1d5b9a0f3c7e2d8b5a1f6c4e9d6b3a7f2,,,,2026-05-28T14:23:23Z,2026-05-28T14:23:23Z,2026-05-28T14:23:23Z,2026-05-28T14:23:23Z,DeviceFileEvents
tenant-lab-001-a000-0000-0000-000000000001,FileCreated,,,dev-01982-a1b2-c3d4-e5f6-7890abcd0198,CS-DEV-01982,temp84.tmp,,,,1024,C:\Windows\Temp,creditsafe.com,jordan.velez,8f3a2b1c-4d5e-6a7b-8c9d-0e1f2a3b4c5d,S-1-5-21-1000000000-2000000000-3000000000-104421,jordan.velez@creditsafe.com,svchost.exe file operation,svchost.exe,C:\Windows\System32,4390,High,,explorer.exe,4200,8e1d4b6a9f0c3e7d2b5a8f1c4e9d6b3a7f2c8e1,9f0c3e7d2b5a8f1c4e9d6b3a7f2c8e1d5b9a0f3c7e2d8b5a1f6c4e9d6b3a7f2,None,0,,Engineering-Developers,,,8829100000690,,,,,,,8e1d4b6a9f0c3e7d2b5a8f1c4e9d6b3a7f2c8e1,9f0c3e7d2b5a8f1c4e9d6b3a7f2c8e1d5b9a0f3c7e2d8b5a1f6c4e9d6b3a7f2,,,,2026-05-28T14:24:24Z,2026-05-28T14:24:24Z,2026-05-28T14:24:24Z,2026-05-28T14:24:24Z,DeviceFileEvents
tenant-lab-001-a000-0000-0000-000000000001,FileCreated,,,dev-01982-a1b2-c3d4-e5f6-7890abcd0198,CS-DEV-01982,temp85.tmp,,,,1024,C:\Windows\Temp,creditsafe.com,jordan.velez,8f3a2b1c-4d5e-6a7b-8c9d-0e1f2a3b4c5d,S-1-5-21-1000000000-2000000000-3000000000-104421,jordan.velez@creditsafe.com,svchost.exe file operation,svchost.exe,C:\Windows\System32,4391,High,,explorer.exe,4200,8e1d4b6a9f0c3e7d2b5a8f1c4e9d6b3a7f2c8e1,9f0c3e7d2b5a8f1c4e9d6b3a7f2c8e1d5b9a0f3c7e2d8b5a1f6c4e9d6b3a7f2,None,0,,Engineering-Developers,,,8829100000691,,,,,,,8e1d4b6a9f0c3e7d2b5a8f1c4e9d6b3a7f2c8e1,9f0c3e7d2b5a8f1c4e9d6b3a7f2c8e1d5b9a0f3c7e2d8b5a1f6c4e9d6b3a7f2,,,,2026-05-28T14:25:25Z,2026-05-28T14:25:25Z,2026-05-28T14:25:25Z,2026-05-28T14:25:25Z,DeviceFileEvents
tenant-lab-001-a000-0000-0000-000000000001,FileCreated,,,dev-01982-a1b2-c3d4-e5f6-7890abcd0198,CS-DEV-01982,temp86.tmp,,,,1024,C:\Windows\Temp,creditsafe.com,jordan.velez,8f3a2b1c-4d5e-6a7b-8c9d-0e1f2a3b4c5d,S-1-5-21-1000000000-2000000000-3000000000-104421,jordan.velez@creditsafe.com,svchost.exe file operation,svchost.exe,C:\Windows\System32,4392,High,,explorer.exe,4200,8e1d4b6a9f0c3e7d2b5a8f1c4e9d6b3a7f2c8e1,9f0c3e7d2b5a8f1c4e9d6b3a7f2c8e1d5b9a0f3c7e2d8b5a1f6c4e9d6b3a7f2,None,0,,Engineering-Developers,,,8829100000692,,,,,,,8e1d4b6a9f0c3e7d2b5a8f1c4e9d6b3a7f2c8e1,9f0c3e7d2b5a8f1c4e9d6b3a7f2c8e1d5b9a0f3c7e2d8b5a1f6c4e9d6b3a7f2,,,,2026-05-28T14:26:26Z,2026-05-28T14:26:26Z,2026-05-28T14:26:26Z,2026-05-28T14:26:26Z,DeviceFileEvents
tenant-lab-001-a000-0000-0000-000000000001,FileCreated,,,dev-01982-a1b2-c3d4-e5f6-7890abcd0198,CS-DEV-01982,temp87.tmp,,,,1024,C:\Windows\Temp,creditsafe.com,jordan.velez,8f3a2b1c-4d5e-6a7b-8c9d-0e1f2a3b4c5d,S-1-5-21-1000000000-2000000000-3000000000-104421,jordan.velez@creditsafe.com,svchost.exe file operation,svchost.exe,C:\Windows\System32,4393,High,,explorer.exe,4200,8e1d4b6a9f0c3e7d2b5a8f1c4e9d6b3a7f2c8e1,9f0c3e7d2b5a8f1c4e9d6b3a7f2c8e1d5b9a0f3c7e2d8b5a1f6c4e9d6b3a7f2,None,0,,Engineering-Developers,,,8829100000693,,,,,,,8e1d4b6a9f0c3e7d2b5a8f1c4e9d6b3a7f2c8e1,9f0c3e7d2b5a8f1c4e9d6b3a7f2c8e1d5b9a0f3c7e2d8b5a1f6c4e9d6b3a7f2,,,,2026-05-28T14:27:27Z,2026-05-28T14:27:27Z,2026-05-28T14:27:27Z,2026-05-28T14:27:27Z,DeviceFileEvents
tenant-lab-001-a000-0000-0000-000000000001,FileCreated,,,dev-01982-a1b2-c3d4-e5f6-7890abcd0198,CS-DEV-01982,temp88.tmp,,,,1024,C:\Windows\Temp,creditsafe.com,jordan.velez,8f3a2b1c-4d5e-6a7b-8c9d-0e1f2a3b4c5d,S-1-5-21-1000000000-2000000000-3000000000-104421,jordan.velez@creditsafe.com,svchost.exe file operation,svchost.exe,C:\Windows\System32,4394,High,,explorer.exe,4200,8e1d4b6a9f0c3e7d2b5a8f1c4e9d6b3a7f2c8e1,9f0c3e7d2b5a8f1c4e9d6b3a7f2c8e1d5b9a0f3c7e2d8b5a1f6c4e9d6b3a7f2,None,0,,Engineering-Developers,,,8829100000694,,,,,,,8e1d4b6a9f0c3e7d2b5a8f1c4e9d6b3a7f2c8e1,9f0c3e7d2b5a8f1c4e9d6b3a7f2c8e1d5b9a0f3c7e2d8b5a1f6c4e9d6b3a7f2,,,,2026-05-28T14:28:28Z,2026-05-28T14:28:28Z,2026-05-28T14:28:28Z,2026-05-28T14:28:28Z,DeviceFileEvents
tenant-lab-001-a000-0000-0000-000000000001,FileCreated,,,dev-01982-a1b2-c3d4-e5f6-7890abcd0198,CS-DEV-01982,temp89.tmp,,,,1024,C:\Windows\Temp,creditsafe.com,jordan.velez,8f3a2b1c-4d5e-6a7b-8c9d-0e1f2a3b4c5d,S-1-5-21-1000000000-2000000000-3000000000-104421,jordan.velez@creditsafe.com,svchost.exe file operation,svchost.exe,C:\Windows\System32,4395,High,,explorer.exe,4200,8e1d4b6a9f0c3e7d2b5a8f1c4e9d6b3a7f2c8e1,9f0c3e7d2b5a8f1c4e9d6b3a7f2c8e1d5b9a0f3c7e2d8b5a1f6c4e9d6b3a7f2,None,0,,Engineering-Developers,,,8829100000695,,,,,,,8e1d4b6a9f0c3e7d2b5a8f1c4e9d6b3a7f2c8e1,9f0c3e7d2b5a8f1c4e9d6b3a7f2c8e1d5b9a0f3c7e2d8b5a1f6c4e9d6b3a7f2,,,,2026-05-28T14:29:29Z,2026-05-28T14:29:29Z,2026-05-28T14:29:29Z,2026-05-28T14:29:29Z,DeviceFileEvents
tenant-lab-001-a000-0000-0000-000000000001,FileCreated,,,dev-01982-a1b2-c3d4-e5f6-7890abcd0198,CS-DEV-01982,temp90.tmp,,,,1024,C:\Windows\Temp,creditsafe.com,jordan.velez,8f3a2b1c-4d5e-6a7b-8c9d-0e1f2a3b4c5d,S-1-5-21-1000000000-2000000000-3000000000-104421,jordan.velez@creditsafe.com,svchost.exe file operation,svchost.exe,C:\Windows\System32,4396,High,,explorer.exe,4200,8e1d4b6a9f0c3e7d2b5a8f1c4e9d6b3a7f2c8e1,9f0c3e7d2b5a8f1c4e9d6b3a7f2c8e1d5b9a0f3c7e2d8b5a1f6c4e9d6b3a7f2,None,0,,Engineering-Developers,,,8829100000696,,,,,,,8e1d4b6a9f0c3e7d2b5a8f1c4e9d6b3a7f2c8e1,9f0c3e7d2b5a8f1c4e9d6b3a7f2c8e1d5b9a0f3c7e2d8b5a1f6c4e9d6b3a7f2,,,,2026-05-28T14:30:30Z,2026-05-28T14:30:30Z,2026-05-28T14:30:30Z,2026-05-28T14:30:30Z,DeviceFileEvents
tenant-lab-001-a000-0000-0000-000000000001,FileCreated,,,dev-01982-a1b2-c3d4-e5f6-7890abcd0198,CS-DEV-01982,temp91.tmp,,,,1024,C:\Windows\Temp,creditsafe.com,jordan.velez,8f3a2b1c-4d5e-6a7b-8c9d-0e1f2a3b4c5d,S-1-5-21-1000000000-2000000000-3000000000-104421,jordan.velez@creditsafe.com,svchost.exe file operation,svchost.exe,C:\Windows\System32,4397,High,,explorer.exe,4200,8e1d4b6a9f0c3e7d2b5a8f1c4e9d6b3a7f2c8e1,9f0c3e7d2b5a8f1c4e9d6b3a7f2c8e1d5b9a0f3c7e2d8b5a1f6c4e9d6b3a7f2,None,0,,Engineering-Developers,,,8829100000697,,,,,,,8e1d4b6a9f0c3e7d2b5a8f1c4e9d6b3a7f2c8e1,9f0c3e7d2b5a8f1c4e9d6b3a7f2c8e1d5b9a0f3c7e2d8b5a1f6c4e9d6b3a7f2,,,,2026-05-28T14:31:31Z,2026-05-28T14:31:31Z,2026-05-28T14:31:31Z,2026-05-28T14:31:31Z,DeviceFileEvents
tenant-lab-001-a000-0000-0000-000000000001,FileCreated,,,dev-01982-a1b2-c3d4-e5f6-7890abcd0198,CS-DEV-01982,temp92.tmp,,,,1024,C:\Windows\Temp,creditsafe.com,jordan.velez,8f3a2b1c-4d5e-6a7b-8c9d-0e1f2a3b4c5d,S-1-5-21-1000000000-2000000000-3000000000-104421,jordan.velez@creditsafe.com,svchost.exe file operation,svchost.exe,C:\Windows\System32,4398,High,,explorer.exe,4200,8e1d4b6a9f0c3e7d2b5a8f1c4e9d6b3a7f2c8e1,9f0c3e7d2b5a8f1c4e9d6b3a7f2c8e1d5b9a0f3c7e2d8b5a1f6c4e9d6b3a7f2,None,0,,Engineering-Developers,,,8829100000698,,,,,,,8e1d4b6a9f0c3e7d2b5a8f1c4e9d6b3a7f2c8e1,9f0c3e7d2b5a8f1c4e9d6b3a7f2c8e1d5b9a0f3c7e2d8b5a1f6c4e9d6b3a7f2,,,,2026-05-28T14:32:32Z,2026-05-28T14:32:32Z,2026-05-28T14:32:32Z,2026-05-28T14:32:32Z,DeviceFileEvents
tenant-lab-001-a000-0000-0000-000000000001,FileCreated,,,dev-01982-a1b2-c3d4-e5f6-7890abcd0198,CS-DEV-01982,temp93.tmp,,,,1024,C:\Windows\Temp,creditsafe.com,jordan.velez,8f3a2b1c-4d5e-6a7b-8c9d-0e1f2a3b4c5d,S-1-5-21-1000000000-2000000000-3000000000-104421,jordan.velez@creditsafe.com,svchost.exe file operation,svchost.exe,C:\Windows\System32,4399,High,,explorer.exe,4200,8e1d4b6a9f0c3e7d2b5a8f1c4e9d6b3a7f2c8e1,9f0c3e7d2b5a8f1c4e9d6b3a7f2c8e1d5b9a0f3c7e2d8b5a1f6c4e9d6b3a7f2,None,0,,Engineering-Developers,,,8829100000699,,,,,,,8e1d4b6a9f0c3e7d2b5a8f1c4e9d6b3a7f2c8e1,9f0c3e7d2b5a8f1c4e9d6b3a7f2c8e1d5b9a0f3c7e2d8b5a1f6c4e9d6b3a7f2,,,,2026-05-28T14:33:33Z,2026-05-28T14:33:33Z,2026-05-28T14:33:33Z,2026-05-28T14:33:33Z,DeviceFileEvents
tenant-lab-001-a000-0000-0000-000000000001,FileCreated,,,dev-01982-a1b2-c3d4-e5f6-7890abcd0198,CS-DEV-01982,temp94.tmp,,,,1024,C:\Windows\Temp,creditsafe.com,jordan.velez,8f3a2b1c-4d5e-6a7b-8c9d-0e1f2a3b4c5d,S-1-5-21-1000000000-2000000000-3000000000-104421,jordan.velez@creditsafe.com,svchost.exe file operation,svchost.exe,C:\Windows\System32,4400,High,,explorer.exe,4200,8e1d4b6a9f0c3e7d2b5a8f1c4e9d6b3a7f2c8e1,9f0c3e7d2b5a8f1c4e9d6b3a7f2c8e1d5b9a0f3c7e2d8b5a1f6c4e9d6b3a7f2,None,0,,Engineering-Developers,,,8829100000700,,,,,,,8e1d4b6a9f0c3e7d2b5a8f1c4e9d6b3a7f2c8e1,9f0c3e7d2b5a8f1c4e9d6b3a7f2c8e1d5b9a0f3c7e2d8b5a1f6c4e9d6b3a7f2,,,,2026-05-28T14:34:34Z,2026-05-28T14:34:34Z,2026-05-28T14:34:34Z,2026-05-28T14:34:34Z,DeviceFileEvents
tenant-lab-001-a000-0000-0000-000000000001,FileCreated,,,dev-01982-a1b2-c3d4-e5f6-7890abcd0198,CS-DEV-01982,temp95.tmp,,,,1024,C:\Windows\Temp,creditsafe.com,jordan.velez,8f3a2b1c-4d5e-6a7b-8c9d-0e1f2a3b4c5d,S-1-5-21-1000000000-2000000000-3000000000-104421,jordan.velez@creditsafe.com,svchost.exe file operation,svchost.exe,C:\Windows\System32,4401,High,,explorer.exe,4200,8e1d4b6a9f0c3e7d2b5a8f1c4e9d6b3a7f2c8e1,9f0c3e7d2b5a8f1c4e9d6b3a7f2c8e1d5b9a0f3c7e2d8b5a1f6c4e9d6b3a7f2,None,0,,Engineering-Developers,,,8829100000701,,,,,,,8e1d4b6a9f0c3e7d2b5a8f1c4e9d6b3a7f2c8e1,9f0c3e7d2b5a8f1c4e9d6b3a7f2c8e1d5b9a0f3c7e2d8b5a1f6c4e9d6b3a7f2,,,,2026-05-28T14:35:35Z,2026-05-28T14:35:35Z,2026-05-28T14:35:35Z,2026-05-28T14:35:35Z,DeviceFileEvents
tenant-lab-001-a000-0000-0000-000000000001,FileCreated,,,dev-01982-a1b2-c3d4-e5f6-7890abcd0198,CS-DEV-01982,temp96.tmp,,,,1024,C:\Windows\Temp,creditsafe.com,jordan.velez,8f3a2b1c-4d5e-6a7b-8c9d-0e1f2a3b4c5d,S-1-5-21-1000000000-2000000000-3000000000-104421,jordan.velez@creditsafe.com,svchost.exe file operation,svchost.exe,C:\Windows\System32,4402,High,,explorer.exe,4200,8e1d4b6a9f0c3e7d2b5a8f1c4e9d6b3a7f2c8e1,9f0c3e7d2b5a8f1c4e9d6b3a7f2c8e1d5b9a0f3c7e2d8b5a1f6c4e9d6b3a7f2,None,0,,Engineering-Developers,,,8829100000702,,,,,,,8e1d4b6a9f0c3e7d2b5a8f1c4e9d6b3a7f2c8e1,9f0c3e7d2b5a8f1c4e9d6b3a7f2c8e1d5b9a0f3c7e2d8b5a1f6c4e9d6b3a7f2,,,,2026-05-28T14:36:36Z,2026-05-28T14:36:36Z,2026-05-28T14:36:36Z,2026-05-28T14:36:36Z,DeviceFileEvents
tenant-lab-001-a000-0000-0000-000000000001,FileCreated,,,dev-01982-a1b2-c3d4-e5f6-7890abcd0198,CS-DEV-01982,temp97.tmp,,,,1024,C:\Windows\Temp,creditsafe.com,jordan.velez,8f3a2b1c-4d5e-6a7b-8c9d-0e1f2a3b4c5d,S-1-5-21-1000000000-2000000000-3000000000-104421,jordan.velez@creditsafe.com,svchost.exe file operation,svchost.exe,C:\Windows\System32,4403,High,,explorer.exe,4200,8e1d4b6a9f0c3e7d2b5a8f1c4e9d6b3a7f2c8e1,9f0c3e7d2b5a8f1c4e9d6b3a7f2c8e1d5b9a0f3c7e2d8b5a1f6c4e9d6b3a7f2,None,0,,Engineering-Developers,,,8829100000703,,,,,,,8e1d4b6a9f0c3e7d2b5a8f1c4e9d6b3a7f2c8e1,9f0c3e7d2b5a8f1c4e9d6b3a7f2c8e1d5b9a0f3c7e2d8b5a1f6c4e9d6b3a7f2,,,,2026-05-28T14:37:37Z,2026-05-28T14:37:37Z,2026-05-28T14:37:37Z,2026-05-28T14:37:37Z,DeviceFileEvents
tenant-lab-001-a000-0000-0000-000000000001,FileCreated,,,dev-01982-a1b2-c3d4-e5f6-7890abcd0198,CS-DEV-01982,temp98.tmp,,,,1024,C:\Windows\Temp,creditsafe.com,jordan.velez,8f3a2b1c-4d5e-6a7b-8c9d-0e1f2a3b4c5d,S-1-5-21-1000000000-2000000000-3000000000-104421,jordan.velez@creditsafe.com,svchost.exe file operation,svchost.exe,C:\Windows\System32,4404,High,,explorer.exe,4200,8e1d4b6a9f0c3e7d2b5a8f1c4e9d6b3a7f2c8e1,9f0c3e7d2b5a8f1c4e9d6b3a7f2c8e1d5b9a0f3c7e2d8b5a1f6c4e9d6b3a7f2,None,0,,Engineering-Developers,,,8829100000704,,,,,,,8e1d4b6a9f0c3e7d2b5a8f1c4e9d6b3a7f2c8e1,9f0c3e7d2b5a8f1c4e9d6b3a7f2c8e1d5b9a0f3c7e2d8b5a1f6c4e9d6b3a7f2,,,,2026-05-28T14:38:38Z,2026-05-28T14:38:38Z,2026-05-28T14:38:38Z,2026-05-28T14:38:38Z,DeviceFileEvents
tenant-lab-001-a000-0000-0000-000000000001,FileCreated,,,dev-01982-a1b2-c3d4-e5f6-7890abcd0198,CS-DEV-01982,temp99.tmp,,,,1024,C:\Windows\Temp,creditsafe.com,jordan.velez,8f3a2b1c-4d5e-6a7b-8c9d-0e1f2a3b4c5d,S-1-5-21-1000000000-2000000000-3000000000-104421,jordan.velez@creditsafe.com,svchost.exe file operation,svchost.exe,C:\Windows\System32,4405,High,,explorer.exe,4200,8e1d4b6a9f0c3e7d2b5a8f1c4e9d6b3a7f2c8e1,9f0c3e7d2b5a8f1c4e9d6b3a7f2c8e1d5b9a0f3c7e2d8b5a1f6c4e9d6b3a7f2,None,0,,Engineering-Developers,,,8829100000705,,,,,,,8e1d4b6a9f0c3e7d2b5a8f1c4e9d6b3a7f2c8e1,9f0c3e7d2b5a8f1c4e9d6b3a7f2c8e1d5b9a0f3c7e2d8b5a1f6c4e9d6b3a7f2,,,,2026-05-28T14:39:39Z,2026-05-28T14:39:39Z,2026-05-28T14:39:39Z,2026-05-28T14:39:39Z,DeviceFileEvents
