TenantId,ActionType,AdditionalFields,AppGuardContainerId,DeviceId,DeviceName,InitiatingProcessAccountDomain,InitiatingProcessAccountName,InitiatingProcessAccountObjectId,InitiatingProcessAccountSid,InitiatingProcessAccountUpn,InitiatingProcessCommandLine,InitiatingProcessFileName,InitiatingProcessFolderPath,InitiatingProcessId,InitiatingProcessIntegrityLevel,InitiatingProcessMD5,InitiatingProcessParentFileName,InitiatingProcessParentId,InitiatingProcessSHA1,InitiatingProcessSHA256,InitiatingProcessTokenElevation,InitiatingProcessFileSize,InitiatingProcessVersionInfoCompanyName,InitiatingProcessVersionInfoProductName,InitiatingProcessVersionInfoProductVersion,InitiatingProcessVersionInfoInternalFileName,InitiatingProcessVersionInfoOriginalFileName,InitiatingProcessVersionInfoFileDescription,LocalIP,LocalIPType,LocalPort,MachineGroup,Protocol,RemoteIP,RemoteIPType,RemotePort,RemoteUrl,ReportId,TimeGenerated,Timestamp,InitiatingProcessParentCreationTime,InitiatingProcessCreationTime,InitiatingProcessSessionId,IsInitiatingProcessRemoteSession,InitiatingProcessRemoteSessionDeviceName,InitiatingProcessRemoteSessionIP,InitiatingProcessUniqueId,SourceSystem,Type
tenant-lab-001-a000-0000-0000-000000000001,ConnectionSuccess,"{""BenignUpdate"":true}",,dev-01982-a1b2-c3d4-e5f6-7890abcd0198,CS-DEV-01982,creditsafe.com,jordan.velez,8f3a2b1c-4d5e-6a7b-8c9d-0e1f2a3b4c5d,S-1-5-21-1000000000-2000000000-3000000000-104421,jordan.velez@creditsafe.com,Code.exe network activity,Code.exe,C:\Program Files,4300,High,,explorer.exe,4200,7a3f9c2e1b8d4f6a0c5e9d3b7a2f1c8e4d6b9a0,a7f3c91e2b8d4f6a0c1e5d9b3a7f2c8e1d4b6a9f0c3e7d2b5a8f1c4e9d6b3a7f2,None,0,Microsoft Corporation,Code.exe,10.0,Code.exe,Code.exe,Code.exe,10.24.18.55,Private,52000,Engineering-Developers,Tcp,198.51.100.10,Public,443,https://update.code.visualstudio.com,8829100000500,2026-05-28T08:05:30Z,2026-05-28T08:05:30Z,2026-05-28T08:05:30Z,2026-05-28T08:05:30Z,1,0,,,ip-code-net,Detection,DeviceNetworkEvents
tenant-lab-001-a000-0000-0000-000000000001,ConnectionSuccess,"{""PackageDownload"":true}",,dev-01982-a1b2-c3d4-e5f6-7890abcd0198,CS-DEV-01982,creditsafe.com,jordan.velez,8f3a2b1c-4d5e-6a7b-8c9d-0e1f2a3b4c5d,S-1-5-21-1000000000-2000000000-3000000000-104421,jordan.velez@creditsafe.com,node.exe network activity,node.exe,C:\Program Files,4301,High,,explorer.exe,4200,7a3f9c2e1b8d4f6a0c5e9d3b7a2f1c8e4d6b9a0,a7f3c91e2b8d4f6a0c1e5d9b3a7f2c8e1d4b6a9f0c3e7d2b5a8f1c4e9d6b3a7f2,None,0,Microsoft Corporation,node.exe,10.0,node.exe,node.exe,node.exe,10.24.18.55,Private,52001,Engineering-Developers,Tcp,198.51.100.22,Public,443,https://pkg-cache-lab.invalid/v2/registry/@labdev/telemetry-helper/-/telemetry-helper-2.1.4.tgz,8829100000501,2026-05-28T09:10:40Z,2026-05-28T09:10:40Z,2026-05-28T09:10:40Z,2026-05-28T09:10:40Z,1,0,,,ip-npm-pkg,Detection,DeviceNetworkEvents
tenant-lab-001-a000-0000-0000-000000000001,ConnectionSuccess,"{""BytesOut"":2048,""ProvesExfiltration"":false}",,dev-01982-a1b2-c3d4-e5f6-7890abcd0198,CS-DEV-01982,creditsafe.com,jordan.velez,8f3a2b1c-4d5e-6a7b-8c9d-0e1f2a3b4c5d,S-1-5-21-1000000000-2000000000-3000000000-104421,jordan.velez@creditsafe.com,powershell.exe network activity,powershell.exe,C:\Program Files,4302,High,,explorer.exe,4200,4e9d6b3a7f2c8e1d5b9a0f3c7e2d8b5a1f6c4e9,c4e9d6b3a7f2c8e1d5b9a0f3c7e2d8b5a1f6c4e9d3b7a2f8c1e5d9b6a3f7c2e8,None,0,Microsoft Corporation,powershell.exe,10.0,powershell.exe,powershell.exe,powershell.exe,10.24.18.55,Private,52002,Engineering-Developers,Tcp,203.0.113.47,Public,443,https://update-cdn-lab.example/sync/v1/channel,8829100000502,2026-05-28T09:16:44Z,2026-05-28T09:16:44Z,2026-05-28T09:16:44Z,2026-05-28T09:16:44Z,1,0,,,ip-ps-c2,Detection,DeviceNetworkEvents
tenant-lab-001-a000-0000-0000-000000000001,ConnectionFailed,"{""BlockedBy"":""NetworkProtection"",""Error"":""ConnectionBlocked""}",,dev-01982-a1b2-c3d4-e5f6-7890abcd0198,CS-DEV-01982,creditsafe.com,jordan.velez,8f3a2b1c-4d5e-6a7b-8c9d-0e1f2a3b4c5d,S-1-5-21-1000000000-2000000000-3000000000-104421,jordan.velez@creditsafe.com,powershell.exe network activity,powershell.exe,C:\Program Files,4303,High,,explorer.exe,4200,4e9d6b3a7f2c8e1d5b9a0f3c7e2d8b5a1f6c4e9,c4e9d6b3a7f2c8e1d5b9a0f3c7e2d8b5a1f6c4e9d3b7a2f8c1e5d9b6a3f7c2e8,None,0,Microsoft Corporation,powershell.exe,10.0,powershell.exe,powershell.exe,powershell.exe,10.24.18.55,Private,52003,Engineering-Developers,Tcp,203.0.113.99,Public,443,https://exfil-gateway-lab.invalid/upload,8829100000503,2026-05-28T09:17:02Z,2026-05-28T09:17:02Z,2026-05-28T09:17:02Z,2026-05-28T09:17:02Z,1,0,,,ip-ps-blocked,Detection,DeviceNetworkEvents
tenant-lab-001-a000-0000-0000-000000000001,ConnectionSuccess,"{""Benign"":true}",,dev-01982-a1b2-c3d4-e5f6-7890abcd0198,CS-DEV-01982,creditsafe.com,jordan.velez,8f3a2b1c-4d5e-6a7b-8c9d-0e1f2a3b4c5d,S-1-5-21-1000000000-2000000000-3000000000-104421,jordan.velez@creditsafe.com,dotnet.exe network activity,dotnet.exe,C:\Program Files,4304,High,,explorer.exe,4200,7a3f9c2e1b8d4f6a0c5e9d3b7a2f1c8e4d6b9a0,a7f3c91e2b8d4f6a0c1e5d9b3a7f2c8e1d4b6a9f0c3e7d2b5a8f1c4e9d6b3a7f2,None,0,Microsoft Corporation,dotnet.exe,10.0,dotnet.exe,dotnet.exe,dotnet.exe,10.24.18.55,Private,52004,Engineering-Developers,Tcp,151.101.1.41,Public,443,https://api.nuget.org/v3/index.json,8829100000504,2026-05-28T08:21:00Z,2026-05-28T08:21:00Z,2026-05-28T08:21:00Z,2026-05-28T08:21:00Z,1,0,,,ip-nuget,Detection,DeviceNetworkEvents
tenant-lab-001-a000-0000-0000-000000000001,ConnectionSuccess,"{""BenignCacheVerify"":true}",,dev-01982-a1b2-c3d4-e5f6-7890abcd0198,CS-DEV-01982,creditsafe.com,jordan.velez,8f3a2b1c-4d5e-6a7b-8c9d-0e1f2a3b4c5d,S-1-5-21-1000000000-2000000000-3000000000-104421,jordan.velez@creditsafe.com,npm.exe network activity,npm.exe,C:\Program Files,4305,High,,explorer.exe,4200,7a3f9c2e1b8d4f6a0c5e9d3b7a2f1c8e4d6b9a0,a7f3c91e2b8d4f6a0c1e5d9b3a7f2c8e1d4b6a9f0c3e7d2b5a8f1c4e9d6b3a7f2,None,0,Microsoft Corporation,npm.exe,10.0,npm.exe,npm.exe,npm.exe,10.24.18.55,Private,52005,Engineering-Developers,Tcp,104.16.0.1,Public,443,https://registry.npmjs.org/-/ping,8829100000505,2026-05-28T09:23:00Z,2026-05-28T09:23:00Z,2026-05-28T09:23:00Z,2026-05-28T09:23:00Z,1,0,,,ip-npm-ping,Detection,DeviceNetworkEvents
tenant-lab-001-a000-0000-0000-000000000001,ConnectionSuccess,"{""BenignBrowsing"":true}",,dev-01982-a1b2-c3d4-e5f6-7890abcd0198,CS-DEV-01982,creditsafe.com,jordan.velez,8f3a2b1c-4d5e-6a7b-8c9d-0e1f2a3b4c5d,S-1-5-21-1000000000-2000000000-3000000000-104421,jordan.velez@creditsafe.com,chrome.exe network activity,chrome.exe,C:\Program Files,4306,High,,explorer.exe,4200,7a3f9c2e1b8d4f6a0c5e9d3b7a2f1c8e4d6b9a0,a7f3c91e2b8d4f6a0c1e5d9b3a7f2c8e1d4b6a9f0c3e7d2b5a8f1c4e9d6b3a7f2,None,0,Microsoft Corporation,chrome.exe,10.0,chrome.exe,chrome.exe,chrome.exe,10.24.18.55,Private,52006,Engineering-Developers,Tcp,198.51.100.0,Public,443,https://example0.com,8829100000506,2026-05-28T13:00:00Z,2026-05-28T13:00:00Z,2026-05-28T13:00:00Z,2026-05-28T13:00:00Z,1,0,,,ip-chrome-0,Detection,DeviceNetworkEvents
tenant-lab-001-a000-0000-0000-000000000001,ConnectionSuccess,"{""BenignBrowsing"":true}",,dev-01982-a1b2-c3d4-e5f6-7890abcd0198,CS-DEV-01982,creditsafe.com,jordan.velez,8f3a2b1c-4d5e-6a7b-8c9d-0e1f2a3b4c5d,S-1-5-21-1000000000-2000000000-3000000000-104421,jordan.velez@creditsafe.com,chrome.exe network activity,chrome.exe,C:\Program Files,4307,High,,explorer.exe,4200,7a3f9c2e1b8d4f6a0c5e9d3b7a2f1c8e4d6b9a0,a7f3c91e2b8d4f6a0c1e5d9b3a7f2c8e1d4b6a9f0c3e7d2b5a8f1c4e9d6b3a7f2,None,0,Microsoft Corporation,chrome.exe,10.0,chrome.exe,chrome.exe,chrome.exe,10.24.18.55,Private,52007,Engineering-Developers,Tcp,198.51.100.1,Public,443,https://example1.com,8829100000507,2026-05-28T13:01:01Z,2026-05-28T13:01:01Z,2026-05-28T13:01:01Z,2026-05-28T13:01:01Z,1,0,,,ip-chrome-1,Detection,DeviceNetworkEvents
tenant-lab-001-a000-0000-0000-000000000001,ConnectionSuccess,"{""BenignBrowsing"":true}",,dev-01982-a1b2-c3d4-e5f6-7890abcd0198,CS-DEV-01982,creditsafe.com,jordan.velez,8f3a2b1c-4d5e-6a7b-8c9d-0e1f2a3b4c5d,S-1-5-21-1000000000-2000000000-3000000000-104421,jordan.velez@creditsafe.com,chrome.exe network activity,chrome.exe,C:\Program Files,4308,High,,explorer.exe,4200,7a3f9c2e1b8d4f6a0c5e9d3b7a2f1c8e4d6b9a0,a7f3c91e2b8d4f6a0c1e5d9b3a7f2c8e1d4b6a9f0c3e7d2b5a8f1c4e9d6b3a7f2,None,0,Microsoft Corporation,chrome.exe,10.0,chrome.exe,chrome.exe,chrome.exe,10.24.18.55,Private,52008,Engineering-Developers,Tcp,198.51.100.2,Public,443,https://example2.com,8829100000508,2026-05-28T13:02:02Z,2026-05-28T13:02:02Z,2026-05-28T13:02:02Z,2026-05-28T13:02:02Z,1,0,,,ip-chrome-2,Detection,DeviceNetworkEvents
tenant-lab-001-a000-0000-0000-000000000001,ConnectionSuccess,"{""BenignBrowsing"":true}",,dev-01982-a1b2-c3d4-e5f6-7890abcd0198,CS-DEV-01982,creditsafe.com,jordan.velez,8f3a2b1c-4d5e-6a7b-8c9d-0e1f2a3b4c5d,S-1-5-21-1000000000-2000000000-3000000000-104421,jordan.velez@creditsafe.com,chrome.exe network activity,chrome.exe,C:\Program Files,4309,High,,explorer.exe,4200,7a3f9c2e1b8d4f6a0c5e9d3b7a2f1c8e4d6b9a0,a7f3c91e2b8d4f6a0c1e5d9b3a7f2c8e1d4b6a9f0c3e7d2b5a8f1c4e9d6b3a7f2,None,0,Microsoft Corporation,chrome.exe,10.0,chrome.exe,chrome.exe,chrome.exe,10.24.18.55,Private,52009,Engineering-Developers,Tcp,198.51.100.3,Public,443,https://example3.com,8829100000509,2026-05-28T13:03:03Z,2026-05-28T13:03:03Z,2026-05-28T13:03:03Z,2026-05-28T13:03:03Z,1,0,,,ip-chrome-3,Detection,DeviceNetworkEvents
tenant-lab-001-a000-0000-0000-000000000001,ConnectionSuccess,"{""BenignBrowsing"":true}",,dev-01982-a1b2-c3d4-e5f6-7890abcd0198,CS-DEV-01982,creditsafe.com,jordan.velez,8f3a2b1c-4d5e-6a7b-8c9d-0e1f2a3b4c5d,S-1-5-21-1000000000-2000000000-3000000000-104421,jordan.velez@creditsafe.com,chrome.exe network activity,chrome.exe,C:\Program Files,4310,High,,explorer.exe,4200,7a3f9c2e1b8d4f6a0c5e9d3b7a2f1c8e4d6b9a0,a7f3c91e2b8d4f6a0c1e5d9b3a7f2c8e1d4b6a9f0c3e7d2b5a8f1c4e9d6b3a7f2,None,0,Microsoft Corporation,chrome.exe,10.0,chrome.exe,chrome.exe,chrome.exe,10.24.18.55,Private,52010,Engineering-Developers,Tcp,198.51.100.4,Public,443,https://example4.com,8829100000510,2026-05-28T13:04:04Z,2026-05-28T13:04:04Z,2026-05-28T13:04:04Z,2026-05-28T13:04:04Z,1,0,,,ip-chrome-4,Detection,DeviceNetworkEvents
tenant-lab-001-a000-0000-0000-000000000001,ConnectionSuccess,"{""BenignBrowsing"":true}",,dev-01982-a1b2-c3d4-e5f6-7890abcd0198,CS-DEV-01982,creditsafe.com,jordan.velez,8f3a2b1c-4d5e-6a7b-8c9d-0e1f2a3b4c5d,S-1-5-21-1000000000-2000000000-3000000000-104421,jordan.velez@creditsafe.com,chrome.exe network activity,chrome.exe,C:\Program Files,4311,High,,explorer.exe,4200,7a3f9c2e1b8d4f6a0c5e9d3b7a2f1c8e4d6b9a0,a7f3c91e2b8d4f6a0c1e5d9b3a7f2c8e1d4b6a9f0c3e7d2b5a8f1c4e9d6b3a7f2,None,0,Microsoft Corporation,chrome.exe,10.0,chrome.exe,chrome.exe,chrome.exe,10.24.18.55,Private,52011,Engineering-Developers,Tcp,198.51.100.5,Public,443,https://example5.com,8829100000511,2026-05-28T13:05:05Z,2026-05-28T13:05:05Z,2026-05-28T13:05:05Z,2026-05-28T13:05:05Z,1,0,,,ip-chrome-5,Detection,DeviceNetworkEvents
tenant-lab-001-a000-0000-0000-000000000001,ConnectionSuccess,"{""BenignBrowsing"":true}",,dev-01982-a1b2-c3d4-e5f6-7890abcd0198,CS-DEV-01982,creditsafe.com,jordan.velez,8f3a2b1c-4d5e-6a7b-8c9d-0e1f2a3b4c5d,S-1-5-21-1000000000-2000000000-3000000000-104421,jordan.velez@creditsafe.com,chrome.exe network activity,chrome.exe,C:\Program Files,4312,High,,explorer.exe,4200,7a3f9c2e1b8d4f6a0c5e9d3b7a2f1c8e4d6b9a0,a7f3c91e2b8d4f6a0c1e5d9b3a7f2c8e1d4b6a9f0c3e7d2b5a8f1c4e9d6b3a7f2,None,0,Microsoft Corporation,chrome.exe,10.0,chrome.exe,chrome.exe,chrome.exe,10.24.18.55,Private,52012,Engineering-Developers,Tcp,198.51.100.6,Public,443,https://example6.com,8829100000512,2026-05-28T13:06:06Z,2026-05-28T13:06:06Z,2026-05-28T13:06:06Z,2026-05-28T13:06:06Z,1,0,,,ip-chrome-6,Detection,DeviceNetworkEvents
tenant-lab-001-a000-0000-0000-000000000001,ConnectionSuccess,"{""BenignBrowsing"":true}",,dev-01982-a1b2-c3d4-e5f6-7890abcd0198,CS-DEV-01982,creditsafe.com,jordan.velez,8f3a2b1c-4d5e-6a7b-8c9d-0e1f2a3b4c5d,S-1-5-21-1000000000-2000000000-3000000000-104421,jordan.velez@creditsafe.com,chrome.exe network activity,chrome.exe,C:\Program Files,4313,High,,explorer.exe,4200,7a3f9c2e1b8d4f6a0c5e9d3b7a2f1c8e4d6b9a0,a7f3c91e2b8d4f6a0c1e5d9b3a7f2c8e1d4b6a9f0c3e7d2b5a8f1c4e9d6b3a7f2,None,0,Microsoft Corporation,chrome.exe,10.0,chrome.exe,chrome.exe,chrome.exe,10.24.18.55,Private,52013,Engineering-Developers,Tcp,198.51.100.7,Public,443,https://example7.com,8829100000513,2026-05-28T13:07:07Z,2026-05-28T13:07:07Z,2026-05-28T13:07:07Z,2026-05-28T13:07:07Z,1,0,,,ip-chrome-7,Detection,DeviceNetworkEvents
tenant-lab-001-a000-0000-0000-000000000001,ConnectionSuccess,"{""BenignBrowsing"":true}",,dev-01982-a1b2-c3d4-e5f6-7890abcd0198,CS-DEV-01982,creditsafe.com,jordan.velez,8f3a2b1c-4d5e-6a7b-8c9d-0e1f2a3b4c5d,S-1-5-21-1000000000-2000000000-3000000000-104421,jordan.velez@creditsafe.com,chrome.exe network activity,chrome.exe,C:\Program Files,4314,High,,explorer.exe,4200,7a3f9c2e1b8d4f6a0c5e9d3b7a2f1c8e4d6b9a0,a7f3c91e2b8d4f6a0c1e5d9b3a7f2c8e1d4b6a9f0c3e7d2b5a8f1c4e9d6b3a7f2,None,0,Microsoft Corporation,chrome.exe,10.0,chrome.exe,chrome.exe,chrome.exe,10.24.18.55,Private,52014,Engineering-Developers,Tcp,198.51.100.8,Public,443,https://example8.com,8829100000514,2026-05-28T13:08:08Z,2026-05-28T13:08:08Z,2026-05-28T13:08:08Z,2026-05-28T13:08:08Z,1,0,,,ip-chrome-8,Detection,DeviceNetworkEvents
tenant-lab-001-a000-0000-0000-000000000001,ConnectionSuccess,"{""BenignBrowsing"":true}",,dev-01982-a1b2-c3d4-e5f6-7890abcd0198,CS-DEV-01982,creditsafe.com,jordan.velez,8f3a2b1c-4d5e-6a7b-8c9d-0e1f2a3b4c5d,S-1-5-21-1000000000-2000000000-3000000000-104421,jordan.velez@creditsafe.com,chrome.exe network activity,chrome.exe,C:\Program Files,4315,High,,explorer.exe,4200,7a3f9c2e1b8d4f6a0c5e9d3b7a2f1c8e4d6b9a0,a7f3c91e2b8d4f6a0c1e5d9b3a7f2c8e1d4b6a9f0c3e7d2b5a8f1c4e9d6b3a7f2,None,0,Microsoft Corporation,chrome.exe,10.0,chrome.exe,chrome.exe,chrome.exe,10.24.18.55,Private,52015,Engineering-Developers,Tcp,198.51.100.9,Public,443,https://example9.com,8829100000515,2026-05-28T13:09:09Z,2026-05-28T13:09:09Z,2026-05-28T13:09:09Z,2026-05-28T13:09:09Z,1,0,,,ip-chrome-9,Detection,DeviceNetworkEvents
tenant-lab-001-a000-0000-0000-000000000001,ConnectionSuccess,"{""BenignBrowsing"":true}",,dev-01982-a1b2-c3d4-e5f6-7890abcd0198,CS-DEV-01982,creditsafe.com,jordan.velez,8f3a2b1c-4d5e-6a7b-8c9d-0e1f2a3b4c5d,S-1-5-21-1000000000-2000000000-3000000000-104421,jordan.velez@creditsafe.com,chrome.exe network activity,chrome.exe,C:\Program Files,4316,High,,explorer.exe,4200,7a3f9c2e1b8d4f6a0c5e9d3b7a2f1c8e4d6b9a0,a7f3c91e2b8d4f6a0c1e5d9b3a7f2c8e1d4b6a9f0c3e7d2b5a8f1c4e9d6b3a7f2,None,0,Microsoft Corporation,chrome.exe,10.0,chrome.exe,chrome.exe,chrome.exe,10.24.18.55,Private,52016,Engineering-Developers,Tcp,198.51.100.10,Public,443,https://example10.com,8829100000516,2026-05-28T13:10:10Z,2026-05-28T13:10:10Z,2026-05-28T13:10:10Z,2026-05-28T13:10:10Z,1,0,,,ip-chrome-10,Detection,DeviceNetworkEvents
tenant-lab-001-a000-0000-0000-000000000001,ConnectionSuccess,"{""BenignBrowsing"":true}",,dev-01982-a1b2-c3d4-e5f6-7890abcd0198,CS-DEV-01982,creditsafe.com,jordan.velez,8f3a2b1c-4d5e-6a7b-8c9d-0e1f2a3b4c5d,S-1-5-21-1000000000-2000000000-3000000000-104421,jordan.velez@creditsafe.com,chrome.exe network activity,chrome.exe,C:\Program Files,4317,High,,explorer.exe,4200,7a3f9c2e1b8d4f6a0c5e9d3b7a2f1c8e4d6b9a0,a7f3c91e2b8d4f6a0c1e5d9b3a7f2c8e1d4b6a9f0c3e7d2b5a8f1c4e9d6b3a7f2,None,0,Microsoft Corporation,chrome.exe,10.0,chrome.exe,chrome.exe,chrome.exe,10.24.18.55,Private,52017,Engineering-Developers,Tcp,198.51.100.11,Public,443,https://example11.com,8829100000517,2026-05-28T13:11:11Z,2026-05-28T13:11:11Z,2026-05-28T13:11:11Z,2026-05-28T13:11:11Z,1,0,,,ip-chrome-11,Detection,DeviceNetworkEvents
tenant-lab-001-a000-0000-0000-000000000001,ConnectionSuccess,"{""BenignBrowsing"":true}",,dev-01982-a1b2-c3d4-e5f6-7890abcd0198,CS-DEV-01982,creditsafe.com,jordan.velez,8f3a2b1c-4d5e-6a7b-8c9d-0e1f2a3b4c5d,S-1-5-21-1000000000-2000000000-3000000000-104421,jordan.velez@creditsafe.com,chrome.exe network activity,chrome.exe,C:\Program Files,4318,High,,explorer.exe,4200,7a3f9c2e1b8d4f6a0c5e9d3b7a2f1c8e4d6b9a0,a7f3c91e2b8d4f6a0c1e5d9b3a7f2c8e1d4b6a9f0c3e7d2b5a8f1c4e9d6b3a7f2,None,0,Microsoft Corporation,chrome.exe,10.0,chrome.exe,chrome.exe,chrome.exe,10.24.18.55,Private,52018,Engineering-Developers,Tcp,198.51.100.12,Public,443,https://example12.com,8829100000518,2026-05-28T13:12:12Z,2026-05-28T13:12:12Z,2026-05-28T13:12:12Z,2026-05-28T13:12:12Z,1,0,,,ip-chrome-12,Detection,DeviceNetworkEvents
tenant-lab-001-a000-0000-0000-000000000001,ConnectionSuccess,"{""BenignBrowsing"":true}",,dev-01982-a1b2-c3d4-e5f6-7890abcd0198,CS-DEV-01982,creditsafe.com,jordan.velez,8f3a2b1c-4d5e-6a7b-8c9d-0e1f2a3b4c5d,S-1-5-21-1000000000-2000000000-3000000000-104421,jordan.velez@creditsafe.com,chrome.exe network activity,chrome.exe,C:\Program Files,4319,High,,explorer.exe,4200,7a3f9c2e1b8d4f6a0c5e9d3b7a2f1c8e4d6b9a0,a7f3c91e2b8d4f6a0c1e5d9b3a7f2c8e1d4b6a9f0c3e7d2b5a8f1c4e9d6b3a7f2,None,0,Microsoft Corporation,chrome.exe,10.0,chrome.exe,chrome.exe,chrome.exe,10.24.18.55,Private,52019,Engineering-Developers,Tcp,198.51.100.13,Public,443,https://example13.com,8829100000519,2026-05-28T13:13:13Z,2026-05-28T13:13:13Z,2026-05-28T13:13:13Z,2026-05-28T13:13:13Z,1,0,,,ip-chrome-13,Detection,DeviceNetworkEvents
tenant-lab-001-a000-0000-0000-000000000001,ConnectionSuccess,"{""BenignBrowsing"":true}",,dev-01982-a1b2-c3d4-e5f6-7890abcd0198,CS-DEV-01982,creditsafe.com,jordan.velez,8f3a2b1c-4d5e-6a7b-8c9d-0e1f2a3b4c5d,S-1-5-21-1000000000-2000000000-3000000000-104421,jordan.velez@creditsafe.com,chrome.exe network activity,chrome.exe,C:\Program Files,4320,High,,explorer.exe,4200,7a3f9c2e1b8d4f6a0c5e9d3b7a2f1c8e4d6b9a0,a7f3c91e2b8d4f6a0c1e5d9b3a7f2c8e1d4b6a9f0c3e7d2b5a8f1c4e9d6b3a7f2,None,0,Microsoft Corporation,chrome.exe,10.0,chrome.exe,chrome.exe,chrome.exe,10.24.18.55,Private,52020,Engineering-Developers,Tcp,198.51.100.14,Public,443,https://example14.com,8829100000520,2026-05-28T13:14:14Z,2026-05-28T13:14:14Z,2026-05-28T13:14:14Z,2026-05-28T13:14:14Z,1,0,,,ip-chrome-14,Detection,DeviceNetworkEvents
tenant-lab-001-a000-0000-0000-000000000001,ConnectionSuccess,"{""BenignBrowsing"":true}",,dev-01982-a1b2-c3d4-e5f6-7890abcd0198,CS-DEV-01982,creditsafe.com,jordan.velez,8f3a2b1c-4d5e-6a7b-8c9d-0e1f2a3b4c5d,S-1-5-21-1000000000-2000000000-3000000000-104421,jordan.velez@creditsafe.com,chrome.exe network activity,chrome.exe,C:\Program Files,4321,High,,explorer.exe,4200,7a3f9c2e1b8d4f6a0c5e9d3b7a2f1c8e4d6b9a0,a7f3c91e2b8d4f6a0c1e5d9b3a7f2c8e1d4b6a9f0c3e7d2b5a8f1c4e9d6b3a7f2,None,0,Microsoft Corporation,chrome.exe,10.0,chrome.exe,chrome.exe,chrome.exe,10.24.18.55,Private,52021,Engineering-Developers,Tcp,198.51.100.15,Public,443,https://example15.com,8829100000521,2026-05-28T13:15:15Z,2026-05-28T13:15:15Z,2026-05-28T13:15:15Z,2026-05-28T13:15:15Z,1,0,,,ip-chrome-15,Detection,DeviceNetworkEvents
tenant-lab-001-a000-0000-0000-000000000001,ConnectionSuccess,"{""BenignBrowsing"":true}",,dev-01982-a1b2-c3d4-e5f6-7890abcd0198,CS-DEV-01982,creditsafe.com,jordan.velez,8f3a2b1c-4d5e-6a7b-8c9d-0e1f2a3b4c5d,S-1-5-21-1000000000-2000000000-3000000000-104421,jordan.velez@creditsafe.com,chrome.exe network activity,chrome.exe,C:\Program Files,4322,High,,explorer.exe,4200,7a3f9c2e1b8d4f6a0c5e9d3b7a2f1c8e4d6b9a0,a7f3c91e2b8d4f6a0c1e5d9b3a7f2c8e1d4b6a9f0c3e7d2b5a8f1c4e9d6b3a7f2,None,0,Microsoft Corporation,chrome.exe,10.0,chrome.exe,chrome.exe,chrome.exe,10.24.18.55,Private,52022,Engineering-Developers,Tcp,198.51.100.16,Public,443,https://example16.com,8829100000522,2026-05-28T13:16:16Z,2026-05-28T13:16:16Z,2026-05-28T13:16:16Z,2026-05-28T13:16:16Z,1,0,,,ip-chrome-16,Detection,DeviceNetworkEvents
tenant-lab-001-a000-0000-0000-000000000001,ConnectionSuccess,"{""BenignBrowsing"":true}",,dev-01982-a1b2-c3d4-e5f6-7890abcd0198,CS-DEV-01982,creditsafe.com,jordan.velez,8f3a2b1c-4d5e-6a7b-8c9d-0e1f2a3b4c5d,S-1-5-21-1000000000-2000000000-3000000000-104421,jordan.velez@creditsafe.com,chrome.exe network activity,chrome.exe,C:\Program Files,4323,High,,explorer.exe,4200,7a3f9c2e1b8d4f6a0c5e9d3b7a2f1c8e4d6b9a0,a7f3c91e2b8d4f6a0c1e5d9b3a7f2c8e1d4b6a9f0c3e7d2b5a8f1c4e9d6b3a7f2,None,0,Microsoft Corporation,chrome.exe,10.0,chrome.exe,chrome.exe,chrome.exe,10.24.18.55,Private,52023,Engineering-Developers,Tcp,198.51.100.17,Public,443,https://example17.com,8829100000523,2026-05-28T13:17:17Z,2026-05-28T13:17:17Z,2026-05-28T13:17:17Z,2026-05-28T13:17:17Z,1,0,,,ip-chrome-17,Detection,DeviceNetworkEvents
tenant-lab-001-a000-0000-0000-000000000001,ConnectionSuccess,"{""BenignBrowsing"":true}",,dev-01982-a1b2-c3d4-e5f6-7890abcd0198,CS-DEV-01982,creditsafe.com,jordan.velez,8f3a2b1c-4d5e-6a7b-8c9d-0e1f2a3b4c5d,S-1-5-21-1000000000-2000000000-3000000000-104421,jordan.velez@creditsafe.com,chrome.exe network activity,chrome.exe,C:\Program Files,4324,High,,explorer.exe,4200,7a3f9c2e1b8d4f6a0c5e9d3b7a2f1c8e4d6b9a0,a7f3c91e2b8d4f6a0c1e5d9b3a7f2c8e1d4b6a9f0c3e7d2b5a8f1c4e9d6b3a7f2,None,0,Microsoft Corporation,chrome.exe,10.0,chrome.exe,chrome.exe,chrome.exe,10.24.18.55,Private,52024,Engineering-Developers,Tcp,198.51.100.18,Public,443,https://example18.com,8829100000524,2026-05-28T13:18:18Z,2026-05-28T13:18:18Z,2026-05-28T13:18:18Z,2026-05-28T13:18:18Z,1,0,,,ip-chrome-18,Detection,DeviceNetworkEvents
tenant-lab-001-a000-0000-0000-000000000001,ConnectionSuccess,"{""BenignBrowsing"":true}",,dev-01982-a1b2-c3d4-e5f6-7890abcd0198,CS-DEV-01982,creditsafe.com,jordan.velez,8f3a2b1c-4d5e-6a7b-8c9d-0e1f2a3b4c5d,S-1-5-21-1000000000-2000000000-3000000000-104421,jordan.velez@creditsafe.com,chrome.exe network activity,chrome.exe,C:\Program Files,4325,High,,explorer.exe,4200,7a3f9c2e1b8d4f6a0c5e9d3b7a2f1c8e4d6b9a0,a7f3c91e2b8d4f6a0c1e5d9b3a7f2c8e1d4b6a9f0c3e7d2b5a8f1c4e9d6b3a7f2,None,0,Microsoft Corporation,chrome.exe,10.0,chrome.exe,chrome.exe,chrome.exe,10.24.18.55,Private,52025,Engineering-Developers,Tcp,198.51.100.19,Public,443,https://example19.com,8829100000525,2026-05-28T13:19:19Z,2026-05-28T13:19:19Z,2026-05-28T13:19:19Z,2026-05-28T13:19:19Z,1,0,,,ip-chrome-19,Detection,DeviceNetworkEvents
tenant-lab-001-a000-0000-0000-000000000001,ConnectionSuccess,"{""BenignBrowsing"":true}",,dev-01982-a1b2-c3d4-e5f6-7890abcd0198,CS-DEV-01982,creditsafe.com,jordan.velez,8f3a2b1c-4d5e-6a7b-8c9d-0e1f2a3b4c5d,S-1-5-21-1000000000-2000000000-3000000000-104421,jordan.velez@creditsafe.com,chrome.exe network activity,chrome.exe,C:\Program Files,4326,High,,explorer.exe,4200,7a3f9c2e1b8d4f6a0c5e9d3b7a2f1c8e4d6b9a0,a7f3c91e2b8d4f6a0c1e5d9b3a7f2c8e1d4b6a9f0c3e7d2b5a8f1c4e9d6b3a7f2,None,0,Microsoft Corporation,chrome.exe,10.0,chrome.exe,chrome.exe,chrome.exe,10.24.18.55,Private,52026,Engineering-Developers,Tcp,198.51.100.20,Public,443,https://example20.com,8829100000526,2026-05-28T13:20:20Z,2026-05-28T13:20:20Z,2026-05-28T13:20:20Z,2026-05-28T13:20:20Z,1,0,,,ip-chrome-20,Detection,DeviceNetworkEvents
tenant-lab-001-a000-0000-0000-000000000001,ConnectionSuccess,"{""BenignBrowsing"":true}",,dev-01982-a1b2-c3d4-e5f6-7890abcd0198,CS-DEV-01982,creditsafe.com,jordan.velez,8f3a2b1c-4d5e-6a7b-8c9d-0e1f2a3b4c5d,S-1-5-21-1000000000-2000000000-3000000000-104421,jordan.velez@creditsafe.com,chrome.exe network activity,chrome.exe,C:\Program Files,4327,High,,explorer.exe,4200,7a3f9c2e1b8d4f6a0c5e9d3b7a2f1c8e4d6b9a0,a7f3c91e2b8d4f6a0c1e5d9b3a7f2c8e1d4b6a9f0c3e7d2b5a8f1c4e9d6b3a7f2,None,0,Microsoft Corporation,chrome.exe,10.0,chrome.exe,chrome.exe,chrome.exe,10.24.18.55,Private,52027,Engineering-Developers,Tcp,198.51.100.21,Public,443,https://example21.com,8829100000527,2026-05-28T13:21:21Z,2026-05-28T13:21:21Z,2026-05-28T13:21:21Z,2026-05-28T13:21:21Z,1,0,,,ip-chrome-21,Detection,DeviceNetworkEvents
tenant-lab-001-a000-0000-0000-000000000001,ConnectionSuccess,"{""BenignBrowsing"":true}",,dev-01982-a1b2-c3d4-e5f6-7890abcd0198,CS-DEV-01982,creditsafe.com,jordan.velez,8f3a2b1c-4d5e-6a7b-8c9d-0e1f2a3b4c5d,S-1-5-21-1000000000-2000000000-3000000000-104421,jordan.velez@creditsafe.com,chrome.exe network activity,chrome.exe,C:\Program Files,4328,High,,explorer.exe,4200,7a3f9c2e1b8d4f6a0c5e9d3b7a2f1c8e4d6b9a0,a7f3c91e2b8d4f6a0c1e5d9b3a7f2c8e1d4b6a9f0c3e7d2b5a8f1c4e9d6b3a7f2,None,0,Microsoft Corporation,chrome.exe,10.0,chrome.exe,chrome.exe,chrome.exe,10.24.18.55,Private,52028,Engineering-Developers,Tcp,198.51.100.22,Public,443,https://example22.com,8829100000528,2026-05-28T13:22:22Z,2026-05-28T13:22:22Z,2026-05-28T13:22:22Z,2026-05-28T13:22:22Z,1,0,,,ip-chrome-22,Detection,DeviceNetworkEvents
tenant-lab-001-a000-0000-0000-000000000001,ConnectionSuccess,"{""BenignBrowsing"":true}",,dev-01982-a1b2-c3d4-e5f6-7890abcd0198,CS-DEV-01982,creditsafe.com,jordan.velez,8f3a2b1c-4d5e-6a7b-8c9d-0e1f2a3b4c5d,S-1-5-21-1000000000-2000000000-3000000000-104421,jordan.velez@creditsafe.com,chrome.exe network activity,chrome.exe,C:\Program Files,4329,High,,explorer.exe,4200,7a3f9c2e1b8d4f6a0c5e9d3b7a2f1c8e4d6b9a0,a7f3c91e2b8d4f6a0c1e5d9b3a7f2c8e1d4b6a9f0c3e7d2b5a8f1c4e9d6b3a7f2,None,0,Microsoft Corporation,chrome.exe,10.0,chrome.exe,chrome.exe,chrome.exe,10.24.18.55,Private,52029,Engineering-Developers,Tcp,198.51.100.23,Public,443,https://example23.com,8829100000529,2026-05-28T13:23:23Z,2026-05-28T13:23:23Z,2026-05-28T13:23:23Z,2026-05-28T13:23:23Z,1,0,,,ip-chrome-23,Detection,DeviceNetworkEvents
tenant-lab-001-a000-0000-0000-000000000001,ConnectionSuccess,"{""BenignBrowsing"":true}",,dev-01982-a1b2-c3d4-e5f6-7890abcd0198,CS-DEV-01982,creditsafe.com,jordan.velez,8f3a2b1c-4d5e-6a7b-8c9d-0e1f2a3b4c5d,S-1-5-21-1000000000-2000000000-3000000000-104421,jordan.velez@creditsafe.com,chrome.exe network activity,chrome.exe,C:\Program Files,4330,High,,explorer.exe,4200,7a3f9c2e1b8d4f6a0c5e9d3b7a2f1c8e4d6b9a0,a7f3c91e2b8d4f6a0c1e5d9b3a7f2c8e1d4b6a9f0c3e7d2b5a8f1c4e9d6b3a7f2,None,0,Microsoft Corporation,chrome.exe,10.0,chrome.exe,chrome.exe,chrome.exe,10.24.18.55,Private,52030,Engineering-Developers,Tcp,198.51.100.24,Public,443,https://example24.com,8829100000530,2026-05-28T13:24:24Z,2026-05-28T13:24:24Z,2026-05-28T13:24:24Z,2026-05-28T13:24:24Z,1,0,,,ip-chrome-24,Detection,DeviceNetworkEvents
tenant-lab-001-a000-0000-0000-000000000001,ConnectionSuccess,"{""BenignBrowsing"":true}",,dev-01982-a1b2-c3d4-e5f6-7890abcd0198,CS-DEV-01982,creditsafe.com,jordan.velez,8f3a2b1c-4d5e-6a7b-8c9d-0e1f2a3b4c5d,S-1-5-21-1000000000-2000000000-3000000000-104421,jordan.velez@creditsafe.com,chrome.exe network activity,chrome.exe,C:\Program Files,4331,High,,explorer.exe,4200,7a3f9c2e1b8d4f6a0c5e9d3b7a2f1c8e4d6b9a0,a7f3c91e2b8d4f6a0c1e5d9b3a7f2c8e1d4b6a9f0c3e7d2b5a8f1c4e9d6b3a7f2,None,0,Microsoft Corporation,chrome.exe,10.0,chrome.exe,chrome.exe,chrome.exe,10.24.18.55,Private,52031,Engineering-Developers,Tcp,198.51.100.25,Public,443,https://example25.com,8829100000531,2026-05-28T13:25:25Z,2026-05-28T13:25:25Z,2026-05-28T13:25:25Z,2026-05-28T13:25:25Z,1,0,,,ip-chrome-25,Detection,DeviceNetworkEvents
tenant-lab-001-a000-0000-0000-000000000001,ConnectionSuccess,"{""BenignBrowsing"":true}",,dev-01982-a1b2-c3d4-e5f6-7890abcd0198,CS-DEV-01982,creditsafe.com,jordan.velez,8f3a2b1c-4d5e-6a7b-8c9d-0e1f2a3b4c5d,S-1-5-21-1000000000-2000000000-3000000000-104421,jordan.velez@creditsafe.com,chrome.exe network activity,chrome.exe,C:\Program Files,4332,High,,explorer.exe,4200,7a3f9c2e1b8d4f6a0c5e9d3b7a2f1c8e4d6b9a0,a7f3c91e2b8d4f6a0c1e5d9b3a7f2c8e1d4b6a9f0c3e7d2b5a8f1c4e9d6b3a7f2,None,0,Microsoft Corporation,chrome.exe,10.0,chrome.exe,chrome.exe,chrome.exe,10.24.18.55,Private,52032,Engineering-Developers,Tcp,198.51.100.26,Public,443,https://example26.com,8829100000532,2026-05-28T13:26:26Z,2026-05-28T13:26:26Z,2026-05-28T13:26:26Z,2026-05-28T13:26:26Z,1,0,,,ip-chrome-26,Detection,DeviceNetworkEvents
tenant-lab-001-a000-0000-0000-000000000001,ConnectionSuccess,"{""BenignBrowsing"":true}",,dev-01982-a1b2-c3d4-e5f6-7890abcd0198,CS-DEV-01982,creditsafe.com,jordan.velez,8f3a2b1c-4d5e-6a7b-8c9d-0e1f2a3b4c5d,S-1-5-21-1000000000-2000000000-3000000000-104421,jordan.velez@creditsafe.com,chrome.exe network activity,chrome.exe,C:\Program Files,4333,High,,explorer.exe,4200,7a3f9c2e1b8d4f6a0c5e9d3b7a2f1c8e4d6b9a0,a7f3c91e2b8d4f6a0c1e5d9b3a7f2c8e1d4b6a9f0c3e7d2b5a8f1c4e9d6b3a7f2,None,0,Microsoft Corporation,chrome.exe,10.0,chrome.exe,chrome.exe,chrome.exe,10.24.18.55,Private,52033,Engineering-Developers,Tcp,198.51.100.27,Public,443,https://example27.com,8829100000533,2026-05-28T13:27:27Z,2026-05-28T13:27:27Z,2026-05-28T13:27:27Z,2026-05-28T13:27:27Z,1,0,,,ip-chrome-27,Detection,DeviceNetworkEvents
tenant-lab-001-a000-0000-0000-000000000001,ConnectionSuccess,"{""BenignBrowsing"":true}",,dev-01982-a1b2-c3d4-e5f6-7890abcd0198,CS-DEV-01982,creditsafe.com,jordan.velez,8f3a2b1c-4d5e-6a7b-8c9d-0e1f2a3b4c5d,S-1-5-21-1000000000-2000000000-3000000000-104421,jordan.velez@creditsafe.com,chrome.exe network activity,chrome.exe,C:\Program Files,4334,High,,explorer.exe,4200,7a3f9c2e1b8d4f6a0c5e9d3b7a2f1c8e4d6b9a0,a7f3c91e2b8d4f6a0c1e5d9b3a7f2c8e1d4b6a9f0c3e7d2b5a8f1c4e9d6b3a7f2,None,0,Microsoft Corporation,chrome.exe,10.0,chrome.exe,chrome.exe,chrome.exe,10.24.18.55,Private,52034,Engineering-Developers,Tcp,198.51.100.28,Public,443,https://example28.com,8829100000534,2026-05-28T13:28:28Z,2026-05-28T13:28:28Z,2026-05-28T13:28:28Z,2026-05-28T13:28:28Z,1,0,,,ip-chrome-28,Detection,DeviceNetworkEvents
tenant-lab-001-a000-0000-0000-000000000001,ConnectionSuccess,"{""BenignBrowsing"":true}",,dev-01982-a1b2-c3d4-e5f6-7890abcd0198,CS-DEV-01982,creditsafe.com,jordan.velez,8f3a2b1c-4d5e-6a7b-8c9d-0e1f2a3b4c5d,S-1-5-21-1000000000-2000000000-3000000000-104421,jordan.velez@creditsafe.com,chrome.exe network activity,chrome.exe,C:\Program Files,4335,High,,explorer.exe,4200,7a3f9c2e1b8d4f6a0c5e9d3b7a2f1c8e4d6b9a0,a7f3c91e2b8d4f6a0c1e5d9b3a7f2c8e1d4b6a9f0c3e7d2b5a8f1c4e9d6b3a7f2,None,0,Microsoft Corporation,chrome.exe,10.0,chrome.exe,chrome.exe,chrome.exe,10.24.18.55,Private,52035,Engineering-Developers,Tcp,198.51.100.29,Public,443,https://example29.com,8829100000535,2026-05-28T13:29:29Z,2026-05-28T13:29:29Z,2026-05-28T13:29:29Z,2026-05-28T13:29:29Z,1,0,,,ip-chrome-29,Detection,DeviceNetworkEvents
tenant-lab-001-a000-0000-0000-000000000001,ConnectionSuccess,"{""BenignBrowsing"":true}",,dev-01982-a1b2-c3d4-e5f6-7890abcd0198,CS-DEV-01982,creditsafe.com,jordan.velez,8f3a2b1c-4d5e-6a7b-8c9d-0e1f2a3b4c5d,S-1-5-21-1000000000-2000000000-3000000000-104421,jordan.velez@creditsafe.com,chrome.exe network activity,chrome.exe,C:\Program Files,4336,High,,explorer.exe,4200,7a3f9c2e1b8d4f6a0c5e9d3b7a2f1c8e4d6b9a0,a7f3c91e2b8d4f6a0c1e5d9b3a7f2c8e1d4b6a9f0c3e7d2b5a8f1c4e9d6b3a7f2,None,0,Microsoft Corporation,chrome.exe,10.0,chrome.exe,chrome.exe,chrome.exe,10.24.18.55,Private,52036,Engineering-Developers,Tcp,198.51.100.30,Public,443,https://example30.com,8829100000536,2026-05-28T13:30:30Z,2026-05-28T13:30:30Z,2026-05-28T13:30:30Z,2026-05-28T13:30:30Z,1,0,,,ip-chrome-30,Detection,DeviceNetworkEvents
tenant-lab-001-a000-0000-0000-000000000001,ConnectionSuccess,"{""BenignBrowsing"":true}",,dev-01982-a1b2-c3d4-e5f6-7890abcd0198,CS-DEV-01982,creditsafe.com,jordan.velez,8f3a2b1c-4d5e-6a7b-8c9d-0e1f2a3b4c5d,S-1-5-21-1000000000-2000000000-3000000000-104421,jordan.velez@creditsafe.com,chrome.exe network activity,chrome.exe,C:\Program Files,4337,High,,explorer.exe,4200,7a3f9c2e1b8d4f6a0c5e9d3b7a2f1c8e4d6b9a0,a7f3c91e2b8d4f6a0c1e5d9b3a7f2c8e1d4b6a9f0c3e7d2b5a8f1c4e9d6b3a7f2,None,0,Microsoft Corporation,chrome.exe,10.0,chrome.exe,chrome.exe,chrome.exe,10.24.18.55,Private,52037,Engineering-Developers,Tcp,198.51.100.31,Public,443,https://example31.com,8829100000537,2026-05-28T13:31:31Z,2026-05-28T13:31:31Z,2026-05-28T13:31:31Z,2026-05-28T13:31:31Z,1,0,,,ip-chrome-31,Detection,DeviceNetworkEvents
tenant-lab-001-a000-0000-0000-000000000001,ConnectionSuccess,"{""BenignBrowsing"":true}",,dev-01982-a1b2-c3d4-e5f6-7890abcd0198,CS-DEV-01982,creditsafe.com,jordan.velez,8f3a2b1c-4d5e-6a7b-8c9d-0e1f2a3b4c5d,S-1-5-21-1000000000-2000000000-3000000000-104421,jordan.velez@creditsafe.com,chrome.exe network activity,chrome.exe,C:\Program Files,4338,High,,explorer.exe,4200,7a3f9c2e1b8d4f6a0c5e9d3b7a2f1c8e4d6b9a0,a7f3c91e2b8d4f6a0c1e5d9b3a7f2c8e1d4b6a9f0c3e7d2b5a8f1c4e9d6b3a7f2,None,0,Microsoft Corporation,chrome.exe,10.0,chrome.exe,chrome.exe,chrome.exe,10.24.18.55,Private,52038,Engineering-Developers,Tcp,198.51.100.32,Public,443,https://example32.com,8829100000538,2026-05-28T13:32:32Z,2026-05-28T13:32:32Z,2026-05-28T13:32:32Z,2026-05-28T13:32:32Z,1,0,,,ip-chrome-32,Detection,DeviceNetworkEvents
tenant-lab-001-a000-0000-0000-000000000001,ConnectionSuccess,"{""BenignBrowsing"":true}",,dev-01982-a1b2-c3d4-e5f6-7890abcd0198,CS-DEV-01982,creditsafe.com,jordan.velez,8f3a2b1c-4d5e-6a7b-8c9d-0e1f2a3b4c5d,S-1-5-21-1000000000-2000000000-3000000000-104421,jordan.velez@creditsafe.com,chrome.exe network activity,chrome.exe,C:\Program Files,4339,High,,explorer.exe,4200,7a3f9c2e1b8d4f6a0c5e9d3b7a2f1c8e4d6b9a0,a7f3c91e2b8d4f6a0c1e5d9b3a7f2c8e1d4b6a9f0c3e7d2b5a8f1c4e9d6b3a7f2,None,0,Microsoft Corporation,chrome.exe,10.0,chrome.exe,chrome.exe,chrome.exe,10.24.18.55,Private,52039,Engineering-Developers,Tcp,198.51.100.33,Public,443,https://example33.com,8829100000539,2026-05-28T13:33:33Z,2026-05-28T13:33:33Z,2026-05-28T13:33:33Z,2026-05-28T13:33:33Z,1,0,,,ip-chrome-33,Detection,DeviceNetworkEvents
tenant-lab-001-a000-0000-0000-000000000001,ConnectionSuccess,"{""BenignBrowsing"":true}",,dev-01982-a1b2-c3d4-e5f6-7890abcd0198,CS-DEV-01982,creditsafe.com,jordan.velez,8f3a2b1c-4d5e-6a7b-8c9d-0e1f2a3b4c5d,S-1-5-21-1000000000-2000000000-3000000000-104421,jordan.velez@creditsafe.com,chrome.exe network activity,chrome.exe,C:\Program Files,4340,High,,explorer.exe,4200,7a3f9c2e1b8d4f6a0c5e9d3b7a2f1c8e4d6b9a0,a7f3c91e2b8d4f6a0c1e5d9b3a7f2c8e1d4b6a9f0c3e7d2b5a8f1c4e9d6b3a7f2,None,0,Microsoft Corporation,chrome.exe,10.0,chrome.exe,chrome.exe,chrome.exe,10.24.18.55,Private,52040,Engineering-Developers,Tcp,198.51.100.34,Public,443,https://example34.com,8829100000540,2026-05-28T13:34:34Z,2026-05-28T13:34:34Z,2026-05-28T13:34:34Z,2026-05-28T13:34:34Z,1,0,,,ip-chrome-34,Detection,DeviceNetworkEvents
tenant-lab-001-a000-0000-0000-000000000001,ConnectionSuccess,"{""BenignBrowsing"":true}",,dev-01982-a1b2-c3d4-e5f6-7890abcd0198,CS-DEV-01982,creditsafe.com,jordan.velez,8f3a2b1c-4d5e-6a7b-8c9d-0e1f2a3b4c5d,S-1-5-21-1000000000-2000000000-3000000000-104421,jordan.velez@creditsafe.com,chrome.exe network activity,chrome.exe,C:\Program Files,4341,High,,explorer.exe,4200,7a3f9c2e1b8d4f6a0c5e9d3b7a2f1c8e4d6b9a0,a7f3c91e2b8d4f6a0c1e5d9b3a7f2c8e1d4b6a9f0c3e7d2b5a8f1c4e9d6b3a7f2,None,0,Microsoft Corporation,chrome.exe,10.0,chrome.exe,chrome.exe,chrome.exe,10.24.18.55,Private,52041,Engineering-Developers,Tcp,198.51.100.35,Public,443,https://example35.com,8829100000541,2026-05-28T13:35:35Z,2026-05-28T13:35:35Z,2026-05-28T13:35:35Z,2026-05-28T13:35:35Z,1,0,,,ip-chrome-35,Detection,DeviceNetworkEvents
tenant-lab-001-a000-0000-0000-000000000001,ConnectionSuccess,"{""BenignBrowsing"":true}",,dev-01982-a1b2-c3d4-e5f6-7890abcd0198,CS-DEV-01982,creditsafe.com,jordan.velez,8f3a2b1c-4d5e-6a7b-8c9d-0e1f2a3b4c5d,S-1-5-21-1000000000-2000000000-3000000000-104421,jordan.velez@creditsafe.com,chrome.exe network activity,chrome.exe,C:\Program Files,4342,High,,explorer.exe,4200,7a3f9c2e1b8d4f6a0c5e9d3b7a2f1c8e4d6b9a0,a7f3c91e2b8d4f6a0c1e5d9b3a7f2c8e1d4b6a9f0c3e7d2b5a8f1c4e9d6b3a7f2,None,0,Microsoft Corporation,chrome.exe,10.0,chrome.exe,chrome.exe,chrome.exe,10.24.18.55,Private,52042,Engineering-Developers,Tcp,198.51.100.36,Public,443,https://example36.com,8829100000542,2026-05-28T13:36:36Z,2026-05-28T13:36:36Z,2026-05-28T13:36:36Z,2026-05-28T13:36:36Z,1,0,,,ip-chrome-36,Detection,DeviceNetworkEvents
tenant-lab-001-a000-0000-0000-000000000001,ConnectionSuccess,"{""BenignBrowsing"":true}",,dev-01982-a1b2-c3d4-e5f6-7890abcd0198,CS-DEV-01982,creditsafe.com,jordan.velez,8f3a2b1c-4d5e-6a7b-8c9d-0e1f2a3b4c5d,S-1-5-21-1000000000-2000000000-3000000000-104421,jordan.velez@creditsafe.com,chrome.exe network activity,chrome.exe,C:\Program Files,4343,High,,explorer.exe,4200,7a3f9c2e1b8d4f6a0c5e9d3b7a2f1c8e4d6b9a0,a7f3c91e2b8d4f6a0c1e5d9b3a7f2c8e1d4b6a9f0c3e7d2b5a8f1c4e9d6b3a7f2,None,0,Microsoft Corporation,chrome.exe,10.0,chrome.exe,chrome.exe,chrome.exe,10.24.18.55,Private,52043,Engineering-Developers,Tcp,198.51.100.37,Public,443,https://example37.com,8829100000543,2026-05-28T13:37:37Z,2026-05-28T13:37:37Z,2026-05-28T13:37:37Z,2026-05-28T13:37:37Z,1,0,,,ip-chrome-37,Detection,DeviceNetworkEvents
tenant-lab-001-a000-0000-0000-000000000001,ConnectionSuccess,"{""BenignBrowsing"":true}",,dev-01982-a1b2-c3d4-e5f6-7890abcd0198,CS-DEV-01982,creditsafe.com,jordan.velez,8f3a2b1c-4d5e-6a7b-8c9d-0e1f2a3b4c5d,S-1-5-21-1000000000-2000000000-3000000000-104421,jordan.velez@creditsafe.com,chrome.exe network activity,chrome.exe,C:\Program Files,4344,High,,explorer.exe,4200,7a3f9c2e1b8d4f6a0c5e9d3b7a2f1c8e4d6b9a0,a7f3c91e2b8d4f6a0c1e5d9b3a7f2c8e1d4b6a9f0c3e7d2b5a8f1c4e9d6b3a7f2,None,0,Microsoft Corporation,chrome.exe,10.0,chrome.exe,chrome.exe,chrome.exe,10.24.18.55,Private,52044,Engineering-Developers,Tcp,198.51.100.38,Public,443,https://example38.com,8829100000544,2026-05-28T13:38:38Z,2026-05-28T13:38:38Z,2026-05-28T13:38:38Z,2026-05-28T13:38:38Z,1,0,,,ip-chrome-38,Detection,DeviceNetworkEvents
tenant-lab-001-a000-0000-0000-000000000001,ConnectionSuccess,"{""BenignBrowsing"":true}",,dev-01982-a1b2-c3d4-e5f6-7890abcd0198,CS-DEV-01982,creditsafe.com,jordan.velez,8f3a2b1c-4d5e-6a7b-8c9d-0e1f2a3b4c5d,S-1-5-21-1000000000-2000000000-3000000000-104421,jordan.velez@creditsafe.com,chrome.exe network activity,chrome.exe,C:\Program Files,4345,High,,explorer.exe,4200,7a3f9c2e1b8d4f6a0c5e9d3b7a2f1c8e4d6b9a0,a7f3c91e2b8d4f6a0c1e5d9b3a7f2c8e1d4b6a9f0c3e7d2b5a8f1c4e9d6b3a7f2,None,0,Microsoft Corporation,chrome.exe,10.0,chrome.exe,chrome.exe,chrome.exe,10.24.18.55,Private,52045,Engineering-Developers,Tcp,198.51.100.39,Public,443,https://example39.com,8829100000545,2026-05-28T13:39:39Z,2026-05-28T13:39:39Z,2026-05-28T13:39:39Z,2026-05-28T13:39:39Z,1,0,,,ip-chrome-39,Detection,DeviceNetworkEvents
tenant-lab-001-a000-0000-0000-000000000001,ConnectionSuccess,"{""BenignBrowsing"":true}",,dev-01982-a1b2-c3d4-e5f6-7890abcd0198,CS-DEV-01982,creditsafe.com,jordan.velez,8f3a2b1c-4d5e-6a7b-8c9d-0e1f2a3b4c5d,S-1-5-21-1000000000-2000000000-3000000000-104421,jordan.velez@creditsafe.com,chrome.exe network activity,chrome.exe,C:\Program Files,4346,High,,explorer.exe,4200,7a3f9c2e1b8d4f6a0c5e9d3b7a2f1c8e4d6b9a0,a7f3c91e2b8d4f6a0c1e5d9b3a7f2c8e1d4b6a9f0c3e7d2b5a8f1c4e9d6b3a7f2,None,0,Microsoft Corporation,chrome.exe,10.0,chrome.exe,chrome.exe,chrome.exe,10.24.18.55,Private,52046,Engineering-Developers,Tcp,198.51.100.40,Public,443,https://example40.com,8829100000546,2026-05-28T13:40:40Z,2026-05-28T13:40:40Z,2026-05-28T13:40:40Z,2026-05-28T13:40:40Z,1,0,,,ip-chrome-40,Detection,DeviceNetworkEvents
tenant-lab-001-a000-0000-0000-000000000001,ConnectionSuccess,"{""BenignBrowsing"":true}",,dev-01982-a1b2-c3d4-e5f6-7890abcd0198,CS-DEV-01982,creditsafe.com,jordan.velez,8f3a2b1c-4d5e-6a7b-8c9d-0e1f2a3b4c5d,S-1-5-21-1000000000-2000000000-3000000000-104421,jordan.velez@creditsafe.com,chrome.exe network activity,chrome.exe,C:\Program Files,4347,High,,explorer.exe,4200,7a3f9c2e1b8d4f6a0c5e9d3b7a2f1c8e4d6b9a0,a7f3c91e2b8d4f6a0c1e5d9b3a7f2c8e1d4b6a9f0c3e7d2b5a8f1c4e9d6b3a7f2,None,0,Microsoft Corporation,chrome.exe,10.0,chrome.exe,chrome.exe,chrome.exe,10.24.18.55,Private,52047,Engineering-Developers,Tcp,198.51.100.41,Public,443,https://example41.com,8829100000547,2026-05-28T13:41:41Z,2026-05-28T13:41:41Z,2026-05-28T13:41:41Z,2026-05-28T13:41:41Z,1,0,,,ip-chrome-41,Detection,DeviceNetworkEvents
tenant-lab-001-a000-0000-0000-000000000001,ConnectionSuccess,"{""BenignBrowsing"":true}",,dev-01982-a1b2-c3d4-e5f6-7890abcd0198,CS-DEV-01982,creditsafe.com,jordan.velez,8f3a2b1c-4d5e-6a7b-8c9d-0e1f2a3b4c5d,S-1-5-21-1000000000-2000000000-3000000000-104421,jordan.velez@creditsafe.com,chrome.exe network activity,chrome.exe,C:\Program Files,4348,High,,explorer.exe,4200,7a3f9c2e1b8d4f6a0c5e9d3b7a2f1c8e4d6b9a0,a7f3c91e2b8d4f6a0c1e5d9b3a7f2c8e1d4b6a9f0c3e7d2b5a8f1c4e9d6b3a7f2,None,0,Microsoft Corporation,chrome.exe,10.0,chrome.exe,chrome.exe,chrome.exe,10.24.18.55,Private,52048,Engineering-Developers,Tcp,198.51.100.42,Public,443,https://example42.com,8829100000548,2026-05-28T13:42:42Z,2026-05-28T13:42:42Z,2026-05-28T13:42:42Z,2026-05-28T13:42:42Z,1,0,,,ip-chrome-42,Detection,DeviceNetworkEvents
tenant-lab-001-a000-0000-0000-000000000001,ConnectionSuccess,"{""BenignBrowsing"":true}",,dev-01982-a1b2-c3d4-e5f6-7890abcd0198,CS-DEV-01982,creditsafe.com,jordan.velez,8f3a2b1c-4d5e-6a7b-8c9d-0e1f2a3b4c5d,S-1-5-21-1000000000-2000000000-3000000000-104421,jordan.velez@creditsafe.com,chrome.exe network activity,chrome.exe,C:\Program Files,4349,High,,explorer.exe,4200,7a3f9c2e1b8d4f6a0c5e9d3b7a2f1c8e4d6b9a0,a7f3c91e2b8d4f6a0c1e5d9b3a7f2c8e1d4b6a9f0c3e7d2b5a8f1c4e9d6b3a7f2,None,0,Microsoft Corporation,chrome.exe,10.0,chrome.exe,chrome.exe,chrome.exe,10.24.18.55,Private,52049,Engineering-Developers,Tcp,198.51.100.43,Public,443,https://example43.com,8829100000549,2026-05-28T13:43:43Z,2026-05-28T13:43:43Z,2026-05-28T13:43:43Z,2026-05-28T13:43:43Z,1,0,,,ip-chrome-43,Detection,DeviceNetworkEvents
tenant-lab-001-a000-0000-0000-000000000001,ConnectionSuccess,"{""BenignBrowsing"":true}",,dev-01982-a1b2-c3d4-e5f6-7890abcd0198,CS-DEV-01982,creditsafe.com,jordan.velez,8f3a2b1c-4d5e-6a7b-8c9d-0e1f2a3b4c5d,S-1-5-21-1000000000-2000000000-3000000000-104421,jordan.velez@creditsafe.com,chrome.exe network activity,chrome.exe,C:\Program Files,4350,High,,explorer.exe,4200,7a3f9c2e1b8d4f6a0c5e9d3b7a2f1c8e4d6b9a0,a7f3c91e2b8d4f6a0c1e5d9b3a7f2c8e1d4b6a9f0c3e7d2b5a8f1c4e9d6b3a7f2,None,0,Microsoft Corporation,chrome.exe,10.0,chrome.exe,chrome.exe,chrome.exe,10.24.18.55,Private,52050,Engineering-Developers,Tcp,198.51.100.44,Public,443,https://example44.com,8829100000550,2026-05-28T13:44:44Z,2026-05-28T13:44:44Z,2026-05-28T13:44:44Z,2026-05-28T13:44:44Z,1,0,,,ip-chrome-44,Detection,DeviceNetworkEvents
tenant-lab-001-a000-0000-0000-000000000001,ConnectionSuccess,"{""BenignBrowsing"":true}",,dev-01982-a1b2-c3d4-e5f6-7890abcd0198,CS-DEV-01982,creditsafe.com,jordan.velez,8f3a2b1c-4d5e-6a7b-8c9d-0e1f2a3b4c5d,S-1-5-21-1000000000-2000000000-3000000000-104421,jordan.velez@creditsafe.com,chrome.exe network activity,chrome.exe,C:\Program Files,4351,High,,explorer.exe,4200,7a3f9c2e1b8d4f6a0c5e9d3b7a2f1c8e4d6b9a0,a7f3c91e2b8d4f6a0c1e5d9b3a7f2c8e1d4b6a9f0c3e7d2b5a8f1c4e9d6b3a7f2,None,0,Microsoft Corporation,chrome.exe,10.0,chrome.exe,chrome.exe,chrome.exe,10.24.18.55,Private,52051,Engineering-Developers,Tcp,198.51.100.45,Public,443,https://example45.com,8829100000551,2026-05-28T13:45:45Z,2026-05-28T13:45:45Z,2026-05-28T13:45:45Z,2026-05-28T13:45:45Z,1,0,,,ip-chrome-45,Detection,DeviceNetworkEvents
tenant-lab-001-a000-0000-0000-000000000001,ConnectionSuccess,"{""BenignBrowsing"":true}",,dev-01982-a1b2-c3d4-e5f6-7890abcd0198,CS-DEV-01982,creditsafe.com,jordan.velez,8f3a2b1c-4d5e-6a7b-8c9d-0e1f2a3b4c5d,S-1-5-21-1000000000-2000000000-3000000000-104421,jordan.velez@creditsafe.com,chrome.exe network activity,chrome.exe,C:\Program Files,4352,High,,explorer.exe,4200,7a3f9c2e1b8d4f6a0c5e9d3b7a2f1c8e4d6b9a0,a7f3c91e2b8d4f6a0c1e5d9b3a7f2c8e1d4b6a9f0c3e7d2b5a8f1c4e9d6b3a7f2,None,0,Microsoft Corporation,chrome.exe,10.0,chrome.exe,chrome.exe,chrome.exe,10.24.18.55,Private,52052,Engineering-Developers,Tcp,198.51.100.46,Public,443,https://example46.com,8829100000552,2026-05-28T13:46:46Z,2026-05-28T13:46:46Z,2026-05-28T13:46:46Z,2026-05-28T13:46:46Z,1,0,,,ip-chrome-46,Detection,DeviceNetworkEvents
tenant-lab-001-a000-0000-0000-000000000001,ConnectionSuccess,"{""BenignBrowsing"":true}",,dev-01982-a1b2-c3d4-e5f6-7890abcd0198,CS-DEV-01982,creditsafe.com,jordan.velez,8f3a2b1c-4d5e-6a7b-8c9d-0e1f2a3b4c5d,S-1-5-21-1000000000-2000000000-3000000000-104421,jordan.velez@creditsafe.com,chrome.exe network activity,chrome.exe,C:\Program Files,4353,High,,explorer.exe,4200,7a3f9c2e1b8d4f6a0c5e9d3b7a2f1c8e4d6b9a0,a7f3c91e2b8d4f6a0c1e5d9b3a7f2c8e1d4b6a9f0c3e7d2b5a8f1c4e9d6b3a7f2,None,0,Microsoft Corporation,chrome.exe,10.0,chrome.exe,chrome.exe,chrome.exe,10.24.18.55,Private,52053,Engineering-Developers,Tcp,198.51.100.47,Public,443,https://example47.com,8829100000553,2026-05-28T13:47:47Z,2026-05-28T13:47:47Z,2026-05-28T13:47:47Z,2026-05-28T13:47:47Z,1,0,,,ip-chrome-47,Detection,DeviceNetworkEvents
tenant-lab-001-a000-0000-0000-000000000001,ConnectionSuccess,"{""BenignBrowsing"":true}",,dev-01982-a1b2-c3d4-e5f6-7890abcd0198,CS-DEV-01982,creditsafe.com,jordan.velez,8f3a2b1c-4d5e-6a7b-8c9d-0e1f2a3b4c5d,S-1-5-21-1000000000-2000000000-3000000000-104421,jordan.velez@creditsafe.com,chrome.exe network activity,chrome.exe,C:\Program Files,4354,High,,explorer.exe,4200,7a3f9c2e1b8d4f6a0c5e9d3b7a2f1c8e4d6b9a0,a7f3c91e2b8d4f6a0c1e5d9b3a7f2c8e1d4b6a9f0c3e7d2b5a8f1c4e9d6b3a7f2,None,0,Microsoft Corporation,chrome.exe,10.0,chrome.exe,chrome.exe,chrome.exe,10.24.18.55,Private,52054,Engineering-Developers,Tcp,198.51.100.48,Public,443,https://example48.com,8829100000554,2026-05-28T13:48:48Z,2026-05-28T13:48:48Z,2026-05-28T13:48:48Z,2026-05-28T13:48:48Z,1,0,,,ip-chrome-48,Detection,DeviceNetworkEvents
tenant-lab-001-a000-0000-0000-000000000001,ConnectionSuccess,"{""BenignBrowsing"":true}",,dev-01982-a1b2-c3d4-e5f6-7890abcd0198,CS-DEV-01982,creditsafe.com,jordan.velez,8f3a2b1c-4d5e-6a7b-8c9d-0e1f2a3b4c5d,S-1-5-21-1000000000-2000000000-3000000000-104421,jordan.velez@creditsafe.com,chrome.exe network activity,chrome.exe,C:\Program Files,4355,High,,explorer.exe,4200,7a3f9c2e1b8d4f6a0c5e9d3b7a2f1c8e4d6b9a0,a7f3c91e2b8d4f6a0c1e5d9b3a7f2c8e1d4b6a9f0c3e7d2b5a8f1c4e9d6b3a7f2,None,0,Microsoft Corporation,chrome.exe,10.0,chrome.exe,chrome.exe,chrome.exe,10.24.18.55,Private,52055,Engineering-Developers,Tcp,198.51.100.49,Public,443,https://example49.com,8829100000555,2026-05-28T13:49:49Z,2026-05-28T13:49:49Z,2026-05-28T13:49:49Z,2026-05-28T13:49:49Z,1,0,,,ip-chrome-49,Detection,DeviceNetworkEvents
tenant-lab-001-a000-0000-0000-000000000001,ConnectionSuccess,"{""BenignBrowsing"":true}",,dev-01982-a1b2-c3d4-e5f6-7890abcd0198,CS-DEV-01982,creditsafe.com,jordan.velez,8f3a2b1c-4d5e-6a7b-8c9d-0e1f2a3b4c5d,S-1-5-21-1000000000-2000000000-3000000000-104421,jordan.velez@creditsafe.com,chrome.exe network activity,chrome.exe,C:\Program Files,4356,High,,explorer.exe,4200,7a3f9c2e1b8d4f6a0c5e9d3b7a2f1c8e4d6b9a0,a7f3c91e2b8d4f6a0c1e5d9b3a7f2c8e1d4b6a9f0c3e7d2b5a8f1c4e9d6b3a7f2,None,0,Microsoft Corporation,chrome.exe,10.0,chrome.exe,chrome.exe,chrome.exe,10.24.18.55,Private,52056,Engineering-Developers,Tcp,198.51.100.50,Public,443,https://example50.com,8829100000556,2026-05-28T13:50:50Z,2026-05-28T13:50:50Z,2026-05-28T13:50:50Z,2026-05-28T13:50:50Z,1,0,,,ip-chrome-50,Detection,DeviceNetworkEvents
tenant-lab-001-a000-0000-0000-000000000001,ConnectionSuccess,"{""BenignBrowsing"":true}",,dev-01982-a1b2-c3d4-e5f6-7890abcd0198,CS-DEV-01982,creditsafe.com,jordan.velez,8f3a2b1c-4d5e-6a7b-8c9d-0e1f2a3b4c5d,S-1-5-21-1000000000-2000000000-3000000000-104421,jordan.velez@creditsafe.com,chrome.exe network activity,chrome.exe,C:\Program Files,4357,High,,explorer.exe,4200,7a3f9c2e1b8d4f6a0c5e9d3b7a2f1c8e4d6b9a0,a7f3c91e2b8d4f6a0c1e5d9b3a7f2c8e1d4b6a9f0c3e7d2b5a8f1c4e9d6b3a7f2,None,0,Microsoft Corporation,chrome.exe,10.0,chrome.exe,chrome.exe,chrome.exe,10.24.18.55,Private,52057,Engineering-Developers,Tcp,198.51.100.51,Public,443,https://example51.com,8829100000557,2026-05-28T13:51:51Z,2026-05-28T13:51:51Z,2026-05-28T13:51:51Z,2026-05-28T13:51:51Z,1,0,,,ip-chrome-51,Detection,DeviceNetworkEvents
tenant-lab-001-a000-0000-0000-000000000001,ConnectionSuccess,"{""BenignBrowsing"":true}",,dev-01982-a1b2-c3d4-e5f6-7890abcd0198,CS-DEV-01982,creditsafe.com,jordan.velez,8f3a2b1c-4d5e-6a7b-8c9d-0e1f2a3b4c5d,S-1-5-21-1000000000-2000000000-3000000000-104421,jordan.velez@creditsafe.com,chrome.exe network activity,chrome.exe,C:\Program Files,4358,High,,explorer.exe,4200,7a3f9c2e1b8d4f6a0c5e9d3b7a2f1c8e4d6b9a0,a7f3c91e2b8d4f6a0c1e5d9b3a7f2c8e1d4b6a9f0c3e7d2b5a8f1c4e9d6b3a7f2,None,0,Microsoft Corporation,chrome.exe,10.0,chrome.exe,chrome.exe,chrome.exe,10.24.18.55,Private,52058,Engineering-Developers,Tcp,198.51.100.52,Public,443,https://example52.com,8829100000558,2026-05-28T13:52:52Z,2026-05-28T13:52:52Z,2026-05-28T13:52:52Z,2026-05-28T13:52:52Z,1,0,,,ip-chrome-52,Detection,DeviceNetworkEvents
tenant-lab-001-a000-0000-0000-000000000001,ConnectionSuccess,"{""BenignBrowsing"":true}",,dev-01982-a1b2-c3d4-e5f6-7890abcd0198,CS-DEV-01982,creditsafe.com,jordan.velez,8f3a2b1c-4d5e-6a7b-8c9d-0e1f2a3b4c5d,S-1-5-21-1000000000-2000000000-3000000000-104421,jordan.velez@creditsafe.com,chrome.exe network activity,chrome.exe,C:\Program Files,4359,High,,explorer.exe,4200,7a3f9c2e1b8d4f6a0c5e9d3b7a2f1c8e4d6b9a0,a7f3c91e2b8d4f6a0c1e5d9b3a7f2c8e1d4b6a9f0c3e7d2b5a8f1c4e9d6b3a7f2,None,0,Microsoft Corporation,chrome.exe,10.0,chrome.exe,chrome.exe,chrome.exe,10.24.18.55,Private,52059,Engineering-Developers,Tcp,198.51.100.53,Public,443,https://example53.com,8829100000559,2026-05-28T13:53:53Z,2026-05-28T13:53:53Z,2026-05-28T13:53:53Z,2026-05-28T13:53:53Z,1,0,,,ip-chrome-53,Detection,DeviceNetworkEvents
tenant-lab-001-a000-0000-0000-000000000001,ConnectionSuccess,"{""BenignBrowsing"":true}",,dev-01982-a1b2-c3d4-e5f6-7890abcd0198,CS-DEV-01982,creditsafe.com,jordan.velez,8f3a2b1c-4d5e-6a7b-8c9d-0e1f2a3b4c5d,S-1-5-21-1000000000-2000000000-3000000000-104421,jordan.velez@creditsafe.com,chrome.exe network activity,chrome.exe,C:\Program Files,4360,High,,explorer.exe,4200,7a3f9c2e1b8d4f6a0c5e9d3b7a2f1c8e4d6b9a0,a7f3c91e2b8d4f6a0c1e5d9b3a7f2c8e1d4b6a9f0c3e7d2b5a8f1c4e9d6b3a7f2,None,0,Microsoft Corporation,chrome.exe,10.0,chrome.exe,chrome.exe,chrome.exe,10.24.18.55,Private,52060,Engineering-Developers,Tcp,198.51.100.54,Public,443,https://example54.com,8829100000560,2026-05-28T13:54:54Z,2026-05-28T13:54:54Z,2026-05-28T13:54:54Z,2026-05-28T13:54:54Z,1,0,,,ip-chrome-54,Detection,DeviceNetworkEvents
tenant-lab-001-a000-0000-0000-000000000001,ConnectionSuccess,"{""BenignBrowsing"":true}",,dev-01982-a1b2-c3d4-e5f6-7890abcd0198,CS-DEV-01982,creditsafe.com,jordan.velez,8f3a2b1c-4d5e-6a7b-8c9d-0e1f2a3b4c5d,S-1-5-21-1000000000-2000000000-3000000000-104421,jordan.velez@creditsafe.com,chrome.exe network activity,chrome.exe,C:\Program Files,4361,High,,explorer.exe,4200,7a3f9c2e1b8d4f6a0c5e9d3b7a2f1c8e4d6b9a0,a7f3c91e2b8d4f6a0c1e5d9b3a7f2c8e1d4b6a9f0c3e7d2b5a8f1c4e9d6b3a7f2,None,0,Microsoft Corporation,chrome.exe,10.0,chrome.exe,chrome.exe,chrome.exe,10.24.18.55,Private,52061,Engineering-Developers,Tcp,198.51.100.55,Public,443,https://example55.com,8829100000561,2026-05-28T13:55:55Z,2026-05-28T13:55:55Z,2026-05-28T13:55:55Z,2026-05-28T13:55:55Z,1,0,,,ip-chrome-55,Detection,DeviceNetworkEvents
tenant-lab-001-a000-0000-0000-000000000001,ConnectionSuccess,"{""BenignBrowsing"":true}",,dev-01982-a1b2-c3d4-e5f6-7890abcd0198,CS-DEV-01982,creditsafe.com,jordan.velez,8f3a2b1c-4d5e-6a7b-8c9d-0e1f2a3b4c5d,S-1-5-21-1000000000-2000000000-3000000000-104421,jordan.velez@creditsafe.com,chrome.exe network activity,chrome.exe,C:\Program Files,4362,High,,explorer.exe,4200,7a3f9c2e1b8d4f6a0c5e9d3b7a2f1c8e4d6b9a0,a7f3c91e2b8d4f6a0c1e5d9b3a7f2c8e1d4b6a9f0c3e7d2b5a8f1c4e9d6b3a7f2,None,0,Microsoft Corporation,chrome.exe,10.0,chrome.exe,chrome.exe,chrome.exe,10.24.18.55,Private,52062,Engineering-Developers,Tcp,198.51.100.56,Public,443,https://example56.com,8829100000562,2026-05-28T13:56:56Z,2026-05-28T13:56:56Z,2026-05-28T13:56:56Z,2026-05-28T13:56:56Z,1,0,,,ip-chrome-56,Detection,DeviceNetworkEvents
tenant-lab-001-a000-0000-0000-000000000001,ConnectionSuccess,"{""BenignBrowsing"":true}",,dev-01982-a1b2-c3d4-e5f6-7890abcd0198,CS-DEV-01982,creditsafe.com,jordan.velez,8f3a2b1c-4d5e-6a7b-8c9d-0e1f2a3b4c5d,S-1-5-21-1000000000-2000000000-3000000000-104421,jordan.velez@creditsafe.com,chrome.exe network activity,chrome.exe,C:\Program Files,4363,High,,explorer.exe,4200,7a3f9c2e1b8d4f6a0c5e9d3b7a2f1c8e4d6b9a0,a7f3c91e2b8d4f6a0c1e5d9b3a7f2c8e1d4b6a9f0c3e7d2b5a8f1c4e9d6b3a7f2,None,0,Microsoft Corporation,chrome.exe,10.0,chrome.exe,chrome.exe,chrome.exe,10.24.18.55,Private,52063,Engineering-Developers,Tcp,198.51.100.57,Public,443,https://example57.com,8829100000563,2026-05-28T13:57:57Z,2026-05-28T13:57:57Z,2026-05-28T13:57:57Z,2026-05-28T13:57:57Z,1,0,,,ip-chrome-57,Detection,DeviceNetworkEvents
tenant-lab-001-a000-0000-0000-000000000001,ConnectionSuccess,"{""BenignBrowsing"":true}",,dev-01982-a1b2-c3d4-e5f6-7890abcd0198,CS-DEV-01982,creditsafe.com,jordan.velez,8f3a2b1c-4d5e-6a7b-8c9d-0e1f2a3b4c5d,S-1-5-21-1000000000-2000000000-3000000000-104421,jordan.velez@creditsafe.com,chrome.exe network activity,chrome.exe,C:\Program Files,4364,High,,explorer.exe,4200,7a3f9c2e1b8d4f6a0c5e9d3b7a2f1c8e4d6b9a0,a7f3c91e2b8d4f6a0c1e5d9b3a7f2c8e1d4b6a9f0c3e7d2b5a8f1c4e9d6b3a7f2,None,0,Microsoft Corporation,chrome.exe,10.0,chrome.exe,chrome.exe,chrome.exe,10.24.18.55,Private,52064,Engineering-Developers,Tcp,198.51.100.58,Public,443,https://example58.com,8829100000564,2026-05-28T13:58:58Z,2026-05-28T13:58:58Z,2026-05-28T13:58:58Z,2026-05-28T13:58:58Z,1,0,,,ip-chrome-58,Detection,DeviceNetworkEvents
tenant-lab-001-a000-0000-0000-000000000001,ConnectionSuccess,"{""BenignBrowsing"":true}",,dev-01982-a1b2-c3d4-e5f6-7890abcd0198,CS-DEV-01982,creditsafe.com,jordan.velez,8f3a2b1c-4d5e-6a7b-8c9d-0e1f2a3b4c5d,S-1-5-21-1000000000-2000000000-3000000000-104421,jordan.velez@creditsafe.com,chrome.exe network activity,chrome.exe,C:\Program Files,4365,High,,explorer.exe,4200,7a3f9c2e1b8d4f6a0c5e9d3b7a2f1c8e4d6b9a0,a7f3c91e2b8d4f6a0c1e5d9b3a7f2c8e1d4b6a9f0c3e7d2b5a8f1c4e9d6b3a7f2,None,0,Microsoft Corporation,chrome.exe,10.0,chrome.exe,chrome.exe,chrome.exe,10.24.18.55,Private,52065,Engineering-Developers,Tcp,198.51.100.59,Public,443,https://example59.com,8829100000565,2026-05-28T13:59:59Z,2026-05-28T13:59:59Z,2026-05-28T13:59:59Z,2026-05-28T13:59:59Z,1,0,,,ip-chrome-59,Detection,DeviceNetworkEvents
tenant-lab-001-a000-0000-0000-000000000001,ConnectionSuccess,"{""BenignBrowsing"":true}",,dev-01982-a1b2-c3d4-e5f6-7890abcd0198,CS-DEV-01982,creditsafe.com,jordan.velez,8f3a2b1c-4d5e-6a7b-8c9d-0e1f2a3b4c5d,S-1-5-21-1000000000-2000000000-3000000000-104421,jordan.velez@creditsafe.com,chrome.exe network activity,chrome.exe,C:\Program Files,4366,High,,explorer.exe,4200,7a3f9c2e1b8d4f6a0c5e9d3b7a2f1c8e4d6b9a0,a7f3c91e2b8d4f6a0c1e5d9b3a7f2c8e1d4b6a9f0c3e7d2b5a8f1c4e9d6b3a7f2,None,0,Microsoft Corporation,chrome.exe,10.0,chrome.exe,chrome.exe,chrome.exe,10.24.18.55,Private,52066,Engineering-Developers,Tcp,198.51.100.60,Public,443,https://example60.com,8829100000566,2026-05-28T13:00:00Z,2026-05-28T13:00:00Z,2026-05-28T13:00:00Z,2026-05-28T13:00:00Z,1,0,,,ip-chrome-60,Detection,DeviceNetworkEvents
tenant-lab-001-a000-0000-0000-000000000001,ConnectionSuccess,"{""BenignBrowsing"":true}",,dev-01982-a1b2-c3d4-e5f6-7890abcd0198,CS-DEV-01982,creditsafe.com,jordan.velez,8f3a2b1c-4d5e-6a7b-8c9d-0e1f2a3b4c5d,S-1-5-21-1000000000-2000000000-3000000000-104421,jordan.velez@creditsafe.com,chrome.exe network activity,chrome.exe,C:\Program Files,4367,High,,explorer.exe,4200,7a3f9c2e1b8d4f6a0c5e9d3b7a2f1c8e4d6b9a0,a7f3c91e2b8d4f6a0c1e5d9b3a7f2c8e1d4b6a9f0c3e7d2b5a8f1c4e9d6b3a7f2,None,0,Microsoft Corporation,chrome.exe,10.0,chrome.exe,chrome.exe,chrome.exe,10.24.18.55,Private,52067,Engineering-Developers,Tcp,198.51.100.61,Public,443,https://example61.com,8829100000567,2026-05-28T13:01:01Z,2026-05-28T13:01:01Z,2026-05-28T13:01:01Z,2026-05-28T13:01:01Z,1,0,,,ip-chrome-61,Detection,DeviceNetworkEvents
tenant-lab-001-a000-0000-0000-000000000001,ConnectionSuccess,"{""BenignBrowsing"":true}",,dev-01982-a1b2-c3d4-e5f6-7890abcd0198,CS-DEV-01982,creditsafe.com,jordan.velez,8f3a2b1c-4d5e-6a7b-8c9d-0e1f2a3b4c5d,S-1-5-21-1000000000-2000000000-3000000000-104421,jordan.velez@creditsafe.com,chrome.exe network activity,chrome.exe,C:\Program Files,4368,High,,explorer.exe,4200,7a3f9c2e1b8d4f6a0c5e9d3b7a2f1c8e4d6b9a0,a7f3c91e2b8d4f6a0c1e5d9b3a7f2c8e1d4b6a9f0c3e7d2b5a8f1c4e9d6b3a7f2,None,0,Microsoft Corporation,chrome.exe,10.0,chrome.exe,chrome.exe,chrome.exe,10.24.18.55,Private,52068,Engineering-Developers,Tcp,198.51.100.62,Public,443,https://example62.com,8829100000568,2026-05-28T13:02:02Z,2026-05-28T13:02:02Z,2026-05-28T13:02:02Z,2026-05-28T13:02:02Z,1,0,,,ip-chrome-62,Detection,DeviceNetworkEvents
tenant-lab-001-a000-0000-0000-000000000001,ConnectionSuccess,"{""BenignBrowsing"":true}",,dev-01982-a1b2-c3d4-e5f6-7890abcd0198,CS-DEV-01982,creditsafe.com,jordan.velez,8f3a2b1c-4d5e-6a7b-8c9d-0e1f2a3b4c5d,S-1-5-21-1000000000-2000000000-3000000000-104421,jordan.velez@creditsafe.com,chrome.exe network activity,chrome.exe,C:\Program Files,4369,High,,explorer.exe,4200,7a3f9c2e1b8d4f6a0c5e9d3b7a2f1c8e4d6b9a0,a7f3c91e2b8d4f6a0c1e5d9b3a7f2c8e1d4b6a9f0c3e7d2b5a8f1c4e9d6b3a7f2,None,0,Microsoft Corporation,chrome.exe,10.0,chrome.exe,chrome.exe,chrome.exe,10.24.18.55,Private,52069,Engineering-Developers,Tcp,198.51.100.63,Public,443,https://example63.com,8829100000569,2026-05-28T13:03:03Z,2026-05-28T13:03:03Z,2026-05-28T13:03:03Z,2026-05-28T13:03:03Z,1,0,,,ip-chrome-63,Detection,DeviceNetworkEvents
tenant-lab-001-a000-0000-0000-000000000001,ConnectionSuccess,"{""BenignBrowsing"":true}",,dev-01982-a1b2-c3d4-e5f6-7890abcd0198,CS-DEV-01982,creditsafe.com,jordan.velez,8f3a2b1c-4d5e-6a7b-8c9d-0e1f2a3b4c5d,S-1-5-21-1000000000-2000000000-3000000000-104421,jordan.velez@creditsafe.com,chrome.exe network activity,chrome.exe,C:\Program Files,4370,High,,explorer.exe,4200,7a3f9c2e1b8d4f6a0c5e9d3b7a2f1c8e4d6b9a0,a7f3c91e2b8d4f6a0c1e5d9b3a7f2c8e1d4b6a9f0c3e7d2b5a8f1c4e9d6b3a7f2,None,0,Microsoft Corporation,chrome.exe,10.0,chrome.exe,chrome.exe,chrome.exe,10.24.18.55,Private,52070,Engineering-Developers,Tcp,198.51.100.64,Public,443,https://example64.com,8829100000570,2026-05-28T13:04:04Z,2026-05-28T13:04:04Z,2026-05-28T13:04:04Z,2026-05-28T13:04:04Z,1,0,,,ip-chrome-64,Detection,DeviceNetworkEvents
tenant-lab-001-a000-0000-0000-000000000001,ConnectionSuccess,"{""BenignBrowsing"":true}",,dev-01982-a1b2-c3d4-e5f6-7890abcd0198,CS-DEV-01982,creditsafe.com,jordan.velez,8f3a2b1c-4d5e-6a7b-8c9d-0e1f2a3b4c5d,S-1-5-21-1000000000-2000000000-3000000000-104421,jordan.velez@creditsafe.com,chrome.exe network activity,chrome.exe,C:\Program Files,4371,High,,explorer.exe,4200,7a3f9c2e1b8d4f6a0c5e9d3b7a2f1c8e4d6b9a0,a7f3c91e2b8d4f6a0c1e5d9b3a7f2c8e1d4b6a9f0c3e7d2b5a8f1c4e9d6b3a7f2,None,0,Microsoft Corporation,chrome.exe,10.0,chrome.exe,chrome.exe,chrome.exe,10.24.18.55,Private,52071,Engineering-Developers,Tcp,198.51.100.65,Public,443,https://example65.com,8829100000571,2026-05-28T13:05:05Z,2026-05-28T13:05:05Z,2026-05-28T13:05:05Z,2026-05-28T13:05:05Z,1,0,,,ip-chrome-65,Detection,DeviceNetworkEvents
tenant-lab-001-a000-0000-0000-000000000001,ConnectionSuccess,"{""BenignBrowsing"":true}",,dev-01982-a1b2-c3d4-e5f6-7890abcd0198,CS-DEV-01982,creditsafe.com,jordan.velez,8f3a2b1c-4d5e-6a7b-8c9d-0e1f2a3b4c5d,S-1-5-21-1000000000-2000000000-3000000000-104421,jordan.velez@creditsafe.com,chrome.exe network activity,chrome.exe,C:\Program Files,4372,High,,explorer.exe,4200,7a3f9c2e1b8d4f6a0c5e9d3b7a2f1c8e4d6b9a0,a7f3c91e2b8d4f6a0c1e5d9b3a7f2c8e1d4b6a9f0c3e7d2b5a8f1c4e9d6b3a7f2,None,0,Microsoft Corporation,chrome.exe,10.0,chrome.exe,chrome.exe,chrome.exe,10.24.18.55,Private,52072,Engineering-Developers,Tcp,198.51.100.66,Public,443,https://example66.com,8829100000572,2026-05-28T13:06:06Z,2026-05-28T13:06:06Z,2026-05-28T13:06:06Z,2026-05-28T13:06:06Z,1,0,,,ip-chrome-66,Detection,DeviceNetworkEvents
tenant-lab-001-a000-0000-0000-000000000001,ConnectionSuccess,"{""BenignBrowsing"":true}",,dev-01982-a1b2-c3d4-e5f6-7890abcd0198,CS-DEV-01982,creditsafe.com,jordan.velez,8f3a2b1c-4d5e-6a7b-8c9d-0e1f2a3b4c5d,S-1-5-21-1000000000-2000000000-3000000000-104421,jordan.velez@creditsafe.com,chrome.exe network activity,chrome.exe,C:\Program Files,4373,High,,explorer.exe,4200,7a3f9c2e1b8d4f6a0c5e9d3b7a2f1c8e4d6b9a0,a7f3c91e2b8d4f6a0c1e5d9b3a7f2c8e1d4b6a9f0c3e7d2b5a8f1c4e9d6b3a7f2,None,0,Microsoft Corporation,chrome.exe,10.0,chrome.exe,chrome.exe,chrome.exe,10.24.18.55,Private,52073,Engineering-Developers,Tcp,198.51.100.67,Public,443,https://example67.com,8829100000573,2026-05-28T13:07:07Z,2026-05-28T13:07:07Z,2026-05-28T13:07:07Z,2026-05-28T13:07:07Z,1,0,,,ip-chrome-67,Detection,DeviceNetworkEvents
tenant-lab-001-a000-0000-0000-000000000001,ConnectionSuccess,"{""BenignBrowsing"":true}",,dev-01982-a1b2-c3d4-e5f6-7890abcd0198,CS-DEV-01982,creditsafe.com,jordan.velez,8f3a2b1c-4d5e-6a7b-8c9d-0e1f2a3b4c5d,S-1-5-21-1000000000-2000000000-3000000000-104421,jordan.velez@creditsafe.com,chrome.exe network activity,chrome.exe,C:\Program Files,4374,High,,explorer.exe,4200,7a3f9c2e1b8d4f6a0c5e9d3b7a2f1c8e4d6b9a0,a7f3c91e2b8d4f6a0c1e5d9b3a7f2c8e1d4b6a9f0c3e7d2b5a8f1c4e9d6b3a7f2,None,0,Microsoft Corporation,chrome.exe,10.0,chrome.exe,chrome.exe,chrome.exe,10.24.18.55,Private,52074,Engineering-Developers,Tcp,198.51.100.68,Public,443,https://example68.com,8829100000574,2026-05-28T13:08:08Z,2026-05-28T13:08:08Z,2026-05-28T13:08:08Z,2026-05-28T13:08:08Z,1,0,,,ip-chrome-68,Detection,DeviceNetworkEvents
tenant-lab-001-a000-0000-0000-000000000001,ConnectionSuccess,"{""BenignBrowsing"":true}",,dev-01982-a1b2-c3d4-e5f6-7890abcd0198,CS-DEV-01982,creditsafe.com,jordan.velez,8f3a2b1c-4d5e-6a7b-8c9d-0e1f2a3b4c5d,S-1-5-21-1000000000-2000000000-3000000000-104421,jordan.velez@creditsafe.com,chrome.exe network activity,chrome.exe,C:\Program Files,4375,High,,explorer.exe,4200,7a3f9c2e1b8d4f6a0c5e9d3b7a2f1c8e4d6b9a0,a7f3c91e2b8d4f6a0c1e5d9b3a7f2c8e1d4b6a9f0c3e7d2b5a8f1c4e9d6b3a7f2,None,0,Microsoft Corporation,chrome.exe,10.0,chrome.exe,chrome.exe,chrome.exe,10.24.18.55,Private,52075,Engineering-Developers,Tcp,198.51.100.69,Public,443,https://example69.com,8829100000575,2026-05-28T13:09:09Z,2026-05-28T13:09:09Z,2026-05-28T13:09:09Z,2026-05-28T13:09:09Z,1,0,,,ip-chrome-69,Detection,DeviceNetworkEvents
tenant-lab-001-a000-0000-0000-000000000001,ConnectionSuccess,"{""BenignBrowsing"":true}",,dev-01982-a1b2-c3d4-e5f6-7890abcd0198,CS-DEV-01982,creditsafe.com,jordan.velez,8f3a2b1c-4d5e-6a7b-8c9d-0e1f2a3b4c5d,S-1-5-21-1000000000-2000000000-3000000000-104421,jordan.velez@creditsafe.com,chrome.exe network activity,chrome.exe,C:\Program Files,4376,High,,explorer.exe,4200,7a3f9c2e1b8d4f6a0c5e9d3b7a2f1c8e4d6b9a0,a7f3c91e2b8d4f6a0c1e5d9b3a7f2c8e1d4b6a9f0c3e7d2b5a8f1c4e9d6b3a7f2,None,0,Microsoft Corporation,chrome.exe,10.0,chrome.exe,chrome.exe,chrome.exe,10.24.18.55,Private,52076,Engineering-Developers,Tcp,198.51.100.70,Public,443,https://example70.com,8829100000576,2026-05-28T13:10:10Z,2026-05-28T13:10:10Z,2026-05-28T13:10:10Z,2026-05-28T13:10:10Z,1,0,,,ip-chrome-70,Detection,DeviceNetworkEvents
tenant-lab-001-a000-0000-0000-000000000001,ConnectionSuccess,"{""BenignBrowsing"":true}",,dev-01982-a1b2-c3d4-e5f6-7890abcd0198,CS-DEV-01982,creditsafe.com,jordan.velez,8f3a2b1c-4d5e-6a7b-8c9d-0e1f2a3b4c5d,S-1-5-21-1000000000-2000000000-3000000000-104421,jordan.velez@creditsafe.com,chrome.exe network activity,chrome.exe,C:\Program Files,4377,High,,explorer.exe,4200,7a3f9c2e1b8d4f6a0c5e9d3b7a2f1c8e4d6b9a0,a7f3c91e2b8d4f6a0c1e5d9b3a7f2c8e1d4b6a9f0c3e7d2b5a8f1c4e9d6b3a7f2,None,0,Microsoft Corporation,chrome.exe,10.0,chrome.exe,chrome.exe,chrome.exe,10.24.18.55,Private,52077,Engineering-Developers,Tcp,198.51.100.71,Public,443,https://example71.com,8829100000577,2026-05-28T13:11:11Z,2026-05-28T13:11:11Z,2026-05-28T13:11:11Z,2026-05-28T13:11:11Z,1,0,,,ip-chrome-71,Detection,DeviceNetworkEvents
tenant-lab-001-a000-0000-0000-000000000001,ConnectionSuccess,"{""BenignBrowsing"":true}",,dev-01982-a1b2-c3d4-e5f6-7890abcd0198,CS-DEV-01982,creditsafe.com,jordan.velez,8f3a2b1c-4d5e-6a7b-8c9d-0e1f2a3b4c5d,S-1-5-21-1000000000-2000000000-3000000000-104421,jordan.velez@creditsafe.com,chrome.exe network activity,chrome.exe,C:\Program Files,4378,High,,explorer.exe,4200,7a3f9c2e1b8d4f6a0c5e9d3b7a2f1c8e4d6b9a0,a7f3c91e2b8d4f6a0c1e5d9b3a7f2c8e1d4b6a9f0c3e7d2b5a8f1c4e9d6b3a7f2,None,0,Microsoft Corporation,chrome.exe,10.0,chrome.exe,chrome.exe,chrome.exe,10.24.18.55,Private,52078,Engineering-Developers,Tcp,198.51.100.72,Public,443,https://example72.com,8829100000578,2026-05-28T13:12:12Z,2026-05-28T13:12:12Z,2026-05-28T13:12:12Z,2026-05-28T13:12:12Z,1,0,,,ip-chrome-72,Detection,DeviceNetworkEvents
tenant-lab-001-a000-0000-0000-000000000001,ConnectionSuccess,"{""BenignBrowsing"":true}",,dev-01982-a1b2-c3d4-e5f6-7890abcd0198,CS-DEV-01982,creditsafe.com,jordan.velez,8f3a2b1c-4d5e-6a7b-8c9d-0e1f2a3b4c5d,S-1-5-21-1000000000-2000000000-3000000000-104421,jordan.velez@creditsafe.com,chrome.exe network activity,chrome.exe,C:\Program Files,4379,High,,explorer.exe,4200,7a3f9c2e1b8d4f6a0c5e9d3b7a2f1c8e4d6b9a0,a7f3c91e2b8d4f6a0c1e5d9b3a7f2c8e1d4b6a9f0c3e7d2b5a8f1c4e9d6b3a7f2,None,0,Microsoft Corporation,chrome.exe,10.0,chrome.exe,chrome.exe,chrome.exe,10.24.18.55,Private,52079,Engineering-Developers,Tcp,198.51.100.73,Public,443,https://example73.com,8829100000579,2026-05-28T13:13:13Z,2026-05-28T13:13:13Z,2026-05-28T13:13:13Z,2026-05-28T13:13:13Z,1,0,,,ip-chrome-73,Detection,DeviceNetworkEvents
tenant-lab-001-a000-0000-0000-000000000001,ConnectionSuccess,"{""BenignBrowsing"":true}",,dev-01982-a1b2-c3d4-e5f6-7890abcd0198,CS-DEV-01982,creditsafe.com,jordan.velez,8f3a2b1c-4d5e-6a7b-8c9d-0e1f2a3b4c5d,S-1-5-21-1000000000-2000000000-3000000000-104421,jordan.velez@creditsafe.com,chrome.exe network activity,chrome.exe,C:\Program Files,4380,High,,explorer.exe,4200,7a3f9c2e1b8d4f6a0c5e9d3b7a2f1c8e4d6b9a0,a7f3c91e2b8d4f6a0c1e5d9b3a7f2c8e1d4b6a9f0c3e7d2b5a8f1c4e9d6b3a7f2,None,0,Microsoft Corporation,chrome.exe,10.0,chrome.exe,chrome.exe,chrome.exe,10.24.18.55,Private,52080,Engineering-Developers,Tcp,198.51.100.74,Public,443,https://example74.com,8829100000580,2026-05-28T13:14:14Z,2026-05-28T13:14:14Z,2026-05-28T13:14:14Z,2026-05-28T13:14:14Z,1,0,,,ip-chrome-74,Detection,DeviceNetworkEvents
tenant-lab-001-a000-0000-0000-000000000001,ConnectionSuccess,"{""BenignBrowsing"":true}",,dev-01982-a1b2-c3d4-e5f6-7890abcd0198,CS-DEV-01982,creditsafe.com,jordan.velez,8f3a2b1c-4d5e-6a7b-8c9d-0e1f2a3b4c5d,S-1-5-21-1000000000-2000000000-3000000000-104421,jordan.velez@creditsafe.com,chrome.exe network activity,chrome.exe,C:\Program Files,4381,High,,explorer.exe,4200,7a3f9c2e1b8d4f6a0c5e9d3b7a2f1c8e4d6b9a0,a7f3c91e2b8d4f6a0c1e5d9b3a7f2c8e1d4b6a9f0c3e7d2b5a8f1c4e9d6b3a7f2,None,0,Microsoft Corporation,chrome.exe,10.0,chrome.exe,chrome.exe,chrome.exe,10.24.18.55,Private,52081,Engineering-Developers,Tcp,198.51.100.75,Public,443,https://example75.com,8829100000581,2026-05-28T13:15:15Z,2026-05-28T13:15:15Z,2026-05-28T13:15:15Z,2026-05-28T13:15:15Z,1,0,,,ip-chrome-75,Detection,DeviceNetworkEvents
tenant-lab-001-a000-0000-0000-000000000001,ConnectionSuccess,"{""BenignBrowsing"":true}",,dev-01982-a1b2-c3d4-e5f6-7890abcd0198,CS-DEV-01982,creditsafe.com,jordan.velez,8f3a2b1c-4d5e-6a7b-8c9d-0e1f2a3b4c5d,S-1-5-21-1000000000-2000000000-3000000000-104421,jordan.velez@creditsafe.com,chrome.exe network activity,chrome.exe,C:\Program Files,4382,High,,explorer.exe,4200,7a3f9c2e1b8d4f6a0c5e9d3b7a2f1c8e4d6b9a0,a7f3c91e2b8d4f6a0c1e5d9b3a7f2c8e1d4b6a9f0c3e7d2b5a8f1c4e9d6b3a7f2,None,0,Microsoft Corporation,chrome.exe,10.0,chrome.exe,chrome.exe,chrome.exe,10.24.18.55,Private,52082,Engineering-Developers,Tcp,198.51.100.76,Public,443,https://example76.com,8829100000582,2026-05-28T13:16:16Z,2026-05-28T13:16:16Z,2026-05-28T13:16:16Z,2026-05-28T13:16:16Z,1,0,,,ip-chrome-76,Detection,DeviceNetworkEvents
tenant-lab-001-a000-0000-0000-000000000001,ConnectionSuccess,"{""BenignBrowsing"":true}",,dev-01982-a1b2-c3d4-e5f6-7890abcd0198,CS-DEV-01982,creditsafe.com,jordan.velez,8f3a2b1c-4d5e-6a7b-8c9d-0e1f2a3b4c5d,S-1-5-21-1000000000-2000000000-3000000000-104421,jordan.velez@creditsafe.com,chrome.exe network activity,chrome.exe,C:\Program Files,4383,High,,explorer.exe,4200,7a3f9c2e1b8d4f6a0c5e9d3b7a2f1c8e4d6b9a0,a7f3c91e2b8d4f6a0c1e5d9b3a7f2c8e1d4b6a9f0c3e7d2b5a8f1c4e9d6b3a7f2,None,0,Microsoft Corporation,chrome.exe,10.0,chrome.exe,chrome.exe,chrome.exe,10.24.18.55,Private,52083,Engineering-Developers,Tcp,198.51.100.77,Public,443,https://example77.com,8829100000583,2026-05-28T13:17:17Z,2026-05-28T13:17:17Z,2026-05-28T13:17:17Z,2026-05-28T13:17:17Z,1,0,,,ip-chrome-77,Detection,DeviceNetworkEvents
tenant-lab-001-a000-0000-0000-000000000001,ConnectionSuccess,"{""BenignBrowsing"":true}",,dev-01982-a1b2-c3d4-e5f6-7890abcd0198,CS-DEV-01982,creditsafe.com,jordan.velez,8f3a2b1c-4d5e-6a7b-8c9d-0e1f2a3b4c5d,S-1-5-21-1000000000-2000000000-3000000000-104421,jordan.velez@creditsafe.com,chrome.exe network activity,chrome.exe,C:\Program Files,4384,High,,explorer.exe,4200,7a3f9c2e1b8d4f6a0c5e9d3b7a2f1c8e4d6b9a0,a7f3c91e2b8d4f6a0c1e5d9b3a7f2c8e1d4b6a9f0c3e7d2b5a8f1c4e9d6b3a7f2,None,0,Microsoft Corporation,chrome.exe,10.0,chrome.exe,chrome.exe,chrome.exe,10.24.18.55,Private,52084,Engineering-Developers,Tcp,198.51.100.78,Public,443,https://example78.com,8829100000584,2026-05-28T13:18:18Z,2026-05-28T13:18:18Z,2026-05-28T13:18:18Z,2026-05-28T13:18:18Z,1,0,,,ip-chrome-78,Detection,DeviceNetworkEvents
tenant-lab-001-a000-0000-0000-000000000001,ConnectionSuccess,"{""BenignBrowsing"":true}",,dev-01982-a1b2-c3d4-e5f6-7890abcd0198,CS-DEV-01982,creditsafe.com,jordan.velez,8f3a2b1c-4d5e-6a7b-8c9d-0e1f2a3b4c5d,S-1-5-21-1000000000-2000000000-3000000000-104421,jordan.velez@creditsafe.com,chrome.exe network activity,chrome.exe,C:\Program Files,4385,High,,explorer.exe,4200,7a3f9c2e1b8d4f6a0c5e9d3b7a2f1c8e4d6b9a0,a7f3c91e2b8d4f6a0c1e5d9b3a7f2c8e1d4b6a9f0c3e7d2b5a8f1c4e9d6b3a7f2,None,0,Microsoft Corporation,chrome.exe,10.0,chrome.exe,chrome.exe,chrome.exe,10.24.18.55,Private,52085,Engineering-Developers,Tcp,198.51.100.79,Public,443,https://example79.com,8829100000585,2026-05-28T13:19:19Z,2026-05-28T13:19:19Z,2026-05-28T13:19:19Z,2026-05-28T13:19:19Z,1,0,,,ip-chrome-79,Detection,DeviceNetworkEvents
tenant-lab-001-a000-0000-0000-000000000001,ConnectionSuccess,"{""BenignBrowsing"":true}",,dev-01982-a1b2-c3d4-e5f6-7890abcd0198,CS-DEV-01982,creditsafe.com,jordan.velez,8f3a2b1c-4d5e-6a7b-8c9d-0e1f2a3b4c5d,S-1-5-21-1000000000-2000000000-3000000000-104421,jordan.velez@creditsafe.com,chrome.exe network activity,chrome.exe,C:\Program Files,4386,High,,explorer.exe,4200,7a3f9c2e1b8d4f6a0c5e9d3b7a2f1c8e4d6b9a0,a7f3c91e2b8d4f6a0c1e5d9b3a7f2c8e1d4b6a9f0c3e7d2b5a8f1c4e9d6b3a7f2,None,0,Microsoft Corporation,chrome.exe,10.0,chrome.exe,chrome.exe,chrome.exe,10.24.18.55,Private,52086,Engineering-Developers,Tcp,198.51.100.80,Public,443,https://example80.com,8829100000586,2026-05-28T13:20:20Z,2026-05-28T13:20:20Z,2026-05-28T13:20:20Z,2026-05-28T13:20:20Z,1,0,,,ip-chrome-80,Detection,DeviceNetworkEvents
tenant-lab-001-a000-0000-0000-000000000001,ConnectionSuccess,"{""BenignBrowsing"":true}",,dev-01982-a1b2-c3d4-e5f6-7890abcd0198,CS-DEV-01982,creditsafe.com,jordan.velez,8f3a2b1c-4d5e-6a7b-8c9d-0e1f2a3b4c5d,S-1-5-21-1000000000-2000000000-3000000000-104421,jordan.velez@creditsafe.com,chrome.exe network activity,chrome.exe,C:\Program Files,4387,High,,explorer.exe,4200,7a3f9c2e1b8d4f6a0c5e9d3b7a2f1c8e4d6b9a0,a7f3c91e2b8d4f6a0c1e5d9b3a7f2c8e1d4b6a9f0c3e7d2b5a8f1c4e9d6b3a7f2,None,0,Microsoft Corporation,chrome.exe,10.0,chrome.exe,chrome.exe,chrome.exe,10.24.18.55,Private,52087,Engineering-Developers,Tcp,198.51.100.81,Public,443,https://example81.com,8829100000587,2026-05-28T13:21:21Z,2026-05-28T13:21:21Z,2026-05-28T13:21:21Z,2026-05-28T13:21:21Z,1,0,,,ip-chrome-81,Detection,DeviceNetworkEvents
tenant-lab-001-a000-0000-0000-000000000001,ConnectionSuccess,"{""BenignBrowsing"":true}",,dev-01982-a1b2-c3d4-e5f6-7890abcd0198,CS-DEV-01982,creditsafe.com,jordan.velez,8f3a2b1c-4d5e-6a7b-8c9d-0e1f2a3b4c5d,S-1-5-21-1000000000-2000000000-3000000000-104421,jordan.velez@creditsafe.com,chrome.exe network activity,chrome.exe,C:\Program Files,4388,High,,explorer.exe,4200,7a3f9c2e1b8d4f6a0c5e9d3b7a2f1c8e4d6b9a0,a7f3c91e2b8d4f6a0c1e5d9b3a7f2c8e1d4b6a9f0c3e7d2b5a8f1c4e9d6b3a7f2,None,0,Microsoft Corporation,chrome.exe,10.0,chrome.exe,chrome.exe,chrome.exe,10.24.18.55,Private,52088,Engineering-Developers,Tcp,198.51.100.82,Public,443,https://example82.com,8829100000588,2026-05-28T13:22:22Z,2026-05-28T13:22:22Z,2026-05-28T13:22:22Z,2026-05-28T13:22:22Z,1,0,,,ip-chrome-82,Detection,DeviceNetworkEvents
tenant-lab-001-a000-0000-0000-000000000001,ConnectionSuccess,"{""BenignBrowsing"":true}",,dev-01982-a1b2-c3d4-e5f6-7890abcd0198,CS-DEV-01982,creditsafe.com,jordan.velez,8f3a2b1c-4d5e-6a7b-8c9d-0e1f2a3b4c5d,S-1-5-21-1000000000-2000000000-3000000000-104421,jordan.velez@creditsafe.com,chrome.exe network activity,chrome.exe,C:\Program Files,4389,High,,explorer.exe,4200,7a3f9c2e1b8d4f6a0c5e9d3b7a2f1c8e4d6b9a0,a7f3c91e2b8d4f6a0c1e5d9b3a7f2c8e1d4b6a9f0c3e7d2b5a8f1c4e9d6b3a7f2,None,0,Microsoft Corporation,chrome.exe,10.0,chrome.exe,chrome.exe,chrome.exe,10.24.18.55,Private,52089,Engineering-Developers,Tcp,198.51.100.83,Public,443,https://example83.com,8829100000589,2026-05-28T13:23:23Z,2026-05-28T13:23:23Z,2026-05-28T13:23:23Z,2026-05-28T13:23:23Z,1,0,,,ip-chrome-83,Detection,DeviceNetworkEvents
tenant-lab-001-a000-0000-0000-000000000001,ConnectionSuccess,"{""BenignBrowsing"":true}",,dev-01982-a1b2-c3d4-e5f6-7890abcd0198,CS-DEV-01982,creditsafe.com,jordan.velez,8f3a2b1c-4d5e-6a7b-8c9d-0e1f2a3b4c5d,S-1-5-21-1000000000-2000000000-3000000000-104421,jordan.velez@creditsafe.com,chrome.exe network activity,chrome.exe,C:\Program Files,4390,High,,explorer.exe,4200,7a3f9c2e1b8d4f6a0c5e9d3b7a2f1c8e4d6b9a0,a7f3c91e2b8d4f6a0c1e5d9b3a7f2c8e1d4b6a9f0c3e7d2b5a8f1c4e9d6b3a7f2,None,0,Microsoft Corporation,chrome.exe,10.0,chrome.exe,chrome.exe,chrome.exe,10.24.18.55,Private,52090,Engineering-Developers,Tcp,198.51.100.84,Public,443,https://example84.com,8829100000590,2026-05-28T13:24:24Z,2026-05-28T13:24:24Z,2026-05-28T13:24:24Z,2026-05-28T13:24:24Z,1,0,,,ip-chrome-84,Detection,DeviceNetworkEvents
tenant-lab-001-a000-0000-0000-000000000001,ConnectionSuccess,"{""BenignBrowsing"":true}",,dev-01982-a1b2-c3d4-e5f6-7890abcd0198,CS-DEV-01982,creditsafe.com,jordan.velez,8f3a2b1c-4d5e-6a7b-8c9d-0e1f2a3b4c5d,S-1-5-21-1000000000-2000000000-3000000000-104421,jordan.velez@creditsafe.com,chrome.exe network activity,chrome.exe,C:\Program Files,4391,High,,explorer.exe,4200,7a3f9c2e1b8d4f6a0c5e9d3b7a2f1c8e4d6b9a0,a7f3c91e2b8d4f6a0c1e5d9b3a7f2c8e1d4b6a9f0c3e7d2b5a8f1c4e9d6b3a7f2,None,0,Microsoft Corporation,chrome.exe,10.0,chrome.exe,chrome.exe,chrome.exe,10.24.18.55,Private,52091,Engineering-Developers,Tcp,198.51.100.85,Public,443,https://example85.com,8829100000591,2026-05-28T13:25:25Z,2026-05-28T13:25:25Z,2026-05-28T13:25:25Z,2026-05-28T13:25:25Z,1,0,,,ip-chrome-85,Detection,DeviceNetworkEvents
tenant-lab-001-a000-0000-0000-000000000001,ConnectionSuccess,"{""BenignBrowsing"":true}",,dev-01982-a1b2-c3d4-e5f6-7890abcd0198,CS-DEV-01982,creditsafe.com,jordan.velez,8f3a2b1c-4d5e-6a7b-8c9d-0e1f2a3b4c5d,S-1-5-21-1000000000-2000000000-3000000000-104421,jordan.velez@creditsafe.com,chrome.exe network activity,chrome.exe,C:\Program Files,4392,High,,explorer.exe,4200,7a3f9c2e1b8d4f6a0c5e9d3b7a2f1c8e4d6b9a0,a7f3c91e2b8d4f6a0c1e5d9b3a7f2c8e1d4b6a9f0c3e7d2b5a8f1c4e9d6b3a7f2,None,0,Microsoft Corporation,chrome.exe,10.0,chrome.exe,chrome.exe,chrome.exe,10.24.18.55,Private,52092,Engineering-Developers,Tcp,198.51.100.86,Public,443,https://example86.com,8829100000592,2026-05-28T13:26:26Z,2026-05-28T13:26:26Z,2026-05-28T13:26:26Z,2026-05-28T13:26:26Z,1,0,,,ip-chrome-86,Detection,DeviceNetworkEvents
tenant-lab-001-a000-0000-0000-000000000001,ConnectionSuccess,"{""BenignBrowsing"":true}",,dev-01982-a1b2-c3d4-e5f6-7890abcd0198,CS-DEV-01982,creditsafe.com,jordan.velez,8f3a2b1c-4d5e-6a7b-8c9d-0e1f2a3b4c5d,S-1-5-21-1000000000-2000000000-3000000000-104421,jordan.velez@creditsafe.com,chrome.exe network activity,chrome.exe,C:\Program Files,4393,High,,explorer.exe,4200,7a3f9c2e1b8d4f6a0c5e9d3b7a2f1c8e4d6b9a0,a7f3c91e2b8d4f6a0c1e5d9b3a7f2c8e1d4b6a9f0c3e7d2b5a8f1c4e9d6b3a7f2,None,0,Microsoft Corporation,chrome.exe,10.0,chrome.exe,chrome.exe,chrome.exe,10.24.18.55,Private,52093,Engineering-Developers,Tcp,198.51.100.87,Public,443,https://example87.com,8829100000593,2026-05-28T13:27:27Z,2026-05-28T13:27:27Z,2026-05-28T13:27:27Z,2026-05-28T13:27:27Z,1,0,,,ip-chrome-87,Detection,DeviceNetworkEvents
tenant-lab-001-a000-0000-0000-000000000001,ConnectionSuccess,"{""BenignBrowsing"":true}",,dev-01982-a1b2-c3d4-e5f6-7890abcd0198,CS-DEV-01982,creditsafe.com,jordan.velez,8f3a2b1c-4d5e-6a7b-8c9d-0e1f2a3b4c5d,S-1-5-21-1000000000-2000000000-3000000000-104421,jordan.velez@creditsafe.com,chrome.exe network activity,chrome.exe,C:\Program Files,4394,High,,explorer.exe,4200,7a3f9c2e1b8d4f6a0c5e9d3b7a2f1c8e4d6b9a0,a7f3c91e2b8d4f6a0c1e5d9b3a7f2c8e1d4b6a9f0c3e7d2b5a8f1c4e9d6b3a7f2,None,0,Microsoft Corporation,chrome.exe,10.0,chrome.exe,chrome.exe,chrome.exe,10.24.18.55,Private,52094,Engineering-Developers,Tcp,198.51.100.88,Public,443,https://example88.com,8829100000594,2026-05-28T13:28:28Z,2026-05-28T13:28:28Z,2026-05-28T13:28:28Z,2026-05-28T13:28:28Z,1,0,,,ip-chrome-88,Detection,DeviceNetworkEvents
tenant-lab-001-a000-0000-0000-000000000001,ConnectionSuccess,"{""BenignBrowsing"":true}",,dev-01982-a1b2-c3d4-e5f6-7890abcd0198,CS-DEV-01982,creditsafe.com,jordan.velez,8f3a2b1c-4d5e-6a7b-8c9d-0e1f2a3b4c5d,S-1-5-21-1000000000-2000000000-3000000000-104421,jordan.velez@creditsafe.com,chrome.exe network activity,chrome.exe,C:\Program Files,4395,High,,explorer.exe,4200,7a3f9c2e1b8d4f6a0c5e9d3b7a2f1c8e4d6b9a0,a7f3c91e2b8d4f6a0c1e5d9b3a7f2c8e1d4b6a9f0c3e7d2b5a8f1c4e9d6b3a7f2,None,0,Microsoft Corporation,chrome.exe,10.0,chrome.exe,chrome.exe,chrome.exe,10.24.18.55,Private,52095,Engineering-Developers,Tcp,198.51.100.89,Public,443,https://example89.com,8829100000595,2026-05-28T13:29:29Z,2026-05-28T13:29:29Z,2026-05-28T13:29:29Z,2026-05-28T13:29:29Z,1,0,,,ip-chrome-89,Detection,DeviceNetworkEvents
tenant-lab-001-a000-0000-0000-000000000001,ConnectionSuccess,"{""BenignBrowsing"":true}",,dev-01982-a1b2-c3d4-e5f6-7890abcd0198,CS-DEV-01982,creditsafe.com,jordan.velez,8f3a2b1c-4d5e-6a7b-8c9d-0e1f2a3b4c5d,S-1-5-21-1000000000-2000000000-3000000000-104421,jordan.velez@creditsafe.com,chrome.exe network activity,chrome.exe,C:\Program Files,4396,High,,explorer.exe,4200,7a3f9c2e1b8d4f6a0c5e9d3b7a2f1c8e4d6b9a0,a7f3c91e2b8d4f6a0c1e5d9b3a7f2c8e1d4b6a9f0c3e7d2b5a8f1c4e9d6b3a7f2,None,0,Microsoft Corporation,chrome.exe,10.0,chrome.exe,chrome.exe,chrome.exe,10.24.18.55,Private,52096,Engineering-Developers,Tcp,198.51.100.90,Public,443,https://example90.com,8829100000596,2026-05-28T13:30:30Z,2026-05-28T13:30:30Z,2026-05-28T13:30:30Z,2026-05-28T13:30:30Z,1,0,,,ip-chrome-90,Detection,DeviceNetworkEvents
tenant-lab-001-a000-0000-0000-000000000001,ConnectionSuccess,"{""BenignBrowsing"":true}",,dev-01982-a1b2-c3d4-e5f6-7890abcd0198,CS-DEV-01982,creditsafe.com,jordan.velez,8f3a2b1c-4d5e-6a7b-8c9d-0e1f2a3b4c5d,S-1-5-21-1000000000-2000000000-3000000000-104421,jordan.velez@creditsafe.com,chrome.exe network activity,chrome.exe,C:\Program Files,4397,High,,explorer.exe,4200,7a3f9c2e1b8d4f6a0c5e9d3b7a2f1c8e4d6b9a0,a7f3c91e2b8d4f6a0c1e5d9b3a7f2c8e1d4b6a9f0c3e7d2b5a8f1c4e9d6b3a7f2,None,0,Microsoft Corporation,chrome.exe,10.0,chrome.exe,chrome.exe,chrome.exe,10.24.18.55,Private,52097,Engineering-Developers,Tcp,198.51.100.91,Public,443,https://example91.com,8829100000597,2026-05-28T13:31:31Z,2026-05-28T13:31:31Z,2026-05-28T13:31:31Z,2026-05-28T13:31:31Z,1,0,,,ip-chrome-91,Detection,DeviceNetworkEvents
tenant-lab-001-a000-0000-0000-000000000001,ConnectionSuccess,"{""BenignBrowsing"":true}",,dev-01982-a1b2-c3d4-e5f6-7890abcd0198,CS-DEV-01982,creditsafe.com,jordan.velez,8f3a2b1c-4d5e-6a7b-8c9d-0e1f2a3b4c5d,S-1-5-21-1000000000-2000000000-3000000000-104421,jordan.velez@creditsafe.com,chrome.exe network activity,chrome.exe,C:\Program Files,4398,High,,explorer.exe,4200,7a3f9c2e1b8d4f6a0c5e9d3b7a2f1c8e4d6b9a0,a7f3c91e2b8d4f6a0c1e5d9b3a7f2c8e1d4b6a9f0c3e7d2b5a8f1c4e9d6b3a7f2,None,0,Microsoft Corporation,chrome.exe,10.0,chrome.exe,chrome.exe,chrome.exe,10.24.18.55,Private,52098,Engineering-Developers,Tcp,198.51.100.92,Public,443,https://example92.com,8829100000598,2026-05-28T13:32:32Z,2026-05-28T13:32:32Z,2026-05-28T13:32:32Z,2026-05-28T13:32:32Z,1,0,,,ip-chrome-92,Detection,DeviceNetworkEvents
tenant-lab-001-a000-0000-0000-000000000001,ConnectionSuccess,"{""BenignBrowsing"":true}",,dev-01982-a1b2-c3d4-e5f6-7890abcd0198,CS-DEV-01982,creditsafe.com,jordan.velez,8f3a2b1c-4d5e-6a7b-8c9d-0e1f2a3b4c5d,S-1-5-21-1000000000-2000000000-3000000000-104421,jordan.velez@creditsafe.com,chrome.exe network activity,chrome.exe,C:\Program Files,4399,High,,explorer.exe,4200,7a3f9c2e1b8d4f6a0c5e9d3b7a2f1c8e4d6b9a0,a7f3c91e2b8d4f6a0c1e5d9b3a7f2c8e1d4b6a9f0c3e7d2b5a8f1c4e9d6b3a7f2,None,0,Microsoft Corporation,chrome.exe,10.0,chrome.exe,chrome.exe,chrome.exe,10.24.18.55,Private,52099,Engineering-Developers,Tcp,198.51.100.93,Public,443,https://example93.com,8829100000599,2026-05-28T13:33:33Z,2026-05-28T13:33:33Z,2026-05-28T13:33:33Z,2026-05-28T13:33:33Z,1,0,,,ip-chrome-93,Detection,DeviceNetworkEvents
tenant-lab-001-a000-0000-0000-000000000001,ConnectionSuccess,"{""BenignBrowsing"":true}",,dev-01982-a1b2-c3d4-e5f6-7890abcd0198,CS-DEV-01982,creditsafe.com,jordan.velez,8f3a2b1c-4d5e-6a7b-8c9d-0e1f2a3b4c5d,S-1-5-21-1000000000-2000000000-3000000000-104421,jordan.velez@creditsafe.com,chrome.exe network activity,chrome.exe,C:\Program Files,4400,High,,explorer.exe,4200,7a3f9c2e1b8d4f6a0c5e9d3b7a2f1c8e4d6b9a0,a7f3c91e2b8d4f6a0c1e5d9b3a7f2c8e1d4b6a9f0c3e7d2b5a8f1c4e9d6b3a7f2,None,0,Microsoft Corporation,chrome.exe,10.0,chrome.exe,chrome.exe,chrome.exe,10.24.18.55,Private,52100,Engineering-Developers,Tcp,198.51.100.94,Public,443,https://example94.com,8829100000600,2026-05-28T13:34:34Z,2026-05-28T13:34:34Z,2026-05-28T13:34:34Z,2026-05-28T13:34:34Z,1,0,,,ip-chrome-94,Detection,DeviceNetworkEvents
tenant-lab-001-a000-0000-0000-000000000001,ConnectionSuccess,"{""BenignBrowsing"":true}",,dev-01982-a1b2-c3d4-e5f6-7890abcd0198,CS-DEV-01982,creditsafe.com,jordan.velez,8f3a2b1c-4d5e-6a7b-8c9d-0e1f2a3b4c5d,S-1-5-21-1000000000-2000000000-3000000000-104421,jordan.velez@creditsafe.com,chrome.exe network activity,chrome.exe,C:\Program Files,4401,High,,explorer.exe,4200,7a3f9c2e1b8d4f6a0c5e9d3b7a2f1c8e4d6b9a0,a7f3c91e2b8d4f6a0c1e5d9b3a7f2c8e1d4b6a9f0c3e7d2b5a8f1c4e9d6b3a7f2,None,0,Microsoft Corporation,chrome.exe,10.0,chrome.exe,chrome.exe,chrome.exe,10.24.18.55,Private,52101,Engineering-Developers,Tcp,198.51.100.95,Public,443,https://example95.com,8829100000601,2026-05-28T13:35:35Z,2026-05-28T13:35:35Z,2026-05-28T13:35:35Z,2026-05-28T13:35:35Z,1,0,,,ip-chrome-95,Detection,DeviceNetworkEvents
tenant-lab-001-a000-0000-0000-000000000001,ConnectionSuccess,"{""BenignBrowsing"":true}",,dev-01982-a1b2-c3d4-e5f6-7890abcd0198,CS-DEV-01982,creditsafe.com,jordan.velez,8f3a2b1c-4d5e-6a7b-8c9d-0e1f2a3b4c5d,S-1-5-21-1000000000-2000000000-3000000000-104421,jordan.velez@creditsafe.com,chrome.exe network activity,chrome.exe,C:\Program Files,4402,High,,explorer.exe,4200,7a3f9c2e1b8d4f6a0c5e9d3b7a2f1c8e4d6b9a0,a7f3c91e2b8d4f6a0c1e5d9b3a7f2c8e1d4b6a9f0c3e7d2b5a8f1c4e9d6b3a7f2,None,0,Microsoft Corporation,chrome.exe,10.0,chrome.exe,chrome.exe,chrome.exe,10.24.18.55,Private,52102,Engineering-Developers,Tcp,198.51.100.96,Public,443,https://example96.com,8829100000602,2026-05-28T13:36:36Z,2026-05-28T13:36:36Z,2026-05-28T13:36:36Z,2026-05-28T13:36:36Z,1,0,,,ip-chrome-96,Detection,DeviceNetworkEvents
tenant-lab-001-a000-0000-0000-000000000001,ConnectionSuccess,"{""BenignBrowsing"":true}",,dev-01982-a1b2-c3d4-e5f6-7890abcd0198,CS-DEV-01982,creditsafe.com,jordan.velez,8f3a2b1c-4d5e-6a7b-8c9d-0e1f2a3b4c5d,S-1-5-21-1000000000-2000000000-3000000000-104421,jordan.velez@creditsafe.com,chrome.exe network activity,chrome.exe,C:\Program Files,4403,High,,explorer.exe,4200,7a3f9c2e1b8d4f6a0c5e9d3b7a2f1c8e4d6b9a0,a7f3c91e2b8d4f6a0c1e5d9b3a7f2c8e1d4b6a9f0c3e7d2b5a8f1c4e9d6b3a7f2,None,0,Microsoft Corporation,chrome.exe,10.0,chrome.exe,chrome.exe,chrome.exe,10.24.18.55,Private,52103,Engineering-Developers,Tcp,198.51.100.97,Public,443,https://example97.com,8829100000603,2026-05-28T13:37:37Z,2026-05-28T13:37:37Z,2026-05-28T13:37:37Z,2026-05-28T13:37:37Z,1,0,,,ip-chrome-97,Detection,DeviceNetworkEvents
tenant-lab-001-a000-0000-0000-000000000001,ConnectionSuccess,"{""BenignBrowsing"":true}",,dev-01982-a1b2-c3d4-e5f6-7890abcd0198,CS-DEV-01982,creditsafe.com,jordan.velez,8f3a2b1c-4d5e-6a7b-8c9d-0e1f2a3b4c5d,S-1-5-21-1000000000-2000000000-3000000000-104421,jordan.velez@creditsafe.com,chrome.exe network activity,chrome.exe,C:\Program Files,4404,High,,explorer.exe,4200,7a3f9c2e1b8d4f6a0c5e9d3b7a2f1c8e4d6b9a0,a7f3c91e2b8d4f6a0c1e5d9b3a7f2c8e1d4b6a9f0c3e7d2b5a8f1c4e9d6b3a7f2,None,0,Microsoft Corporation,chrome.exe,10.0,chrome.exe,chrome.exe,chrome.exe,10.24.18.55,Private,52104,Engineering-Developers,Tcp,198.51.100.98,Public,443,https://example98.com,8829100000604,2026-05-28T13:38:38Z,2026-05-28T13:38:38Z,2026-05-28T13:38:38Z,2026-05-28T13:38:38Z,1,0,,,ip-chrome-98,Detection,DeviceNetworkEvents
tenant-lab-001-a000-0000-0000-000000000001,ConnectionSuccess,"{""BenignBrowsing"":true}",,dev-01982-a1b2-c3d4-e5f6-7890abcd0198,CS-DEV-01982,creditsafe.com,jordan.velez,8f3a2b1c-4d5e-6a7b-8c9d-0e1f2a3b4c5d,S-1-5-21-1000000000-2000000000-3000000000-104421,jordan.velez@creditsafe.com,chrome.exe network activity,chrome.exe,C:\Program Files,4405,High,,explorer.exe,4200,7a3f9c2e1b8d4f6a0c5e9d3b7a2f1c8e4d6b9a0,a7f3c91e2b8d4f6a0c1e5d9b3a7f2c8e1d4b6a9f0c3e7d2b5a8f1c4e9d6b3a7f2,None,0,Microsoft Corporation,chrome.exe,10.0,chrome.exe,chrome.exe,chrome.exe,10.24.18.55,Private,52105,Engineering-Developers,Tcp,198.51.100.99,Public,443,https://example99.com,8829100000605,2026-05-28T13:39:39Z,2026-05-28T13:39:39Z,2026-05-28T13:39:39Z,2026-05-28T13:39:39Z,1,0,,,ip-chrome-99,Detection,DeviceNetworkEvents
