TenantId,TimeGenerated,AccountName,AccountDomain,AccountUPN,AccountSID,AccountObjectId,AccountTenantId,AccountDisplayName,GivenName,Surname,OnPremisesAccountObjectId,OnPremisesExtensionAttributes,OnPremisesDistinguishedName,Tags,AccountCreationTime,InvestigationPriority,InvestigationPriorityPercentile,RiskLevel,RiskLevelDetails,RiskState,BlastRadius,GroupMembership,AssignedRoles,Department,EmployeeId,JobTitle,RelatedAccounts,MailAddress,AdditionalMailAddresses,Manager,StreetAddress,City,CompanyName,Country,State,Phone,IsAccountEnabled,IsServiceAccount,DeletedDateTime,LastSeenDate,UACFlags,UserState,UserStateChangedOn,UserType,ExtensionProperty,AccountCloudSID,IsMFARegistered,Applications,Type
tenant-lab-001-a000-0000-0000-000000000001,2026-05-28T06:00:00Z,jordan,creditsafe.com,jordan.velez@creditsafe.com,S-1-5-21-1000000000-2000000000-3000000000-104421,8f3a2b1c-4d5e-6a7b-8c9d-0e1f2a3b4c5d,tenant-lab-001-a000-0000-0000-000000000001,Jordan Velez,Jordan,Velez,,,,Developer;GitHubCopilot,2024-01-15T00:00:00Z,65,65,Medium,"{""Factors"":[""Recent script execution alerts""]}",AtRisk,Medium,"[""Engineering"",""All-Staff"",""DataPlatform-Contributors""]","[""User""]",Engineering,EMP-104421,Software Engineer II,[],jordan.velez@creditsafe.com,[],Morgan Kim,,Cardiff,Corp Example Lab,GB,,,1,0,,2026-05-28T08:00:00Z,,Active,,Member,"{""ApprovedAITools"":""Copilot;InternalAssistant""}",,1,Azure DevOps;SharePoint,IdentityInfo
tenant-lab-001-a000-0000-0000-000000000001,2026-05-28T06:00:00Z,morgan,creditsafe.com,morgan.kim@creditsafe.com,S-1-5-21-1000000000-2000000000-3000000000-104407,oid-morgan-kim-2222,tenant-lab-001-a000-0000-0000-000000000001,Morgan Kim,Morgan,Kim,,,,Developer;GitHubCopilot,2024-01-15T00:00:00Z,25,25,Low,"{""Factors"":[]}",None,Low,"[""Engineering"",""Managers""]","[""User""]",Engineering,EMP-104407,Engineering Manager,[],morgan.kim@creditsafe.com,[],Alex Park,,Cardiff,Corp Example Lab,GB,,,1,0,,2026-05-28T08:00:00Z,,Active,,Member,"{""ApprovedAITools"":""Copilot;InternalAssistant""}",,1,,IdentityInfo
tenant-lab-001-a000-0000-0000-000000000001,2026-05-28T06:00:00Z,svc-pipeline,creditsafe.com,svc-pipeline@creditsafe.com,S-1-5-21-1000000000-2000000000-3000000000-50012,oid-svc-pipeline-3333,tenant-lab-001-a000-0000-0000-000000000001,Pipeline Service,Pipeline,Service,,,,Developer;GitHubCopilot,2024-01-15T00:00:00Z,10,10,Low,"{""Factors"":[]}",None,Low,"[""Engineering"",""Managers""]","[""ServiceAccount""]",Platform Engineering,EMP-SVC-012,CI/CD Service Account,[],svc-pipeline@creditsafe.com,[],,,Cardiff,Corp Example Lab,GB,,,1,1,,2026-05-28T08:00:00Z,,Active,,Service,"{""ApprovedAITools"":""Copilot;InternalAssistant""}",,1,,IdentityInfo
tenant-lab-001-a000-0000-0000-000000000001,2026-05-28T06:00:00Z,t,creditsafe.com,t.oconnor.contractor@creditsafe.com,S-1-5-21-1000000000-2000000000-3000000000-99001,oid-contractor-disabled,tenant-lab-001-a000-0000-0000-000000000001,Taylor O'Connor,Taylor,O'Connor,,,,Developer;GitHubCopilot,2024-01-15T00:00:00Z,90,90,High,"{""Factors"":[]}",None,Low,"[""Engineering"",""Managers""]","[""User""]",Data Platform,EMP-C-99001,Former Contractor,[],t.oconnor.contractor@creditsafe.com,[],Morgan Kim,,Cardiff,Corp Example Lab,GB,,,0,0,2026-04-01T00:00:00Z,2026-05-28T08:00:00Z,,Disabled,2026-04-01T00:00:00Z,Member,"{""ApprovedAITools"":""Copilot;InternalAssistant""}",,0,,IdentityInfo
tenant-lab-001-a000-0000-0000-000000000001,2026-05-28T06:00:00Z,user0,creditsafe.com,user0@creditsafe.com,S-1-5-21-000-0,oid-user0,tenant-lab-001-a000-0000-0000-000000000001,User 0,User,0,,,,Developer;GitHubCopilot,2024-01-15T00:00:00Z,5,5,Low,"{""Factors"":[]}",None,Low,"[""Engineering"",""Managers""]","[""User""]",Sales,EMP-0,Employee,[],user0@creditsafe.com,[],Alex Park,,Cardiff,Corp Example Lab,GB,,,1,0,,2026-05-28T08:00:00Z,,Active,,Member,"{""ApprovedAITools"":""Copilot;InternalAssistant""}",,1,,IdentityInfo
tenant-lab-001-a000-0000-0000-000000000001,2026-05-28T06:00:00Z,user1,creditsafe.com,user1@creditsafe.com,S-1-5-21-000-1,oid-user1,tenant-lab-001-a000-0000-0000-000000000001,User 1,User,1,,,,Developer;GitHubCopilot,2024-01-15T00:00:00Z,5,5,Low,"{""Factors"":[]}",None,Low,"[""Engineering"",""Managers""]","[""User""]",Sales,EMP-1,Employee,[],user1@creditsafe.com,[],Alex Park,,Cardiff,Corp Example Lab,GB,,,1,0,,2026-05-28T08:00:00Z,,Active,,Member,"{""ApprovedAITools"":""Copilot;InternalAssistant""}",,1,,IdentityInfo
tenant-lab-001-a000-0000-0000-000000000001,2026-05-28T06:00:00Z,user2,creditsafe.com,user2@creditsafe.com,S-1-5-21-000-2,oid-user2,tenant-lab-001-a000-0000-0000-000000000001,User 2,User,2,,,,Developer;GitHubCopilot,2024-01-15T00:00:00Z,5,5,Low,"{""Factors"":[]}",None,Low,"[""Engineering"",""Managers""]","[""User""]",Sales,EMP-2,Employee,[],user2@creditsafe.com,[],Alex Park,,Cardiff,Corp Example Lab,GB,,,1,0,,2026-05-28T08:00:00Z,,Active,,Member,"{""ApprovedAITools"":""Copilot;InternalAssistant""}",,1,,IdentityInfo
tenant-lab-001-a000-0000-0000-000000000001,2026-05-28T06:00:00Z,user3,creditsafe.com,user3@creditsafe.com,S-1-5-21-000-3,oid-user3,tenant-lab-001-a000-0000-0000-000000000001,User 3,User,3,,,,Developer;GitHubCopilot,2024-01-15T00:00:00Z,5,5,Low,"{""Factors"":[]}",None,Low,"[""Engineering"",""Managers""]","[""User""]",Sales,EMP-3,Employee,[],user3@creditsafe.com,[],Alex Park,,Cardiff,Corp Example Lab,GB,,,1,0,,2026-05-28T08:00:00Z,,Active,,Member,"{""ApprovedAITools"":""Copilot;InternalAssistant""}",,1,,IdentityInfo
tenant-lab-001-a000-0000-0000-000000000001,2026-05-28T06:00:00Z,user4,creditsafe.com,user4@creditsafe.com,S-1-5-21-000-4,oid-user4,tenant-lab-001-a000-0000-0000-000000000001,User 4,User,4,,,,Developer;GitHubCopilot,2024-01-15T00:00:00Z,5,5,Low,"{""Factors"":[]}",None,Low,"[""Engineering"",""Managers""]","[""User""]",Sales,EMP-4,Employee,[],user4@creditsafe.com,[],Alex Park,,Cardiff,Corp Example Lab,GB,,,1,0,,2026-05-28T08:00:00Z,,Active,,Member,"{""ApprovedAITools"":""Copilot;InternalAssistant""}",,1,,IdentityInfo
tenant-lab-001-a000-0000-0000-000000000001,2026-05-28T06:00:00Z,user5,creditsafe.com,user5@creditsafe.com,S-1-5-21-000-5,oid-user5,tenant-lab-001-a000-0000-0000-000000000001,User 5,User,5,,,,Developer;GitHubCopilot,2024-01-15T00:00:00Z,5,5,Low,"{""Factors"":[]}",None,Low,"[""Engineering"",""Managers""]","[""User""]",Sales,EMP-5,Employee,[],user5@creditsafe.com,[],Alex Park,,Cardiff,Corp Example Lab,GB,,,1,0,,2026-05-28T08:00:00Z,,Active,,Member,"{""ApprovedAITools"":""Copilot;InternalAssistant""}",,1,,IdentityInfo
tenant-lab-001-a000-0000-0000-000000000001,2026-05-28T06:00:00Z,user6,creditsafe.com,user6@creditsafe.com,S-1-5-21-000-6,oid-user6,tenant-lab-001-a000-0000-0000-000000000001,User 6,User,6,,,,Developer;GitHubCopilot,2024-01-15T00:00:00Z,5,5,Low,"{""Factors"":[]}",None,Low,"[""Engineering"",""Managers""]","[""User""]",Sales,EMP-6,Employee,[],user6@creditsafe.com,[],Alex Park,,Cardiff,Corp Example Lab,GB,,,1,0,,2026-05-28T08:00:00Z,,Active,,Member,"{""ApprovedAITools"":""Copilot;InternalAssistant""}",,1,,IdentityInfo
tenant-lab-001-a000-0000-0000-000000000001,2026-05-28T06:00:00Z,user7,creditsafe.com,user7@creditsafe.com,S-1-5-21-000-7,oid-user7,tenant-lab-001-a000-0000-0000-000000000001,User 7,User,7,,,,Developer;GitHubCopilot,2024-01-15T00:00:00Z,5,5,Low,"{""Factors"":[]}",None,Low,"[""Engineering"",""Managers""]","[""User""]",Sales,EMP-7,Employee,[],user7@creditsafe.com,[],Alex Park,,Cardiff,Corp Example Lab,GB,,,1,0,,2026-05-28T08:00:00Z,,Active,,Member,"{""ApprovedAITools"":""Copilot;InternalAssistant""}",,1,,IdentityInfo
tenant-lab-001-a000-0000-0000-000000000001,2026-05-28T06:00:00Z,user8,creditsafe.com,user8@creditsafe.com,S-1-5-21-000-8,oid-user8,tenant-lab-001-a000-0000-0000-000000000001,User 8,User,8,,,,Developer;GitHubCopilot,2024-01-15T00:00:00Z,5,5,Low,"{""Factors"":[]}",None,Low,"[""Engineering"",""Managers""]","[""User""]",Sales,EMP-8,Employee,[],user8@creditsafe.com,[],Alex Park,,Cardiff,Corp Example Lab,GB,,,1,0,,2026-05-28T08:00:00Z,,Active,,Member,"{""ApprovedAITools"":""Copilot;InternalAssistant""}",,1,,IdentityInfo
tenant-lab-001-a000-0000-0000-000000000001,2026-05-28T06:00:00Z,user9,creditsafe.com,user9@creditsafe.com,S-1-5-21-000-9,oid-user9,tenant-lab-001-a000-0000-0000-000000000001,User 9,User,9,,,,Developer;GitHubCopilot,2024-01-15T00:00:00Z,5,5,Low,"{""Factors"":[]}",None,Low,"[""Engineering"",""Managers""]","[""User""]",Sales,EMP-9,Employee,[],user9@creditsafe.com,[],Alex Park,,Cardiff,Corp Example Lab,GB,,,1,0,,2026-05-28T08:00:00Z,,Active,,Member,"{""ApprovedAITools"":""Copilot;InternalAssistant""}",,1,,IdentityInfo
tenant-lab-001-a000-0000-0000-000000000001,2026-05-28T06:00:00Z,user10,creditsafe.com,user10@creditsafe.com,S-1-5-21-000-10,oid-user10,tenant-lab-001-a000-0000-0000-000000000001,User 10,User,10,,,,Developer;GitHubCopilot,2024-01-15T00:00:00Z,5,5,Low,"{""Factors"":[]}",None,Low,"[""Engineering"",""Managers""]","[""User""]",Sales,EMP-10,Employee,[],user10@creditsafe.com,[],Alex Park,,Cardiff,Corp Example Lab,GB,,,1,0,,2026-05-28T08:00:00Z,,Active,,Member,"{""ApprovedAITools"":""Copilot;InternalAssistant""}",,1,,IdentityInfo
tenant-lab-001-a000-0000-0000-000000000001,2026-05-28T06:00:00Z,user11,creditsafe.com,user11@creditsafe.com,S-1-5-21-000-11,oid-user11,tenant-lab-001-a000-0000-0000-000000000001,User 11,User,11,,,,Developer;GitHubCopilot,2024-01-15T00:00:00Z,5,5,Low,"{""Factors"":[]}",None,Low,"[""Engineering"",""Managers""]","[""User""]",Sales,EMP-11,Employee,[],user11@creditsafe.com,[],Alex Park,,Cardiff,Corp Example Lab,GB,,,1,0,,2026-05-28T08:00:00Z,,Active,,Member,"{""ApprovedAITools"":""Copilot;InternalAssistant""}",,1,,IdentityInfo
tenant-lab-001-a000-0000-0000-000000000001,2026-05-28T06:00:00Z,user12,creditsafe.com,user12@creditsafe.com,S-1-5-21-000-12,oid-user12,tenant-lab-001-a000-0000-0000-000000000001,User 12,User,12,,,,Developer;GitHubCopilot,2024-01-15T00:00:00Z,5,5,Low,"{""Factors"":[]}",None,Low,"[""Engineering"",""Managers""]","[""User""]",Sales,EMP-12,Employee,[],user12@creditsafe.com,[],Alex Park,,Cardiff,Corp Example Lab,GB,,,1,0,,2026-05-28T08:00:00Z,,Active,,Member,"{""ApprovedAITools"":""Copilot;InternalAssistant""}",,1,,IdentityInfo
tenant-lab-001-a000-0000-0000-000000000001,2026-05-28T06:00:00Z,user13,creditsafe.com,user13@creditsafe.com,S-1-5-21-000-13,oid-user13,tenant-lab-001-a000-0000-0000-000000000001,User 13,User,13,,,,Developer;GitHubCopilot,2024-01-15T00:00:00Z,5,5,Low,"{""Factors"":[]}",None,Low,"[""Engineering"",""Managers""]","[""User""]",Sales,EMP-13,Employee,[],user13@creditsafe.com,[],Alex Park,,Cardiff,Corp Example Lab,GB,,,1,0,,2026-05-28T08:00:00Z,,Active,,Member,"{""ApprovedAITools"":""Copilot;InternalAssistant""}",,1,,IdentityInfo
tenant-lab-001-a000-0000-0000-000000000001,2026-05-28T06:00:00Z,user14,creditsafe.com,user14@creditsafe.com,S-1-5-21-000-14,oid-user14,tenant-lab-001-a000-0000-0000-000000000001,User 14,User,14,,,,Developer;GitHubCopilot,2024-01-15T00:00:00Z,5,5,Low,"{""Factors"":[]}",None,Low,"[""Engineering"",""Managers""]","[""User""]",Sales,EMP-14,Employee,[],user14@creditsafe.com,[],Alex Park,,Cardiff,Corp Example Lab,GB,,,1,0,,2026-05-28T08:00:00Z,,Active,,Member,"{""ApprovedAITools"":""Copilot;InternalAssistant""}",,1,,IdentityInfo
tenant-lab-001-a000-0000-0000-000000000001,2026-05-28T06:00:00Z,user15,creditsafe.com,user15@creditsafe.com,S-1-5-21-000-15,oid-user15,tenant-lab-001-a000-0000-0000-000000000001,User 15,User,15,,,,Developer;GitHubCopilot,2024-01-15T00:00:00Z,5,5,Low,"{""Factors"":[]}",None,Low,"[""Engineering"",""Managers""]","[""User""]",Sales,EMP-15,Employee,[],user15@creditsafe.com,[],Alex Park,,Cardiff,Corp Example Lab,GB,,,1,0,,2026-05-28T08:00:00Z,,Active,,Member,"{""ApprovedAITools"":""Copilot;InternalAssistant""}",,1,,IdentityInfo
tenant-lab-001-a000-0000-0000-000000000001,2026-05-28T06:00:00Z,user16,creditsafe.com,user16@creditsafe.com,S-1-5-21-000-16,oid-user16,tenant-lab-001-a000-0000-0000-000000000001,User 16,User,16,,,,Developer;GitHubCopilot,2024-01-15T00:00:00Z,5,5,Low,"{""Factors"":[]}",None,Low,"[""Engineering"",""Managers""]","[""User""]",Sales,EMP-16,Employee,[],user16@creditsafe.com,[],Alex Park,,Cardiff,Corp Example Lab,GB,,,1,0,,2026-05-28T08:00:00Z,,Active,,Member,"{""ApprovedAITools"":""Copilot;InternalAssistant""}",,1,,IdentityInfo
tenant-lab-001-a000-0000-0000-000000000001,2026-05-28T06:00:00Z,user17,creditsafe.com,user17@creditsafe.com,S-1-5-21-000-17,oid-user17,tenant-lab-001-a000-0000-0000-000000000001,User 17,User,17,,,,Developer;GitHubCopilot,2024-01-15T00:00:00Z,5,5,Low,"{""Factors"":[]}",None,Low,"[""Engineering"",""Managers""]","[""User""]",Sales,EMP-17,Employee,[],user17@creditsafe.com,[],Alex Park,,Cardiff,Corp Example Lab,GB,,,1,0,,2026-05-28T08:00:00Z,,Active,,Member,"{""ApprovedAITools"":""Copilot;InternalAssistant""}",,1,,IdentityInfo
tenant-lab-001-a000-0000-0000-000000000001,2026-05-28T06:00:00Z,user18,creditsafe.com,user18@creditsafe.com,S-1-5-21-000-18,oid-user18,tenant-lab-001-a000-0000-0000-000000000001,User 18,User,18,,,,Developer;GitHubCopilot,2024-01-15T00:00:00Z,5,5,Low,"{""Factors"":[]}",None,Low,"[""Engineering"",""Managers""]","[""User""]",Sales,EMP-18,Employee,[],user18@creditsafe.com,[],Alex Park,,Cardiff,Corp Example Lab,GB,,,1,0,,2026-05-28T08:00:00Z,,Active,,Member,"{""ApprovedAITools"":""Copilot;InternalAssistant""}",,1,,IdentityInfo
tenant-lab-001-a000-0000-0000-000000000001,2026-05-28T06:00:00Z,user19,creditsafe.com,user19@creditsafe.com,S-1-5-21-000-19,oid-user19,tenant-lab-001-a000-0000-0000-000000000001,User 19,User,19,,,,Developer;GitHubCopilot,2024-01-15T00:00:00Z,5,5,Low,"{""Factors"":[]}",None,Low,"[""Engineering"",""Managers""]","[""User""]",Sales,EMP-19,Employee,[],user19@creditsafe.com,[],Alex Park,,Cardiff,Corp Example Lab,GB,,,1,0,,2026-05-28T08:00:00Z,,Active,,Member,"{""ApprovedAITools"":""Copilot;InternalAssistant""}",,1,,IdentityInfo
tenant-lab-001-a000-0000-0000-000000000001,2026-05-28T06:00:00Z,user20,creditsafe.com,user20@creditsafe.com,S-1-5-21-000-20,oid-user20,tenant-lab-001-a000-0000-0000-000000000001,User 20,User,20,,,,Developer;GitHubCopilot,2024-01-15T00:00:00Z,5,5,Low,"{""Factors"":[]}",None,Low,"[""Engineering"",""Managers""]","[""User""]",Sales,EMP-20,Employee,[],user20@creditsafe.com,[],Alex Park,,Cardiff,Corp Example Lab,GB,,,1,0,,2026-05-28T08:00:00Z,,Active,,Member,"{""ApprovedAITools"":""Copilot;InternalAssistant""}",,1,,IdentityInfo
tenant-lab-001-a000-0000-0000-000000000001,2026-05-28T06:00:00Z,user21,creditsafe.com,user21@creditsafe.com,S-1-5-21-000-21,oid-user21,tenant-lab-001-a000-0000-0000-000000000001,User 21,User,21,,,,Developer;GitHubCopilot,2024-01-15T00:00:00Z,5,5,Low,"{""Factors"":[]}",None,Low,"[""Engineering"",""Managers""]","[""User""]",Sales,EMP-21,Employee,[],user21@creditsafe.com,[],Alex Park,,Cardiff,Corp Example Lab,GB,,,1,0,,2026-05-28T08:00:00Z,,Active,,Member,"{""ApprovedAITools"":""Copilot;InternalAssistant""}",,1,,IdentityInfo
tenant-lab-001-a000-0000-0000-000000000001,2026-05-28T06:00:00Z,user22,creditsafe.com,user22@creditsafe.com,S-1-5-21-000-22,oid-user22,tenant-lab-001-a000-0000-0000-000000000001,User 22,User,22,,,,Developer;GitHubCopilot,2024-01-15T00:00:00Z,5,5,Low,"{""Factors"":[]}",None,Low,"[""Engineering"",""Managers""]","[""User""]",Sales,EMP-22,Employee,[],user22@creditsafe.com,[],Alex Park,,Cardiff,Corp Example Lab,GB,,,1,0,,2026-05-28T08:00:00Z,,Active,,Member,"{""ApprovedAITools"":""Copilot;InternalAssistant""}",,1,,IdentityInfo
tenant-lab-001-a000-0000-0000-000000000001,2026-05-28T06:00:00Z,user23,creditsafe.com,user23@creditsafe.com,S-1-5-21-000-23,oid-user23,tenant-lab-001-a000-0000-0000-000000000001,User 23,User,23,,,,Developer;GitHubCopilot,2024-01-15T00:00:00Z,5,5,Low,"{""Factors"":[]}",None,Low,"[""Engineering"",""Managers""]","[""User""]",Sales,EMP-23,Employee,[],user23@creditsafe.com,[],Alex Park,,Cardiff,Corp Example Lab,GB,,,1,0,,2026-05-28T08:00:00Z,,Active,,Member,"{""ApprovedAITools"":""Copilot;InternalAssistant""}",,1,,IdentityInfo
tenant-lab-001-a000-0000-0000-000000000001,2026-05-28T06:00:00Z,user24,creditsafe.com,user24@creditsafe.com,S-1-5-21-000-24,oid-user24,tenant-lab-001-a000-0000-0000-000000000001,User 24,User,24,,,,Developer;GitHubCopilot,2024-01-15T00:00:00Z,5,5,Low,"{""Factors"":[]}",None,Low,"[""Engineering"",""Managers""]","[""User""]",Sales,EMP-24,Employee,[],user24@creditsafe.com,[],Alex Park,,Cardiff,Corp Example Lab,GB,,,1,0,,2026-05-28T08:00:00Z,,Active,,Member,"{""ApprovedAITools"":""Copilot;InternalAssistant""}",,1,,IdentityInfo
tenant-lab-001-a000-0000-0000-000000000001,2026-05-28T06:00:00Z,user25,creditsafe.com,user25@creditsafe.com,S-1-5-21-000-25,oid-user25,tenant-lab-001-a000-0000-0000-000000000001,User 25,User,25,,,,Developer;GitHubCopilot,2024-01-15T00:00:00Z,5,5,Low,"{""Factors"":[]}",None,Low,"[""Engineering"",""Managers""]","[""User""]",Sales,EMP-25,Employee,[],user25@creditsafe.com,[],Alex Park,,Cardiff,Corp Example Lab,GB,,,1,0,,2026-05-28T08:00:00Z,,Active,,Member,"{""ApprovedAITools"":""Copilot;InternalAssistant""}",,1,,IdentityInfo
tenant-lab-001-a000-0000-0000-000000000001,2026-05-28T06:00:00Z,user26,creditsafe.com,user26@creditsafe.com,S-1-5-21-000-26,oid-user26,tenant-lab-001-a000-0000-0000-000000000001,User 26,User,26,,,,Developer;GitHubCopilot,2024-01-15T00:00:00Z,5,5,Low,"{""Factors"":[]}",None,Low,"[""Engineering"",""Managers""]","[""User""]",Sales,EMP-26,Employee,[],user26@creditsafe.com,[],Alex Park,,Cardiff,Corp Example Lab,GB,,,1,0,,2026-05-28T08:00:00Z,,Active,,Member,"{""ApprovedAITools"":""Copilot;InternalAssistant""}",,1,,IdentityInfo
tenant-lab-001-a000-0000-0000-000000000001,2026-05-28T06:00:00Z,user27,creditsafe.com,user27@creditsafe.com,S-1-5-21-000-27,oid-user27,tenant-lab-001-a000-0000-0000-000000000001,User 27,User,27,,,,Developer;GitHubCopilot,2024-01-15T00:00:00Z,5,5,Low,"{""Factors"":[]}",None,Low,"[""Engineering"",""Managers""]","[""User""]",Sales,EMP-27,Employee,[],user27@creditsafe.com,[],Alex Park,,Cardiff,Corp Example Lab,GB,,,1,0,,2026-05-28T08:00:00Z,,Active,,Member,"{""ApprovedAITools"":""Copilot;InternalAssistant""}",,1,,IdentityInfo
tenant-lab-001-a000-0000-0000-000000000001,2026-05-28T06:00:00Z,user28,creditsafe.com,user28@creditsafe.com,S-1-5-21-000-28,oid-user28,tenant-lab-001-a000-0000-0000-000000000001,User 28,User,28,,,,Developer;GitHubCopilot,2024-01-15T00:00:00Z,5,5,Low,"{""Factors"":[]}",None,Low,"[""Engineering"",""Managers""]","[""User""]",Sales,EMP-28,Employee,[],user28@creditsafe.com,[],Alex Park,,Cardiff,Corp Example Lab,GB,,,1,0,,2026-05-28T08:00:00Z,,Active,,Member,"{""ApprovedAITools"":""Copilot;InternalAssistant""}",,1,,IdentityInfo
tenant-lab-001-a000-0000-0000-000000000001,2026-05-28T06:00:00Z,user29,creditsafe.com,user29@creditsafe.com,S-1-5-21-000-29,oid-user29,tenant-lab-001-a000-0000-0000-000000000001,User 29,User,29,,,,Developer;GitHubCopilot,2024-01-15T00:00:00Z,5,5,Low,"{""Factors"":[]}",None,Low,"[""Engineering"",""Managers""]","[""User""]",Sales,EMP-29,Employee,[],user29@creditsafe.com,[],Alex Park,,Cardiff,Corp Example Lab,GB,,,1,0,,2026-05-28T08:00:00Z,,Active,,Member,"{""ApprovedAITools"":""Copilot;InternalAssistant""}",,1,,IdentityInfo
tenant-lab-001-a000-0000-0000-000000000001,2026-05-28T06:00:00Z,user30,creditsafe.com,user30@creditsafe.com,S-1-5-21-000-30,oid-user30,tenant-lab-001-a000-0000-0000-000000000001,User 30,User,30,,,,Developer;GitHubCopilot,2024-01-15T00:00:00Z,5,5,Low,"{""Factors"":[]}",None,Low,"[""Engineering"",""Managers""]","[""User""]",Sales,EMP-30,Employee,[],user30@creditsafe.com,[],Alex Park,,Cardiff,Corp Example Lab,GB,,,1,0,,2026-05-28T08:00:00Z,,Active,,Member,"{""ApprovedAITools"":""Copilot;InternalAssistant""}",,1,,IdentityInfo
tenant-lab-001-a000-0000-0000-000000000001,2026-05-28T06:00:00Z,user31,creditsafe.com,user31@creditsafe.com,S-1-5-21-000-31,oid-user31,tenant-lab-001-a000-0000-0000-000000000001,User 31,User,31,,,,Developer;GitHubCopilot,2024-01-15T00:00:00Z,5,5,Low,"{""Factors"":[]}",None,Low,"[""Engineering"",""Managers""]","[""User""]",Sales,EMP-31,Employee,[],user31@creditsafe.com,[],Alex Park,,Cardiff,Corp Example Lab,GB,,,1,0,,2026-05-28T08:00:00Z,,Active,,Member,"{""ApprovedAITools"":""Copilot;InternalAssistant""}",,1,,IdentityInfo
tenant-lab-001-a000-0000-0000-000000000001,2026-05-28T06:00:00Z,user32,creditsafe.com,user32@creditsafe.com,S-1-5-21-000-32,oid-user32,tenant-lab-001-a000-0000-0000-000000000001,User 32,User,32,,,,Developer;GitHubCopilot,2024-01-15T00:00:00Z,5,5,Low,"{""Factors"":[]}",None,Low,"[""Engineering"",""Managers""]","[""User""]",Sales,EMP-32,Employee,[],user32@creditsafe.com,[],Alex Park,,Cardiff,Corp Example Lab,GB,,,1,0,,2026-05-28T08:00:00Z,,Active,,Member,"{""ApprovedAITools"":""Copilot;InternalAssistant""}",,1,,IdentityInfo
tenant-lab-001-a000-0000-0000-000000000001,2026-05-28T06:00:00Z,user33,creditsafe.com,user33@creditsafe.com,S-1-5-21-000-33,oid-user33,tenant-lab-001-a000-0000-0000-000000000001,User 33,User,33,,,,Developer;GitHubCopilot,2024-01-15T00:00:00Z,5,5,Low,"{""Factors"":[]}",None,Low,"[""Engineering"",""Managers""]","[""User""]",Sales,EMP-33,Employee,[],user33@creditsafe.com,[],Alex Park,,Cardiff,Corp Example Lab,GB,,,1,0,,2026-05-28T08:00:00Z,,Active,,Member,"{""ApprovedAITools"":""Copilot;InternalAssistant""}",,1,,IdentityInfo
tenant-lab-001-a000-0000-0000-000000000001,2026-05-28T06:00:00Z,user34,creditsafe.com,user34@creditsafe.com,S-1-5-21-000-34,oid-user34,tenant-lab-001-a000-0000-0000-000000000001,User 34,User,34,,,,Developer;GitHubCopilot,2024-01-15T00:00:00Z,5,5,Low,"{""Factors"":[]}",None,Low,"[""Engineering"",""Managers""]","[""User""]",Sales,EMP-34,Employee,[],user34@creditsafe.com,[],Alex Park,,Cardiff,Corp Example Lab,GB,,,1,0,,2026-05-28T08:00:00Z,,Active,,Member,"{""ApprovedAITools"":""Copilot;InternalAssistant""}",,1,,IdentityInfo
tenant-lab-001-a000-0000-0000-000000000001,2026-05-28T06:00:00Z,user35,creditsafe.com,user35@creditsafe.com,S-1-5-21-000-35,oid-user35,tenant-lab-001-a000-0000-0000-000000000001,User 35,User,35,,,,Developer;GitHubCopilot,2024-01-15T00:00:00Z,5,5,Low,"{""Factors"":[]}",None,Low,"[""Engineering"",""Managers""]","[""User""]",Sales,EMP-35,Employee,[],user35@creditsafe.com,[],Alex Park,,Cardiff,Corp Example Lab,GB,,,1,0,,2026-05-28T08:00:00Z,,Active,,Member,"{""ApprovedAITools"":""Copilot;InternalAssistant""}",,1,,IdentityInfo
tenant-lab-001-a000-0000-0000-000000000001,2026-05-28T06:00:00Z,user36,creditsafe.com,user36@creditsafe.com,S-1-5-21-000-36,oid-user36,tenant-lab-001-a000-0000-0000-000000000001,User 36,User,36,,,,Developer;GitHubCopilot,2024-01-15T00:00:00Z,5,5,Low,"{""Factors"":[]}",None,Low,"[""Engineering"",""Managers""]","[""User""]",Sales,EMP-36,Employee,[],user36@creditsafe.com,[],Alex Park,,Cardiff,Corp Example Lab,GB,,,1,0,,2026-05-28T08:00:00Z,,Active,,Member,"{""ApprovedAITools"":""Copilot;InternalAssistant""}",,1,,IdentityInfo
tenant-lab-001-a000-0000-0000-000000000001,2026-05-28T06:00:00Z,user37,creditsafe.com,user37@creditsafe.com,S-1-5-21-000-37,oid-user37,tenant-lab-001-a000-0000-0000-000000000001,User 37,User,37,,,,Developer;GitHubCopilot,2024-01-15T00:00:00Z,5,5,Low,"{""Factors"":[]}",None,Low,"[""Engineering"",""Managers""]","[""User""]",Sales,EMP-37,Employee,[],user37@creditsafe.com,[],Alex Park,,Cardiff,Corp Example Lab,GB,,,1,0,,2026-05-28T08:00:00Z,,Active,,Member,"{""ApprovedAITools"":""Copilot;InternalAssistant""}",,1,,IdentityInfo
tenant-lab-001-a000-0000-0000-000000000001,2026-05-28T06:00:00Z,user38,creditsafe.com,user38@creditsafe.com,S-1-5-21-000-38,oid-user38,tenant-lab-001-a000-0000-0000-000000000001,User 38,User,38,,,,Developer;GitHubCopilot,2024-01-15T00:00:00Z,5,5,Low,"{""Factors"":[]}",None,Low,"[""Engineering"",""Managers""]","[""User""]",Sales,EMP-38,Employee,[],user38@creditsafe.com,[],Alex Park,,Cardiff,Corp Example Lab,GB,,,1,0,,2026-05-28T08:00:00Z,,Active,,Member,"{""ApprovedAITools"":""Copilot;InternalAssistant""}",,1,,IdentityInfo
tenant-lab-001-a000-0000-0000-000000000001,2026-05-28T06:00:00Z,user39,creditsafe.com,user39@creditsafe.com,S-1-5-21-000-39,oid-user39,tenant-lab-001-a000-0000-0000-000000000001,User 39,User,39,,,,Developer;GitHubCopilot,2024-01-15T00:00:00Z,5,5,Low,"{""Factors"":[]}",None,Low,"[""Engineering"",""Managers""]","[""User""]",Sales,EMP-39,Employee,[],user39@creditsafe.com,[],Alex Park,,Cardiff,Corp Example Lab,GB,,,1,0,,2026-05-28T08:00:00Z,,Active,,Member,"{""ApprovedAITools"":""Copilot;InternalAssistant""}",,1,,IdentityInfo
tenant-lab-001-a000-0000-0000-000000000001,2026-05-28T06:00:00Z,user40,creditsafe.com,user40@creditsafe.com,S-1-5-21-000-40,oid-user40,tenant-lab-001-a000-0000-0000-000000000001,User 40,User,40,,,,Developer;GitHubCopilot,2024-01-15T00:00:00Z,5,5,Low,"{""Factors"":[]}",None,Low,"[""Engineering"",""Managers""]","[""User""]",Sales,EMP-40,Employee,[],user40@creditsafe.com,[],Alex Park,,Cardiff,Corp Example Lab,GB,,,1,0,,2026-05-28T08:00:00Z,,Active,,Member,"{""ApprovedAITools"":""Copilot;InternalAssistant""}",,1,,IdentityInfo
tenant-lab-001-a000-0000-0000-000000000001,2026-05-28T06:00:00Z,user41,creditsafe.com,user41@creditsafe.com,S-1-5-21-000-41,oid-user41,tenant-lab-001-a000-0000-0000-000000000001,User 41,User,41,,,,Developer;GitHubCopilot,2024-01-15T00:00:00Z,5,5,Low,"{""Factors"":[]}",None,Low,"[""Engineering"",""Managers""]","[""User""]",Sales,EMP-41,Employee,[],user41@creditsafe.com,[],Alex Park,,Cardiff,Corp Example Lab,GB,,,1,0,,2026-05-28T08:00:00Z,,Active,,Member,"{""ApprovedAITools"":""Copilot;InternalAssistant""}",,1,,IdentityInfo
tenant-lab-001-a000-0000-0000-000000000001,2026-05-28T06:00:00Z,user42,creditsafe.com,user42@creditsafe.com,S-1-5-21-000-42,oid-user42,tenant-lab-001-a000-0000-0000-000000000001,User 42,User,42,,,,Developer;GitHubCopilot,2024-01-15T00:00:00Z,5,5,Low,"{""Factors"":[]}",None,Low,"[""Engineering"",""Managers""]","[""User""]",Sales,EMP-42,Employee,[],user42@creditsafe.com,[],Alex Park,,Cardiff,Corp Example Lab,GB,,,1,0,,2026-05-28T08:00:00Z,,Active,,Member,"{""ApprovedAITools"":""Copilot;InternalAssistant""}",,1,,IdentityInfo
tenant-lab-001-a000-0000-0000-000000000001,2026-05-28T06:00:00Z,user43,creditsafe.com,user43@creditsafe.com,S-1-5-21-000-43,oid-user43,tenant-lab-001-a000-0000-0000-000000000001,User 43,User,43,,,,Developer;GitHubCopilot,2024-01-15T00:00:00Z,5,5,Low,"{""Factors"":[]}",None,Low,"[""Engineering"",""Managers""]","[""User""]",Sales,EMP-43,Employee,[],user43@creditsafe.com,[],Alex Park,,Cardiff,Corp Example Lab,GB,,,1,0,,2026-05-28T08:00:00Z,,Active,,Member,"{""ApprovedAITools"":""Copilot;InternalAssistant""}",,1,,IdentityInfo
tenant-lab-001-a000-0000-0000-000000000001,2026-05-28T06:00:00Z,user44,creditsafe.com,user44@creditsafe.com,S-1-5-21-000-44,oid-user44,tenant-lab-001-a000-0000-0000-000000000001,User 44,User,44,,,,Developer;GitHubCopilot,2024-01-15T00:00:00Z,5,5,Low,"{""Factors"":[]}",None,Low,"[""Engineering"",""Managers""]","[""User""]",Sales,EMP-44,Employee,[],user44@creditsafe.com,[],Alex Park,,Cardiff,Corp Example Lab,GB,,,1,0,,2026-05-28T08:00:00Z,,Active,,Member,"{""ApprovedAITools"":""Copilot;InternalAssistant""}",,1,,IdentityInfo
tenant-lab-001-a000-0000-0000-000000000001,2026-05-28T06:00:00Z,user45,creditsafe.com,user45@creditsafe.com,S-1-5-21-000-45,oid-user45,tenant-lab-001-a000-0000-0000-000000000001,User 45,User,45,,,,Developer;GitHubCopilot,2024-01-15T00:00:00Z,5,5,Low,"{""Factors"":[]}",None,Low,"[""Engineering"",""Managers""]","[""User""]",Sales,EMP-45,Employee,[],user45@creditsafe.com,[],Alex Park,,Cardiff,Corp Example Lab,GB,,,1,0,,2026-05-28T08:00:00Z,,Active,,Member,"{""ApprovedAITools"":""Copilot;InternalAssistant""}",,1,,IdentityInfo
tenant-lab-001-a000-0000-0000-000000000001,2026-05-28T06:00:00Z,user46,creditsafe.com,user46@creditsafe.com,S-1-5-21-000-46,oid-user46,tenant-lab-001-a000-0000-0000-000000000001,User 46,User,46,,,,Developer;GitHubCopilot,2024-01-15T00:00:00Z,5,5,Low,"{""Factors"":[]}",None,Low,"[""Engineering"",""Managers""]","[""User""]",Sales,EMP-46,Employee,[],user46@creditsafe.com,[],Alex Park,,Cardiff,Corp Example Lab,GB,,,1,0,,2026-05-28T08:00:00Z,,Active,,Member,"{""ApprovedAITools"":""Copilot;InternalAssistant""}",,1,,IdentityInfo
tenant-lab-001-a000-0000-0000-000000000001,2026-05-28T06:00:00Z,user47,creditsafe.com,user47@creditsafe.com,S-1-5-21-000-47,oid-user47,tenant-lab-001-a000-0000-0000-000000000001,User 47,User,47,,,,Developer;GitHubCopilot,2024-01-15T00:00:00Z,5,5,Low,"{""Factors"":[]}",None,Low,"[""Engineering"",""Managers""]","[""User""]",Sales,EMP-47,Employee,[],user47@creditsafe.com,[],Alex Park,,Cardiff,Corp Example Lab,GB,,,1,0,,2026-05-28T08:00:00Z,,Active,,Member,"{""ApprovedAITools"":""Copilot;InternalAssistant""}",,1,,IdentityInfo
tenant-lab-001-a000-0000-0000-000000000001,2026-05-28T06:00:00Z,user48,creditsafe.com,user48@creditsafe.com,S-1-5-21-000-48,oid-user48,tenant-lab-001-a000-0000-0000-000000000001,User 48,User,48,,,,Developer;GitHubCopilot,2024-01-15T00:00:00Z,5,5,Low,"{""Factors"":[]}",None,Low,"[""Engineering"",""Managers""]","[""User""]",Sales,EMP-48,Employee,[],user48@creditsafe.com,[],Alex Park,,Cardiff,Corp Example Lab,GB,,,1,0,,2026-05-28T08:00:00Z,,Active,,Member,"{""ApprovedAITools"":""Copilot;InternalAssistant""}",,1,,IdentityInfo
tenant-lab-001-a000-0000-0000-000000000001,2026-05-28T06:00:00Z,user49,creditsafe.com,user49@creditsafe.com,S-1-5-21-000-49,oid-user49,tenant-lab-001-a000-0000-0000-000000000001,User 49,User,49,,,,Developer;GitHubCopilot,2024-01-15T00:00:00Z,5,5,Low,"{""Factors"":[]}",None,Low,"[""Engineering"",""Managers""]","[""User""]",Sales,EMP-49,Employee,[],user49@creditsafe.com,[],Alex Park,,Cardiff,Corp Example Lab,GB,,,1,0,,2026-05-28T08:00:00Z,,Active,,Member,"{""ApprovedAITools"":""Copilot;InternalAssistant""}",,1,,IdentityInfo
tenant-lab-001-a000-0000-0000-000000000001,2026-05-28T06:00:00Z,user50,creditsafe.com,user50@creditsafe.com,S-1-5-21-000-50,oid-user50,tenant-lab-001-a000-0000-0000-000000000001,User 50,User,50,,,,Developer;GitHubCopilot,2024-01-15T00:00:00Z,5,5,Low,"{""Factors"":[]}",None,Low,"[""Engineering"",""Managers""]","[""User""]",Sales,EMP-50,Employee,[],user50@creditsafe.com,[],Alex Park,,Cardiff,Corp Example Lab,GB,,,1,0,,2026-05-28T08:00:00Z,,Active,,Member,"{""ApprovedAITools"":""Copilot;InternalAssistant""}",,1,,IdentityInfo
tenant-lab-001-a000-0000-0000-000000000001,2026-05-28T06:00:00Z,user51,creditsafe.com,user51@creditsafe.com,S-1-5-21-000-51,oid-user51,tenant-lab-001-a000-0000-0000-000000000001,User 51,User,51,,,,Developer;GitHubCopilot,2024-01-15T00:00:00Z,5,5,Low,"{""Factors"":[]}",None,Low,"[""Engineering"",""Managers""]","[""User""]",Sales,EMP-51,Employee,[],user51@creditsafe.com,[],Alex Park,,Cardiff,Corp Example Lab,GB,,,1,0,,2026-05-28T08:00:00Z,,Active,,Member,"{""ApprovedAITools"":""Copilot;InternalAssistant""}",,1,,IdentityInfo
tenant-lab-001-a000-0000-0000-000000000001,2026-05-28T06:00:00Z,user52,creditsafe.com,user52@creditsafe.com,S-1-5-21-000-52,oid-user52,tenant-lab-001-a000-0000-0000-000000000001,User 52,User,52,,,,Developer;GitHubCopilot,2024-01-15T00:00:00Z,5,5,Low,"{""Factors"":[]}",None,Low,"[""Engineering"",""Managers""]","[""User""]",Sales,EMP-52,Employee,[],user52@creditsafe.com,[],Alex Park,,Cardiff,Corp Example Lab,GB,,,1,0,,2026-05-28T08:00:00Z,,Active,,Member,"{""ApprovedAITools"":""Copilot;InternalAssistant""}",,1,,IdentityInfo
tenant-lab-001-a000-0000-0000-000000000001,2026-05-28T06:00:00Z,user53,creditsafe.com,user53@creditsafe.com,S-1-5-21-000-53,oid-user53,tenant-lab-001-a000-0000-0000-000000000001,User 53,User,53,,,,Developer;GitHubCopilot,2024-01-15T00:00:00Z,5,5,Low,"{""Factors"":[]}",None,Low,"[""Engineering"",""Managers""]","[""User""]",Sales,EMP-53,Employee,[],user53@creditsafe.com,[],Alex Park,,Cardiff,Corp Example Lab,GB,,,1,0,,2026-05-28T08:00:00Z,,Active,,Member,"{""ApprovedAITools"":""Copilot;InternalAssistant""}",,1,,IdentityInfo
tenant-lab-001-a000-0000-0000-000000000001,2026-05-28T06:00:00Z,user54,creditsafe.com,user54@creditsafe.com,S-1-5-21-000-54,oid-user54,tenant-lab-001-a000-0000-0000-000000000001,User 54,User,54,,,,Developer;GitHubCopilot,2024-01-15T00:00:00Z,5,5,Low,"{""Factors"":[]}",None,Low,"[""Engineering"",""Managers""]","[""User""]",Sales,EMP-54,Employee,[],user54@creditsafe.com,[],Alex Park,,Cardiff,Corp Example Lab,GB,,,1,0,,2026-05-28T08:00:00Z,,Active,,Member,"{""ApprovedAITools"":""Copilot;InternalAssistant""}",,1,,IdentityInfo
tenant-lab-001-a000-0000-0000-000000000001,2026-05-28T06:00:00Z,user55,creditsafe.com,user55@creditsafe.com,S-1-5-21-000-55,oid-user55,tenant-lab-001-a000-0000-0000-000000000001,User 55,User,55,,,,Developer;GitHubCopilot,2024-01-15T00:00:00Z,5,5,Low,"{""Factors"":[]}",None,Low,"[""Engineering"",""Managers""]","[""User""]",Sales,EMP-55,Employee,[],user55@creditsafe.com,[],Alex Park,,Cardiff,Corp Example Lab,GB,,,1,0,,2026-05-28T08:00:00Z,,Active,,Member,"{""ApprovedAITools"":""Copilot;InternalAssistant""}",,1,,IdentityInfo
tenant-lab-001-a000-0000-0000-000000000001,2026-05-28T06:00:00Z,user56,creditsafe.com,user56@creditsafe.com,S-1-5-21-000-56,oid-user56,tenant-lab-001-a000-0000-0000-000000000001,User 56,User,56,,,,Developer;GitHubCopilot,2024-01-15T00:00:00Z,5,5,Low,"{""Factors"":[]}",None,Low,"[""Engineering"",""Managers""]","[""User""]",Sales,EMP-56,Employee,[],user56@creditsafe.com,[],Alex Park,,Cardiff,Corp Example Lab,GB,,,1,0,,2026-05-28T08:00:00Z,,Active,,Member,"{""ApprovedAITools"":""Copilot;InternalAssistant""}",,1,,IdentityInfo
tenant-lab-001-a000-0000-0000-000000000001,2026-05-28T06:00:00Z,user57,creditsafe.com,user57@creditsafe.com,S-1-5-21-000-57,oid-user57,tenant-lab-001-a000-0000-0000-000000000001,User 57,User,57,,,,Developer;GitHubCopilot,2024-01-15T00:00:00Z,5,5,Low,"{""Factors"":[]}",None,Low,"[""Engineering"",""Managers""]","[""User""]",Sales,EMP-57,Employee,[],user57@creditsafe.com,[],Alex Park,,Cardiff,Corp Example Lab,GB,,,1,0,,2026-05-28T08:00:00Z,,Active,,Member,"{""ApprovedAITools"":""Copilot;InternalAssistant""}",,1,,IdentityInfo
tenant-lab-001-a000-0000-0000-000000000001,2026-05-28T06:00:00Z,user58,creditsafe.com,user58@creditsafe.com,S-1-5-21-000-58,oid-user58,tenant-lab-001-a000-0000-0000-000000000001,User 58,User,58,,,,Developer;GitHubCopilot,2024-01-15T00:00:00Z,5,5,Low,"{""Factors"":[]}",None,Low,"[""Engineering"",""Managers""]","[""User""]",Sales,EMP-58,Employee,[],user58@creditsafe.com,[],Alex Park,,Cardiff,Corp Example Lab,GB,,,1,0,,2026-05-28T08:00:00Z,,Active,,Member,"{""ApprovedAITools"":""Copilot;InternalAssistant""}",,1,,IdentityInfo
tenant-lab-001-a000-0000-0000-000000000001,2026-05-28T06:00:00Z,user59,creditsafe.com,user59@creditsafe.com,S-1-5-21-000-59,oid-user59,tenant-lab-001-a000-0000-0000-000000000001,User 59,User,59,,,,Developer;GitHubCopilot,2024-01-15T00:00:00Z,5,5,Low,"{""Factors"":[]}",None,Low,"[""Engineering"",""Managers""]","[""User""]",Sales,EMP-59,Employee,[],user59@creditsafe.com,[],Alex Park,,Cardiff,Corp Example Lab,GB,,,1,0,,2026-05-28T08:00:00Z,,Active,,Member,"{""ApprovedAITools"":""Copilot;InternalAssistant""}",,1,,IdentityInfo
tenant-lab-001-a000-0000-0000-000000000001,2026-05-28T06:00:00Z,user60,creditsafe.com,user60@creditsafe.com,S-1-5-21-000-60,oid-user60,tenant-lab-001-a000-0000-0000-000000000001,User 60,User,60,,,,Developer;GitHubCopilot,2024-01-15T00:00:00Z,5,5,Low,"{""Factors"":[]}",None,Low,"[""Engineering"",""Managers""]","[""User""]",Sales,EMP-60,Employee,[],user60@creditsafe.com,[],Alex Park,,Cardiff,Corp Example Lab,GB,,,1,0,,2026-05-28T08:00:00Z,,Active,,Member,"{""ApprovedAITools"":""Copilot;InternalAssistant""}",,1,,IdentityInfo
tenant-lab-001-a000-0000-0000-000000000001,2026-05-28T06:00:00Z,user61,creditsafe.com,user61@creditsafe.com,S-1-5-21-000-61,oid-user61,tenant-lab-001-a000-0000-0000-000000000001,User 61,User,61,,,,Developer;GitHubCopilot,2024-01-15T00:00:00Z,5,5,Low,"{""Factors"":[]}",None,Low,"[""Engineering"",""Managers""]","[""User""]",Sales,EMP-61,Employee,[],user61@creditsafe.com,[],Alex Park,,Cardiff,Corp Example Lab,GB,,,1,0,,2026-05-28T08:00:00Z,,Active,,Member,"{""ApprovedAITools"":""Copilot;InternalAssistant""}",,1,,IdentityInfo
tenant-lab-001-a000-0000-0000-000000000001,2026-05-28T06:00:00Z,user62,creditsafe.com,user62@creditsafe.com,S-1-5-21-000-62,oid-user62,tenant-lab-001-a000-0000-0000-000000000001,User 62,User,62,,,,Developer;GitHubCopilot,2024-01-15T00:00:00Z,5,5,Low,"{""Factors"":[]}",None,Low,"[""Engineering"",""Managers""]","[""User""]",Sales,EMP-62,Employee,[],user62@creditsafe.com,[],Alex Park,,Cardiff,Corp Example Lab,GB,,,1,0,,2026-05-28T08:00:00Z,,Active,,Member,"{""ApprovedAITools"":""Copilot;InternalAssistant""}",,1,,IdentityInfo
tenant-lab-001-a000-0000-0000-000000000001,2026-05-28T06:00:00Z,user63,creditsafe.com,user63@creditsafe.com,S-1-5-21-000-63,oid-user63,tenant-lab-001-a000-0000-0000-000000000001,User 63,User,63,,,,Developer;GitHubCopilot,2024-01-15T00:00:00Z,5,5,Low,"{""Factors"":[]}",None,Low,"[""Engineering"",""Managers""]","[""User""]",Sales,EMP-63,Employee,[],user63@creditsafe.com,[],Alex Park,,Cardiff,Corp Example Lab,GB,,,1,0,,2026-05-28T08:00:00Z,,Active,,Member,"{""ApprovedAITools"":""Copilot;InternalAssistant""}",,1,,IdentityInfo
tenant-lab-001-a000-0000-0000-000000000001,2026-05-28T06:00:00Z,user64,creditsafe.com,user64@creditsafe.com,S-1-5-21-000-64,oid-user64,tenant-lab-001-a000-0000-0000-000000000001,User 64,User,64,,,,Developer;GitHubCopilot,2024-01-15T00:00:00Z,5,5,Low,"{""Factors"":[]}",None,Low,"[""Engineering"",""Managers""]","[""User""]",Sales,EMP-64,Employee,[],user64@creditsafe.com,[],Alex Park,,Cardiff,Corp Example Lab,GB,,,1,0,,2026-05-28T08:00:00Z,,Active,,Member,"{""ApprovedAITools"":""Copilot;InternalAssistant""}",,1,,IdentityInfo
tenant-lab-001-a000-0000-0000-000000000001,2026-05-28T06:00:00Z,user65,creditsafe.com,user65@creditsafe.com,S-1-5-21-000-65,oid-user65,tenant-lab-001-a000-0000-0000-000000000001,User 65,User,65,,,,Developer;GitHubCopilot,2024-01-15T00:00:00Z,5,5,Low,"{""Factors"":[]}",None,Low,"[""Engineering"",""Managers""]","[""User""]",Sales,EMP-65,Employee,[],user65@creditsafe.com,[],Alex Park,,Cardiff,Corp Example Lab,GB,,,1,0,,2026-05-28T08:00:00Z,,Active,,Member,"{""ApprovedAITools"":""Copilot;InternalAssistant""}",,1,,IdentityInfo
tenant-lab-001-a000-0000-0000-000000000001,2026-05-28T06:00:00Z,user66,creditsafe.com,user66@creditsafe.com,S-1-5-21-000-66,oid-user66,tenant-lab-001-a000-0000-0000-000000000001,User 66,User,66,,,,Developer;GitHubCopilot,2024-01-15T00:00:00Z,5,5,Low,"{""Factors"":[]}",None,Low,"[""Engineering"",""Managers""]","[""User""]",Sales,EMP-66,Employee,[],user66@creditsafe.com,[],Alex Park,,Cardiff,Corp Example Lab,GB,,,1,0,,2026-05-28T08:00:00Z,,Active,,Member,"{""ApprovedAITools"":""Copilot;InternalAssistant""}",,1,,IdentityInfo
tenant-lab-001-a000-0000-0000-000000000001,2026-05-28T06:00:00Z,user67,creditsafe.com,user67@creditsafe.com,S-1-5-21-000-67,oid-user67,tenant-lab-001-a000-0000-0000-000000000001,User 67,User,67,,,,Developer;GitHubCopilot,2024-01-15T00:00:00Z,5,5,Low,"{""Factors"":[]}",None,Low,"[""Engineering"",""Managers""]","[""User""]",Sales,EMP-67,Employee,[],user67@creditsafe.com,[],Alex Park,,Cardiff,Corp Example Lab,GB,,,1,0,,2026-05-28T08:00:00Z,,Active,,Member,"{""ApprovedAITools"":""Copilot;InternalAssistant""}",,1,,IdentityInfo
tenant-lab-001-a000-0000-0000-000000000001,2026-05-28T06:00:00Z,user68,creditsafe.com,user68@creditsafe.com,S-1-5-21-000-68,oid-user68,tenant-lab-001-a000-0000-0000-000000000001,User 68,User,68,,,,Developer;GitHubCopilot,2024-01-15T00:00:00Z,5,5,Low,"{""Factors"":[]}",None,Low,"[""Engineering"",""Managers""]","[""User""]",Sales,EMP-68,Employee,[],user68@creditsafe.com,[],Alex Park,,Cardiff,Corp Example Lab,GB,,,1,0,,2026-05-28T08:00:00Z,,Active,,Member,"{""ApprovedAITools"":""Copilot;InternalAssistant""}",,1,,IdentityInfo
tenant-lab-001-a000-0000-0000-000000000001,2026-05-28T06:00:00Z,user69,creditsafe.com,user69@creditsafe.com,S-1-5-21-000-69,oid-user69,tenant-lab-001-a000-0000-0000-000000000001,User 69,User,69,,,,Developer;GitHubCopilot,2024-01-15T00:00:00Z,5,5,Low,"{""Factors"":[]}",None,Low,"[""Engineering"",""Managers""]","[""User""]",Sales,EMP-69,Employee,[],user69@creditsafe.com,[],Alex Park,,Cardiff,Corp Example Lab,GB,,,1,0,,2026-05-28T08:00:00Z,,Active,,Member,"{""ApprovedAITools"":""Copilot;InternalAssistant""}",,1,,IdentityInfo
tenant-lab-001-a000-0000-0000-000000000001,2026-05-28T06:00:00Z,user70,creditsafe.com,user70@creditsafe.com,S-1-5-21-000-70,oid-user70,tenant-lab-001-a000-0000-0000-000000000001,User 70,User,70,,,,Developer;GitHubCopilot,2024-01-15T00:00:00Z,5,5,Low,"{""Factors"":[]}",None,Low,"[""Engineering"",""Managers""]","[""User""]",Sales,EMP-70,Employee,[],user70@creditsafe.com,[],Alex Park,,Cardiff,Corp Example Lab,GB,,,1,0,,2026-05-28T08:00:00Z,,Active,,Member,"{""ApprovedAITools"":""Copilot;InternalAssistant""}",,1,,IdentityInfo
tenant-lab-001-a000-0000-0000-000000000001,2026-05-28T06:00:00Z,user71,creditsafe.com,user71@creditsafe.com,S-1-5-21-000-71,oid-user71,tenant-lab-001-a000-0000-0000-000000000001,User 71,User,71,,,,Developer;GitHubCopilot,2024-01-15T00:00:00Z,5,5,Low,"{""Factors"":[]}",None,Low,"[""Engineering"",""Managers""]","[""User""]",Sales,EMP-71,Employee,[],user71@creditsafe.com,[],Alex Park,,Cardiff,Corp Example Lab,GB,,,1,0,,2026-05-28T08:00:00Z,,Active,,Member,"{""ApprovedAITools"":""Copilot;InternalAssistant""}",,1,,IdentityInfo
tenant-lab-001-a000-0000-0000-000000000001,2026-05-28T06:00:00Z,user72,creditsafe.com,user72@creditsafe.com,S-1-5-21-000-72,oid-user72,tenant-lab-001-a000-0000-0000-000000000001,User 72,User,72,,,,Developer;GitHubCopilot,2024-01-15T00:00:00Z,5,5,Low,"{""Factors"":[]}",None,Low,"[""Engineering"",""Managers""]","[""User""]",Sales,EMP-72,Employee,[],user72@creditsafe.com,[],Alex Park,,Cardiff,Corp Example Lab,GB,,,1,0,,2026-05-28T08:00:00Z,,Active,,Member,"{""ApprovedAITools"":""Copilot;InternalAssistant""}",,1,,IdentityInfo
tenant-lab-001-a000-0000-0000-000000000001,2026-05-28T06:00:00Z,user73,creditsafe.com,user73@creditsafe.com,S-1-5-21-000-73,oid-user73,tenant-lab-001-a000-0000-0000-000000000001,User 73,User,73,,,,Developer;GitHubCopilot,2024-01-15T00:00:00Z,5,5,Low,"{""Factors"":[]}",None,Low,"[""Engineering"",""Managers""]","[""User""]",Sales,EMP-73,Employee,[],user73@creditsafe.com,[],Alex Park,,Cardiff,Corp Example Lab,GB,,,1,0,,2026-05-28T08:00:00Z,,Active,,Member,"{""ApprovedAITools"":""Copilot;InternalAssistant""}",,1,,IdentityInfo
tenant-lab-001-a000-0000-0000-000000000001,2026-05-28T06:00:00Z,user74,creditsafe.com,user74@creditsafe.com,S-1-5-21-000-74,oid-user74,tenant-lab-001-a000-0000-0000-000000000001,User 74,User,74,,,,Developer;GitHubCopilot,2024-01-15T00:00:00Z,5,5,Low,"{""Factors"":[]}",None,Low,"[""Engineering"",""Managers""]","[""User""]",Sales,EMP-74,Employee,[],user74@creditsafe.com,[],Alex Park,,Cardiff,Corp Example Lab,GB,,,1,0,,2026-05-28T08:00:00Z,,Active,,Member,"{""ApprovedAITools"":""Copilot;InternalAssistant""}",,1,,IdentityInfo
tenant-lab-001-a000-0000-0000-000000000001,2026-05-28T06:00:00Z,user75,creditsafe.com,user75@creditsafe.com,S-1-5-21-000-75,oid-user75,tenant-lab-001-a000-0000-0000-000000000001,User 75,User,75,,,,Developer;GitHubCopilot,2024-01-15T00:00:00Z,5,5,Low,"{""Factors"":[]}",None,Low,"[""Engineering"",""Managers""]","[""User""]",Sales,EMP-75,Employee,[],user75@creditsafe.com,[],Alex Park,,Cardiff,Corp Example Lab,GB,,,1,0,,2026-05-28T08:00:00Z,,Active,,Member,"{""ApprovedAITools"":""Copilot;InternalAssistant""}",,1,,IdentityInfo
tenant-lab-001-a000-0000-0000-000000000001,2026-05-28T06:00:00Z,user76,creditsafe.com,user76@creditsafe.com,S-1-5-21-000-76,oid-user76,tenant-lab-001-a000-0000-0000-000000000001,User 76,User,76,,,,Developer;GitHubCopilot,2024-01-15T00:00:00Z,5,5,Low,"{""Factors"":[]}",None,Low,"[""Engineering"",""Managers""]","[""User""]",Sales,EMP-76,Employee,[],user76@creditsafe.com,[],Alex Park,,Cardiff,Corp Example Lab,GB,,,1,0,,2026-05-28T08:00:00Z,,Active,,Member,"{""ApprovedAITools"":""Copilot;InternalAssistant""}",,1,,IdentityInfo
tenant-lab-001-a000-0000-0000-000000000001,2026-05-28T06:00:00Z,user77,creditsafe.com,user77@creditsafe.com,S-1-5-21-000-77,oid-user77,tenant-lab-001-a000-0000-0000-000000000001,User 77,User,77,,,,Developer;GitHubCopilot,2024-01-15T00:00:00Z,5,5,Low,"{""Factors"":[]}",None,Low,"[""Engineering"",""Managers""]","[""User""]",Sales,EMP-77,Employee,[],user77@creditsafe.com,[],Alex Park,,Cardiff,Corp Example Lab,GB,,,1,0,,2026-05-28T08:00:00Z,,Active,,Member,"{""ApprovedAITools"":""Copilot;InternalAssistant""}",,1,,IdentityInfo
tenant-lab-001-a000-0000-0000-000000000001,2026-05-28T06:00:00Z,user78,creditsafe.com,user78@creditsafe.com,S-1-5-21-000-78,oid-user78,tenant-lab-001-a000-0000-0000-000000000001,User 78,User,78,,,,Developer;GitHubCopilot,2024-01-15T00:00:00Z,5,5,Low,"{""Factors"":[]}",None,Low,"[""Engineering"",""Managers""]","[""User""]",Sales,EMP-78,Employee,[],user78@creditsafe.com,[],Alex Park,,Cardiff,Corp Example Lab,GB,,,1,0,,2026-05-28T08:00:00Z,,Active,,Member,"{""ApprovedAITools"":""Copilot;InternalAssistant""}",,1,,IdentityInfo
tenant-lab-001-a000-0000-0000-000000000001,2026-05-28T06:00:00Z,user79,creditsafe.com,user79@creditsafe.com,S-1-5-21-000-79,oid-user79,tenant-lab-001-a000-0000-0000-000000000001,User 79,User,79,,,,Developer;GitHubCopilot,2024-01-15T00:00:00Z,5,5,Low,"{""Factors"":[]}",None,Low,"[""Engineering"",""Managers""]","[""User""]",Sales,EMP-79,Employee,[],user79@creditsafe.com,[],Alex Park,,Cardiff,Corp Example Lab,GB,,,1,0,,2026-05-28T08:00:00Z,,Active,,Member,"{""ApprovedAITools"":""Copilot;InternalAssistant""}",,1,,IdentityInfo
tenant-lab-001-a000-0000-0000-000000000001,2026-05-28T06:00:00Z,user80,creditsafe.com,user80@creditsafe.com,S-1-5-21-000-80,oid-user80,tenant-lab-001-a000-0000-0000-000000000001,User 80,User,80,,,,Developer;GitHubCopilot,2024-01-15T00:00:00Z,5,5,Low,"{""Factors"":[]}",None,Low,"[""Engineering"",""Managers""]","[""User""]",Sales,EMP-80,Employee,[],user80@creditsafe.com,[],Alex Park,,Cardiff,Corp Example Lab,GB,,,1,0,,2026-05-28T08:00:00Z,,Active,,Member,"{""ApprovedAITools"":""Copilot;InternalAssistant""}",,1,,IdentityInfo
tenant-lab-001-a000-0000-0000-000000000001,2026-05-28T06:00:00Z,user81,creditsafe.com,user81@creditsafe.com,S-1-5-21-000-81,oid-user81,tenant-lab-001-a000-0000-0000-000000000001,User 81,User,81,,,,Developer;GitHubCopilot,2024-01-15T00:00:00Z,5,5,Low,"{""Factors"":[]}",None,Low,"[""Engineering"",""Managers""]","[""User""]",Sales,EMP-81,Employee,[],user81@creditsafe.com,[],Alex Park,,Cardiff,Corp Example Lab,GB,,,1,0,,2026-05-28T08:00:00Z,,Active,,Member,"{""ApprovedAITools"":""Copilot;InternalAssistant""}",,1,,IdentityInfo
tenant-lab-001-a000-0000-0000-000000000001,2026-05-28T06:00:00Z,user82,creditsafe.com,user82@creditsafe.com,S-1-5-21-000-82,oid-user82,tenant-lab-001-a000-0000-0000-000000000001,User 82,User,82,,,,Developer;GitHubCopilot,2024-01-15T00:00:00Z,5,5,Low,"{""Factors"":[]}",None,Low,"[""Engineering"",""Managers""]","[""User""]",Sales,EMP-82,Employee,[],user82@creditsafe.com,[],Alex Park,,Cardiff,Corp Example Lab,GB,,,1,0,,2026-05-28T08:00:00Z,,Active,,Member,"{""ApprovedAITools"":""Copilot;InternalAssistant""}",,1,,IdentityInfo
tenant-lab-001-a000-0000-0000-000000000001,2026-05-28T06:00:00Z,user83,creditsafe.com,user83@creditsafe.com,S-1-5-21-000-83,oid-user83,tenant-lab-001-a000-0000-0000-000000000001,User 83,User,83,,,,Developer;GitHubCopilot,2024-01-15T00:00:00Z,5,5,Low,"{""Factors"":[]}",None,Low,"[""Engineering"",""Managers""]","[""User""]",Sales,EMP-83,Employee,[],user83@creditsafe.com,[],Alex Park,,Cardiff,Corp Example Lab,GB,,,1,0,,2026-05-28T08:00:00Z,,Active,,Member,"{""ApprovedAITools"":""Copilot;InternalAssistant""}",,1,,IdentityInfo
tenant-lab-001-a000-0000-0000-000000000001,2026-05-28T06:00:00Z,user84,creditsafe.com,user84@creditsafe.com,S-1-5-21-000-84,oid-user84,tenant-lab-001-a000-0000-0000-000000000001,User 84,User,84,,,,Developer;GitHubCopilot,2024-01-15T00:00:00Z,5,5,Low,"{""Factors"":[]}",None,Low,"[""Engineering"",""Managers""]","[""User""]",Sales,EMP-84,Employee,[],user84@creditsafe.com,[],Alex Park,,Cardiff,Corp Example Lab,GB,,,1,0,,2026-05-28T08:00:00Z,,Active,,Member,"{""ApprovedAITools"":""Copilot;InternalAssistant""}",,1,,IdentityInfo
tenant-lab-001-a000-0000-0000-000000000001,2026-05-28T06:00:00Z,user85,creditsafe.com,user85@creditsafe.com,S-1-5-21-000-85,oid-user85,tenant-lab-001-a000-0000-0000-000000000001,User 85,User,85,,,,Developer;GitHubCopilot,2024-01-15T00:00:00Z,5,5,Low,"{""Factors"":[]}",None,Low,"[""Engineering"",""Managers""]","[""User""]",Sales,EMP-85,Employee,[],user85@creditsafe.com,[],Alex Park,,Cardiff,Corp Example Lab,GB,,,1,0,,2026-05-28T08:00:00Z,,Active,,Member,"{""ApprovedAITools"":""Copilot;InternalAssistant""}",,1,,IdentityInfo
tenant-lab-001-a000-0000-0000-000000000001,2026-05-28T06:00:00Z,user86,creditsafe.com,user86@creditsafe.com,S-1-5-21-000-86,oid-user86,tenant-lab-001-a000-0000-0000-000000000001,User 86,User,86,,,,Developer;GitHubCopilot,2024-01-15T00:00:00Z,5,5,Low,"{""Factors"":[]}",None,Low,"[""Engineering"",""Managers""]","[""User""]",Sales,EMP-86,Employee,[],user86@creditsafe.com,[],Alex Park,,Cardiff,Corp Example Lab,GB,,,1,0,,2026-05-28T08:00:00Z,,Active,,Member,"{""ApprovedAITools"":""Copilot;InternalAssistant""}",,1,,IdentityInfo
tenant-lab-001-a000-0000-0000-000000000001,2026-05-28T06:00:00Z,user87,creditsafe.com,user87@creditsafe.com,S-1-5-21-000-87,oid-user87,tenant-lab-001-a000-0000-0000-000000000001,User 87,User,87,,,,Developer;GitHubCopilot,2024-01-15T00:00:00Z,5,5,Low,"{""Factors"":[]}",None,Low,"[""Engineering"",""Managers""]","[""User""]",Sales,EMP-87,Employee,[],user87@creditsafe.com,[],Alex Park,,Cardiff,Corp Example Lab,GB,,,1,0,,2026-05-28T08:00:00Z,,Active,,Member,"{""ApprovedAITools"":""Copilot;InternalAssistant""}",,1,,IdentityInfo
tenant-lab-001-a000-0000-0000-000000000001,2026-05-28T06:00:00Z,user88,creditsafe.com,user88@creditsafe.com,S-1-5-21-000-88,oid-user88,tenant-lab-001-a000-0000-0000-000000000001,User 88,User,88,,,,Developer;GitHubCopilot,2024-01-15T00:00:00Z,5,5,Low,"{""Factors"":[]}",None,Low,"[""Engineering"",""Managers""]","[""User""]",Sales,EMP-88,Employee,[],user88@creditsafe.com,[],Alex Park,,Cardiff,Corp Example Lab,GB,,,1,0,,2026-05-28T08:00:00Z,,Active,,Member,"{""ApprovedAITools"":""Copilot;InternalAssistant""}",,1,,IdentityInfo
tenant-lab-001-a000-0000-0000-000000000001,2026-05-28T06:00:00Z,user89,creditsafe.com,user89@creditsafe.com,S-1-5-21-000-89,oid-user89,tenant-lab-001-a000-0000-0000-000000000001,User 89,User,89,,,,Developer;GitHubCopilot,2024-01-15T00:00:00Z,5,5,Low,"{""Factors"":[]}",None,Low,"[""Engineering"",""Managers""]","[""User""]",Sales,EMP-89,Employee,[],user89@creditsafe.com,[],Alex Park,,Cardiff,Corp Example Lab,GB,,,1,0,,2026-05-28T08:00:00Z,,Active,,Member,"{""ApprovedAITools"":""Copilot;InternalAssistant""}",,1,,IdentityInfo
tenant-lab-001-a000-0000-0000-000000000001,2026-05-28T06:00:00Z,user90,creditsafe.com,user90@creditsafe.com,S-1-5-21-000-90,oid-user90,tenant-lab-001-a000-0000-0000-000000000001,User 90,User,90,,,,Developer;GitHubCopilot,2024-01-15T00:00:00Z,5,5,Low,"{""Factors"":[]}",None,Low,"[""Engineering"",""Managers""]","[""User""]",Sales,EMP-90,Employee,[],user90@creditsafe.com,[],Alex Park,,Cardiff,Corp Example Lab,GB,,,1,0,,2026-05-28T08:00:00Z,,Active,,Member,"{""ApprovedAITools"":""Copilot;InternalAssistant""}",,1,,IdentityInfo
tenant-lab-001-a000-0000-0000-000000000001,2026-05-28T06:00:00Z,user91,creditsafe.com,user91@creditsafe.com,S-1-5-21-000-91,oid-user91,tenant-lab-001-a000-0000-0000-000000000001,User 91,User,91,,,,Developer;GitHubCopilot,2024-01-15T00:00:00Z,5,5,Low,"{""Factors"":[]}",None,Low,"[""Engineering"",""Managers""]","[""User""]",Sales,EMP-91,Employee,[],user91@creditsafe.com,[],Alex Park,,Cardiff,Corp Example Lab,GB,,,1,0,,2026-05-28T08:00:00Z,,Active,,Member,"{""ApprovedAITools"":""Copilot;InternalAssistant""}",,1,,IdentityInfo
tenant-lab-001-a000-0000-0000-000000000001,2026-05-28T06:00:00Z,user92,creditsafe.com,user92@creditsafe.com,S-1-5-21-000-92,oid-user92,tenant-lab-001-a000-0000-0000-000000000001,User 92,User,92,,,,Developer;GitHubCopilot,2024-01-15T00:00:00Z,5,5,Low,"{""Factors"":[]}",None,Low,"[""Engineering"",""Managers""]","[""User""]",Sales,EMP-92,Employee,[],user92@creditsafe.com,[],Alex Park,,Cardiff,Corp Example Lab,GB,,,1,0,,2026-05-28T08:00:00Z,,Active,,Member,"{""ApprovedAITools"":""Copilot;InternalAssistant""}",,1,,IdentityInfo
tenant-lab-001-a000-0000-0000-000000000001,2026-05-28T06:00:00Z,user93,creditsafe.com,user93@creditsafe.com,S-1-5-21-000-93,oid-user93,tenant-lab-001-a000-0000-0000-000000000001,User 93,User,93,,,,Developer;GitHubCopilot,2024-01-15T00:00:00Z,5,5,Low,"{""Factors"":[]}",None,Low,"[""Engineering"",""Managers""]","[""User""]",Sales,EMP-93,Employee,[],user93@creditsafe.com,[],Alex Park,,Cardiff,Corp Example Lab,GB,,,1,0,,2026-05-28T08:00:00Z,,Active,,Member,"{""ApprovedAITools"":""Copilot;InternalAssistant""}",,1,,IdentityInfo
tenant-lab-001-a000-0000-0000-000000000001,2026-05-28T06:00:00Z,user94,creditsafe.com,user94@creditsafe.com,S-1-5-21-000-94,oid-user94,tenant-lab-001-a000-0000-0000-000000000001,User 94,User,94,,,,Developer;GitHubCopilot,2024-01-15T00:00:00Z,5,5,Low,"{""Factors"":[]}",None,Low,"[""Engineering"",""Managers""]","[""User""]",Sales,EMP-94,Employee,[],user94@creditsafe.com,[],Alex Park,,Cardiff,Corp Example Lab,GB,,,1,0,,2026-05-28T08:00:00Z,,Active,,Member,"{""ApprovedAITools"":""Copilot;InternalAssistant""}",,1,,IdentityInfo
tenant-lab-001-a000-0000-0000-000000000001,2026-05-28T06:00:00Z,user95,creditsafe.com,user95@creditsafe.com,S-1-5-21-000-95,oid-user95,tenant-lab-001-a000-0000-0000-000000000001,User 95,User,95,,,,Developer;GitHubCopilot,2024-01-15T00:00:00Z,5,5,Low,"{""Factors"":[]}",None,Low,"[""Engineering"",""Managers""]","[""User""]",Sales,EMP-95,Employee,[],user95@creditsafe.com,[],Alex Park,,Cardiff,Corp Example Lab,GB,,,1,0,,2026-05-28T08:00:00Z,,Active,,Member,"{""ApprovedAITools"":""Copilot;InternalAssistant""}",,1,,IdentityInfo
tenant-lab-001-a000-0000-0000-000000000001,2026-05-28T06:00:00Z,user96,creditsafe.com,user96@creditsafe.com,S-1-5-21-000-96,oid-user96,tenant-lab-001-a000-0000-0000-000000000001,User 96,User,96,,,,Developer;GitHubCopilot,2024-01-15T00:00:00Z,5,5,Low,"{""Factors"":[]}",None,Low,"[""Engineering"",""Managers""]","[""User""]",Sales,EMP-96,Employee,[],user96@creditsafe.com,[],Alex Park,,Cardiff,Corp Example Lab,GB,,,1,0,,2026-05-28T08:00:00Z,,Active,,Member,"{""ApprovedAITools"":""Copilot;InternalAssistant""}",,1,,IdentityInfo
tenant-lab-001-a000-0000-0000-000000000001,2026-05-28T06:00:00Z,user97,creditsafe.com,user97@creditsafe.com,S-1-5-21-000-97,oid-user97,tenant-lab-001-a000-0000-0000-000000000001,User 97,User,97,,,,Developer;GitHubCopilot,2024-01-15T00:00:00Z,5,5,Low,"{""Factors"":[]}",None,Low,"[""Engineering"",""Managers""]","[""User""]",Sales,EMP-97,Employee,[],user97@creditsafe.com,[],Alex Park,,Cardiff,Corp Example Lab,GB,,,1,0,,2026-05-28T08:00:00Z,,Active,,Member,"{""ApprovedAITools"":""Copilot;InternalAssistant""}",,1,,IdentityInfo
tenant-lab-001-a000-0000-0000-000000000001,2026-05-28T06:00:00Z,user98,creditsafe.com,user98@creditsafe.com,S-1-5-21-000-98,oid-user98,tenant-lab-001-a000-0000-0000-000000000001,User 98,User,98,,,,Developer;GitHubCopilot,2024-01-15T00:00:00Z,5,5,Low,"{""Factors"":[]}",None,Low,"[""Engineering"",""Managers""]","[""User""]",Sales,EMP-98,Employee,[],user98@creditsafe.com,[],Alex Park,,Cardiff,Corp Example Lab,GB,,,1,0,,2026-05-28T08:00:00Z,,Active,,Member,"{""ApprovedAITools"":""Copilot;InternalAssistant""}",,1,,IdentityInfo
tenant-lab-001-a000-0000-0000-000000000001,2026-05-28T06:00:00Z,user99,creditsafe.com,user99@creditsafe.com,S-1-5-21-000-99,oid-user99,tenant-lab-001-a000-0000-0000-000000000001,User 99,User,99,,,,Developer;GitHubCopilot,2024-01-15T00:00:00Z,5,5,Low,"{""Factors"":[]}",None,Low,"[""Engineering"",""Managers""]","[""User""]",Sales,EMP-99,Employee,[],user99@creditsafe.com,[],Alex Park,,Cardiff,Corp Example Lab,GB,,,1,0,,2026-05-28T08:00:00Z,,Active,,Member,"{""ApprovedAITools"":""Copilot;InternalAssistant""}",,1,,IdentityInfo
