TenantId,TimeGenerated,DisplayName,AlertName,AlertSeverity,Description,ProviderName,VendorName,VendorOriginalId,SystemAlertId,ResourceId,SourceComputerId,AlertType,ConfidenceLevel,ConfidenceScore,IsIncident,StartTime,EndTime,ProcessingEndTime,RemediationSteps,ExtendedProperties,Entities,SourceSystem,WorkspaceSubscriptionId,WorkspaceResourceGroup,ExtendedLinks,ProductName,ProductComponentName,AlertLink,Status,CompromisedEntity,Tactics,Techniques,SubTechniques,Type
tenant-lab-001-a000-0000-0000-000000000001,2026-05-28T09:14:22Z,Suspicious PowerShell execution chain,Suspicious PowerShell execution chain,High,Encoded PowerShell spawned from a Node package manager child process on a developer workstation.,MDATP,Microsoft,defender-88001,sa-7f2a-9c1b-4e8d-a6f3-001,,dev-01982-a1b2-c3d4-e5f6-7890abcd0198,WindowsDefenderAv,High,82,1,2026-05-28T09:12:08Z,2026-05-28T09:15:40Z,2026-05-28T09:15:40Z,Isolate device; collect process and script artifacts; review recent package installs.,"{""IncidentId"":""inc-20260528-0042"",""DetectionId"":""T1059.001"",""ScriptBlockLogging"":""partial""}","[{""Type"":""account"",""Name"":""jordan.velez@creditsafe.com""},{""Type"":""host"",""Name"":""CS-DEV-01982""}]",Detection,,,,Microsoft Defender XDR,Endpoint,https://security.microsoft.com/alerts/sa-7f2a-9c1b-4e8d-a6f3-001,New,CS-DEV-01982,Execution,T1059.001,T1059.001.001,SecurityAlert
tenant-lab-001-a000-0000-0000-000000000001,2026-05-28T09:18:05Z,Outbound connection to low-reputation host,Outbound connection to low-reputation host,Medium,Process initiated HTTPS connection to a recently registered domain used by third-party package mirrors.,MDATP,Microsoft,defender-88002,sa-7f2a-9c1b-4e8d-a6f3-002,,dev-01982-a1b2-c3d4-e5f6-7890abcd0198,WindowsDefenderAv,Medium,68,0,2026-05-28T09:16:44Z,2026-05-28T09:19:12Z,2026-05-28T09:19:12Z,Validate package source; block domain if unapproved; inspect staging directory.,"{""RemoteUrl"":""https://update-cdn-lab.example/sync/v1/channel"",""RemoteIP"":""203.0.113.47"",""ConnectionResult"":""Success""}","[{""Type"":""host"",""Name"":""CS-DEV-01982""},{""Type"":""ip"",""Address"":""203.0.113.47""}]",Detection,,,,Microsoft Defender XDR,Endpoint,https://security.microsoft.com/alerts/sa-7f2a-9c1b-4e8d-a6f3-002,InProgress,CS-DEV-01982,Command and Control,T1071.001,,SecurityAlert
tenant-lab-001-a000-0000-0000-000000000001,2026-05-28T09:13:01Z,Suspicious child process from script interpreter,Suspicious child process from script interpreter,Medium,cmd.exe launched powershell.exe with execution policy bypass following npm lifecycle script.,MDATP,Microsoft,defender-88003,sa-7f2a-9c1b-4e8d-a6f3-003,,dev-01982-a1b2-c3d4-e5f6-7890abcd0198,WindowsDefenderAv,Medium,74,0,2026-05-28T09:12:45Z,2026-05-28T09:14:00Z,2026-05-28T09:14:00Z,Review npm package integrity; compare package hash to known-good registry.,"{""ParentProcess"":""node.exe"",""ChildProcess"":""powershell.exe""}","[{""Type"":""file"",""Name"":""postinstall.js""},{""Type"":""account"",""Name"":""jordan.velez@creditsafe.com""}]",Detection,,,,Microsoft Defender XDR,Endpoint,https://security.microsoft.com/alerts/sa-7f2a-9c1b-4e8d-a6f3-003,New,CS-DEV-01982,Execution,T1059.003,T1059.001,SecurityAlert
tenant-lab-001-a000-0000-0000-000000000001,2026-05-28T10:02:33Z,Unusual volume of SharePoint file downloads,Unusual volume of SharePoint file downloads,Medium,User downloaded multiple files from a project site within a short interval including labeled content.,MDATP,Microsoft,defender-88004,sa-7f2a-9c1b-4e8d-a6f3-004,,dev-01982-a1b2-c3d4-e5f6-7890abcd0198,MCAS,Medium,55,0,2026-05-28T09:55:00Z,2026-05-28T10:05:00Z,2026-05-28T10:05:00Z,Verify business justification; confirm sensitivity label handling; assess DLP outcomes.,"{""SiteUrl"":""https://corpexample.sharepoint.com/sites/DataPlatform"",""DownloadCount"":4}","[{""Type"":""account"",""Name"":""jordan.velez@creditsafe.com""}]",Detection,,,,Microsoft Defender XDR,Endpoint,https://security.microsoft.com/alerts/sa-7f2a-9c1b-4e8d-a6f3-004,New,jordan.velez@creditsafe.com,Collection,T1530,,SecurityAlert
tenant-lab-001-a000-0000-0000-000000000001,2026-05-28T09:11:48Z,Anomalous postinstall script during package install,Anomalous postinstall script during package install,High,Package manager executed lifecycle script invoking shell interpreter not typical for this project profile.,MDATP,Microsoft,defender-88005,sa-7f2a-9c1b-4e8d-a6f3-005,,dev-01982-a1b2-c3d4-e5f6-7890abcd0198,WindowsDefenderAv,High,79,0,2026-05-28T09:10:30Z,2026-05-28T09:12:30Z,2026-05-28T09:12:30Z,Quarantine package cache; rebuild node_modules from lockfile; scan staging folder.,"{""PackageName"":""@labdev/telemetry-helper"",""PackageVersion"":""2.1.4"",""Registry"":""pkg-cache-lab.invalid""}","[{""Type"":""file"",""Sha256"":""a7f3c91e2b8d4f6a0c1e5d9b3a7f2c8e1d4b6a9f0c3e7d2b5a8f1c4e9d6b3a7f2""}]",Detection,,,,Microsoft Defender XDR,Endpoint,https://security.microsoft.com/alerts/sa-7f2a-9c1b-4e8d-a6f3-005,New,CS-DEV-01982,Initial Access,T1195.002,,SecurityAlert
tenant-lab-001-a000-0000-0000-000000000001,2026-05-28T08:42:10Z,Email reported with embedded link to external SaaS trial,Email reported with embedded link to external SaaS trial,Low,User reported message promoting third-party AI development assistant trial with external registration URL.,MDATP,Microsoft,defender-88006,sa-7f2a-9c1b-4e8d-a6f3-006,,dev-01982-a1b2-c3d4-e5f6-7890abcd0198,OfficeATP,Low,42,0,2026-05-28T08:35:00Z,2026-05-28T08:45:00Z,2026-05-28T08:45:00Z,Review message headers and URL reputation; user awareness if benign marketing.,"{""NetworkMessageId"":""nm-ext-ai-trial-7c4a9b2e-001"",""UrlCount"":3}","[{""Type"":""mailbox"",""Name"":""jordan.velez@creditsafe.com""},{""Type"":""mailMessage"",""NetworkMessageId"":""nm-ext-ai-trial-7c4a9b2e-001""}]",Detection,,,,Microsoft Defender XDR,Endpoint,https://security.microsoft.com/alerts/sa-7f2a-9c1b-4e8d-a6f3-006,Resolved,jordan.velez@creditsafe.com,Initial Access,T1566,T1566.002,SecurityAlert
tenant-lab-001-a000-0000-0000-000000000001,2026-05-28T10:04:18Z,Multiple downloads of customer analytics content,Multiple downloads of customer analytics content,Medium,Several files with Customer Data sensitivity label accessed from developer endpoint session.,MDATP,Microsoft,defender-88007,sa-7f2a-9c1b-4e8d-a6f3-007,,dev-01982-a1b2-c3d4-e5f6-7890abcd0198,MCAS,Medium,61,0,2026-05-28T09:58:00Z,2026-05-28T10:08:00Z,2026-05-28T10:08:00Z,Coordinate with data owner; evaluate breach reporting threshold per data handling policy.,"{""Labels"":[""Customer Data"",""Internal""],""PolicyNote"":""Approved project membership not verified in alert""}","[{""Type"":""account"",""Name"":""jordan.velez@creditsafe.com""}]",Detection,,,,Microsoft Defender XDR,Endpoint,https://security.microsoft.com/alerts/sa-7f2a-9c1b-4e8d-a6f3-007,InProgress,jordan.velez@creditsafe.com,Exfiltration,T1048,,SecurityAlert
tenant-lab-001-a000-0000-0000-000000000001,2026-05-28T07:58:44Z,Sign-in from unfamiliar geographic region,Sign-in from unfamiliar geographic region,Low,Interactive sign-in observed from IP geolocated outside user's typical pattern.,MDATP,Microsoft,defender-88008,sa-7f2a-9c1b-4e8d-a6f3-008,,dev-01982-a1b2-c3d4-e5f6-7890abcd0198,AADIdentityProtection,Low,48,0,2026-05-28T07:55:00Z,2026-05-28T08:00:00Z,2026-05-28T08:00:00Z,Validate sign-in with user; review MFA and CA outcomes.,"{""SessionId"":""sess-jv-0701-aa11"",""Explainable"":""Corporate VPN egress documented in Status field""}","[{""Type"":""account"",""Name"":""jordan.velez@creditsafe.com""}]",Detection,,,,Microsoft Defender XDR,Endpoint,https://security.microsoft.com/alerts/sa-7f2a-9c1b-4e8d-a6f3-008,Resolved,jordan.velez@creditsafe.com,Initial Access,T1078,T1078.004,SecurityAlert
tenant-lab-001-a000-0000-0000-000000000001,2026-05-28T09:30:00Z,Impossible travel activity,Impossible travel activity,Medium,Sign-in from geographically distant locations within a short time.,MDATP,Microsoft,defender-rh-002,sa-rh-cato-travel,,dev-01982-a1b2-c3d4-e5f6-7890abcd0198,AADIdentityProtection,Medium,60,0,2026-05-28T09:25:00Z,2026-05-28T09:25:00Z,2026-05-28T09:25:00Z,Confirm user location.,"{""PreviousLocation"":""Cardiff, GB"",""CurrentLocation"":""Dublin, IE""}","[{""Type"":""account"",""Name"":""cato.syversen@creditsafe.com""}]",Detection,,,,Microsoft Defender XDR,Endpoint,https://security.microsoft.com/alerts/sa-rh-cato-travel,Resolved,cato.syversen@creditsafe.com,Initial Access,T1078,,SecurityAlert
tenant-lab-001-a000-0000-0000-000000000001,2026-05-28T08:05:12Z,Software update activity for supported IDE,Software update activity for supported IDE,Informational,Signed update binary contacted vendor CDN for version manifest.,MDATP,Microsoft,defender-88009,sa-benign-vscode-009,,dev-01982-a1b2-c3d4-e5f6-7890abcd0198,WindowsDefenderAv,Informational,12,0,2026-05-28T08:03:00Z,2026-05-28T08:06:00Z,2026-05-28T08:06:00Z,No action required.,"{""Product"":""Code"",""Channel"":""stable""}","[{""Type"":""host"",""Name"":""CS-DEV-01982""}]",Detection,,,,Microsoft Defender XDR,Endpoint,https://security.microsoft.com/alerts/sa-benign-vscode-009,Resolved,CS-DEV-01982,,,,SecurityAlert
tenant-lab-001-a000-0000-0000-000000000001,2026-05-28T09:25:00Z,npm registry cache refresh on peer developer host,npm registry cache refresh on peer developer host,Informational,Routine package metadata fetch on separate device in Engineering machine group.,MDATP,Microsoft,defender-88010,sa-benign-npm-peer-010,,dev-01982-a1b2-c3d4-e5f6-7890abcd0198,WindowsDefenderAv,Informational,15,0,2026-05-28T09:22:00Z,2026-05-28T09:26:00Z,2026-05-28T09:26:00Z,No action required.,"{""DeviceName"":""CS-DEV-01407""}","[{""Type"":""host"",""Name"":""CS-DEV-01407""}]",Detection,,,,Microsoft Defender XDR,Endpoint,https://security.microsoft.com/alerts/sa-benign-npm-peer-010,Resolved,CS-DEV-01407,,,,SecurityAlert
tenant-lab-001-a000-0000-0000-000000000001,2026-05-28T08:48:30Z,Git credential manager authentication,Git credential manager authentication,Informational,Expected developer workflow invoking git-credential-manager-core for Azure DevOps.,MDATP,Microsoft,defender-88011,sa-benign-git-011,,dev-01982-a1b2-c3d4-e5f6-7890abcd0198,WindowsDefenderAv,Informational,18,0,2026-05-28T08:47:00Z,2026-05-28T08:49:00Z,2026-05-28T08:49:00Z,No action required.,"{""Remote"":""dev.azure.com/corp-example""}","[{""Type"":""account"",""Name"":""jordan.velez@creditsafe.com""}]",Detection,,,,Microsoft Defender XDR,Endpoint,https://security.microsoft.com/alerts/sa-benign-git-011,Resolved,jordan.velez@creditsafe.com,,,,SecurityAlert
tenant-lab-001-a000-0000-0000-000000000001,2026-05-28T06:12:00Z,Failed sign-in for disabled former contractor account,Failed sign-in for disabled former contractor account,Low,Sign-in failure for account marked disabled in Entra ID.,MDATP,Microsoft,defender-88012,sa-false-leaver-012,,dev-01982-a1b2-c3d4-e5f6-7890abcd0198,AADIdentityProtection,Low,35,0,2026-05-28T06:10:00Z,2026-05-28T06:15:00Z,2026-05-28T06:15:00Z,Monitor for password spray; no linkage to active incident.,"{""UserPrincipalName"":""t.oconnor.contractor@creditsafe.com""}","[{""Type"":""account"",""Name"":""t.oconnor.contractor@creditsafe.com""}]",Detection,,,,Microsoft Defender XDR,Endpoint,https://security.microsoft.com/alerts/sa-false-leaver-012,Resolved,t.oconnor.contractor@creditsafe.com,Credential Access,T1110,,SecurityAlert
tenant-lab-001-a000-0000-0000-000000000001,2026-05-28T08:22:00Z,dotnet restore from nuget.org,dotnet restore from nuget.org,Informational,Package restore for internal API solution using standard NuGet feed.,MDATP,Microsoft,defender-88013,sa-benign-dotnet-013,,dev-01982-a1b2-c3d4-e5f6-7890abcd0198,WindowsDefenderAv,Informational,10,0,2026-05-28T08:20:00Z,2026-05-28T08:24:00Z,2026-05-28T08:24:00Z,No action required.,"{""Solution"":""Platform.Api.sln""}","[{""Type"":""host"",""Name"":""CS-DEV-01982""}]",Detection,,,,Microsoft Defender XDR,Endpoint,https://security.microsoft.com/alerts/sa-benign-dotnet-013,Resolved,CS-DEV-01982,,,,SecurityAlert
tenant-lab-001-a000-0000-0000-000000000001,2026-05-28T11:00:00Z,Routine background scan 0,Routine background scan 0,Informational,Scheduled Windows Defender background scan completed.,MDATP,Microsoft,defender-890000,sa-benign-scan-0,,dev-01982-a1b2-c3d4-e5f6-7890abcd0198,WindowsDefenderAv,Informational,5,0,2026-05-28T11:00:00Z,2026-05-28T11:00:00Z,2026-05-28T11:00:00Z,No action required.,"{""ScanType"":""Quick""}","[{""Type"":""host"",""Name"":""CS-DEV-01982""}]",Detection,,,,Microsoft Defender XDR,Endpoint,https://security.microsoft.com/alerts/sa-benign-scan-0,Resolved,CS-DEV-01982,,,,SecurityAlert
tenant-lab-001-a000-0000-0000-000000000001,2026-05-28T11:01:01Z,Routine background scan 1,Routine background scan 1,Informational,Scheduled Windows Defender background scan completed.,MDATP,Microsoft,defender-890001,sa-benign-scan-1,,dev-01982-a1b2-c3d4-e5f6-7890abcd0198,WindowsDefenderAv,Informational,5,0,2026-05-28T11:01:00Z,2026-05-28T11:01:00Z,2026-05-28T11:01:00Z,No action required.,"{""ScanType"":""Quick""}","[{""Type"":""host"",""Name"":""CS-DEV-01982""}]",Detection,,,,Microsoft Defender XDR,Endpoint,https://security.microsoft.com/alerts/sa-benign-scan-1,Resolved,CS-DEV-01982,,,,SecurityAlert
tenant-lab-001-a000-0000-0000-000000000001,2026-05-28T11:02:02Z,Routine background scan 2,Routine background scan 2,Informational,Scheduled Windows Defender background scan completed.,MDATP,Microsoft,defender-890002,sa-benign-scan-2,,dev-01982-a1b2-c3d4-e5f6-7890abcd0198,WindowsDefenderAv,Informational,5,0,2026-05-28T11:02:00Z,2026-05-28T11:02:00Z,2026-05-28T11:02:00Z,No action required.,"{""ScanType"":""Quick""}","[{""Type"":""host"",""Name"":""CS-DEV-01982""}]",Detection,,,,Microsoft Defender XDR,Endpoint,https://security.microsoft.com/alerts/sa-benign-scan-2,Resolved,CS-DEV-01982,,,,SecurityAlert
tenant-lab-001-a000-0000-0000-000000000001,2026-05-28T11:03:03Z,Routine background scan 3,Routine background scan 3,Informational,Scheduled Windows Defender background scan completed.,MDATP,Microsoft,defender-890003,sa-benign-scan-3,,dev-01982-a1b2-c3d4-e5f6-7890abcd0198,WindowsDefenderAv,Informational,5,0,2026-05-28T11:03:00Z,2026-05-28T11:03:00Z,2026-05-28T11:03:00Z,No action required.,"{""ScanType"":""Quick""}","[{""Type"":""host"",""Name"":""CS-DEV-01982""}]",Detection,,,,Microsoft Defender XDR,Endpoint,https://security.microsoft.com/alerts/sa-benign-scan-3,Resolved,CS-DEV-01982,,,,SecurityAlert
tenant-lab-001-a000-0000-0000-000000000001,2026-05-28T11:04:04Z,Routine background scan 4,Routine background scan 4,Informational,Scheduled Windows Defender background scan completed.,MDATP,Microsoft,defender-890004,sa-benign-scan-4,,dev-01982-a1b2-c3d4-e5f6-7890abcd0198,WindowsDefenderAv,Informational,5,0,2026-05-28T11:04:00Z,2026-05-28T11:04:00Z,2026-05-28T11:04:00Z,No action required.,"{""ScanType"":""Quick""}","[{""Type"":""host"",""Name"":""CS-DEV-01982""}]",Detection,,,,Microsoft Defender XDR,Endpoint,https://security.microsoft.com/alerts/sa-benign-scan-4,Resolved,CS-DEV-01982,,,,SecurityAlert
tenant-lab-001-a000-0000-0000-000000000001,2026-05-28T11:05:05Z,Routine background scan 5,Routine background scan 5,Informational,Scheduled Windows Defender background scan completed.,MDATP,Microsoft,defender-890005,sa-benign-scan-5,,dev-01982-a1b2-c3d4-e5f6-7890abcd0198,WindowsDefenderAv,Informational,5,0,2026-05-28T11:05:00Z,2026-05-28T11:05:00Z,2026-05-28T11:05:00Z,No action required.,"{""ScanType"":""Quick""}","[{""Type"":""host"",""Name"":""CS-DEV-01982""}]",Detection,,,,Microsoft Defender XDR,Endpoint,https://security.microsoft.com/alerts/sa-benign-scan-5,Resolved,CS-DEV-01982,,,,SecurityAlert
tenant-lab-001-a000-0000-0000-000000000001,2026-05-28T11:06:06Z,Routine background scan 6,Routine background scan 6,Informational,Scheduled Windows Defender background scan completed.,MDATP,Microsoft,defender-890006,sa-benign-scan-6,,dev-01982-a1b2-c3d4-e5f6-7890abcd0198,WindowsDefenderAv,Informational,5,0,2026-05-28T11:06:00Z,2026-05-28T11:06:00Z,2026-05-28T11:06:00Z,No action required.,"{""ScanType"":""Quick""}","[{""Type"":""host"",""Name"":""CS-DEV-01982""}]",Detection,,,,Microsoft Defender XDR,Endpoint,https://security.microsoft.com/alerts/sa-benign-scan-6,Resolved,CS-DEV-01982,,,,SecurityAlert
tenant-lab-001-a000-0000-0000-000000000001,2026-05-28T11:07:07Z,Routine background scan 7,Routine background scan 7,Informational,Scheduled Windows Defender background scan completed.,MDATP,Microsoft,defender-890007,sa-benign-scan-7,,dev-01982-a1b2-c3d4-e5f6-7890abcd0198,WindowsDefenderAv,Informational,5,0,2026-05-28T11:07:00Z,2026-05-28T11:07:00Z,2026-05-28T11:07:00Z,No action required.,"{""ScanType"":""Quick""}","[{""Type"":""host"",""Name"":""CS-DEV-01982""}]",Detection,,,,Microsoft Defender XDR,Endpoint,https://security.microsoft.com/alerts/sa-benign-scan-7,Resolved,CS-DEV-01982,,,,SecurityAlert
tenant-lab-001-a000-0000-0000-000000000001,2026-05-28T11:08:08Z,Routine background scan 8,Routine background scan 8,Informational,Scheduled Windows Defender background scan completed.,MDATP,Microsoft,defender-890008,sa-benign-scan-8,,dev-01982-a1b2-c3d4-e5f6-7890abcd0198,WindowsDefenderAv,Informational,5,0,2026-05-28T11:08:00Z,2026-05-28T11:08:00Z,2026-05-28T11:08:00Z,No action required.,"{""ScanType"":""Quick""}","[{""Type"":""host"",""Name"":""CS-DEV-01982""}]",Detection,,,,Microsoft Defender XDR,Endpoint,https://security.microsoft.com/alerts/sa-benign-scan-8,Resolved,CS-DEV-01982,,,,SecurityAlert
tenant-lab-001-a000-0000-0000-000000000001,2026-05-28T11:09:09Z,Routine background scan 9,Routine background scan 9,Informational,Scheduled Windows Defender background scan completed.,MDATP,Microsoft,defender-890009,sa-benign-scan-9,,dev-01982-a1b2-c3d4-e5f6-7890abcd0198,WindowsDefenderAv,Informational,5,0,2026-05-28T11:09:00Z,2026-05-28T11:09:00Z,2026-05-28T11:09:00Z,No action required.,"{""ScanType"":""Quick""}","[{""Type"":""host"",""Name"":""CS-DEV-01982""}]",Detection,,,,Microsoft Defender XDR,Endpoint,https://security.microsoft.com/alerts/sa-benign-scan-9,Resolved,CS-DEV-01982,,,,SecurityAlert
tenant-lab-001-a000-0000-0000-000000000001,2026-05-28T11:10:10Z,Routine background scan 10,Routine background scan 10,Informational,Scheduled Windows Defender background scan completed.,MDATP,Microsoft,defender-890010,sa-benign-scan-10,,dev-01982-a1b2-c3d4-e5f6-7890abcd0198,WindowsDefenderAv,Informational,5,0,2026-05-28T11:10:00Z,2026-05-28T11:10:00Z,2026-05-28T11:10:00Z,No action required.,"{""ScanType"":""Quick""}","[{""Type"":""host"",""Name"":""CS-DEV-01982""}]",Detection,,,,Microsoft Defender XDR,Endpoint,https://security.microsoft.com/alerts/sa-benign-scan-10,Resolved,CS-DEV-01982,,,,SecurityAlert
tenant-lab-001-a000-0000-0000-000000000001,2026-05-28T11:11:11Z,Routine background scan 11,Routine background scan 11,Informational,Scheduled Windows Defender background scan completed.,MDATP,Microsoft,defender-890011,sa-benign-scan-11,,dev-01982-a1b2-c3d4-e5f6-7890abcd0198,WindowsDefenderAv,Informational,5,0,2026-05-28T11:11:00Z,2026-05-28T11:11:00Z,2026-05-28T11:11:00Z,No action required.,"{""ScanType"":""Quick""}","[{""Type"":""host"",""Name"":""CS-DEV-01982""}]",Detection,,,,Microsoft Defender XDR,Endpoint,https://security.microsoft.com/alerts/sa-benign-scan-11,Resolved,CS-DEV-01982,,,,SecurityAlert
tenant-lab-001-a000-0000-0000-000000000001,2026-05-28T11:12:12Z,Routine background scan 12,Routine background scan 12,Informational,Scheduled Windows Defender background scan completed.,MDATP,Microsoft,defender-890012,sa-benign-scan-12,,dev-01982-a1b2-c3d4-e5f6-7890abcd0198,WindowsDefenderAv,Informational,5,0,2026-05-28T11:12:00Z,2026-05-28T11:12:00Z,2026-05-28T11:12:00Z,No action required.,"{""ScanType"":""Quick""}","[{""Type"":""host"",""Name"":""CS-DEV-01982""}]",Detection,,,,Microsoft Defender XDR,Endpoint,https://security.microsoft.com/alerts/sa-benign-scan-12,Resolved,CS-DEV-01982,,,,SecurityAlert
tenant-lab-001-a000-0000-0000-000000000001,2026-05-28T11:13:13Z,Routine background scan 13,Routine background scan 13,Informational,Scheduled Windows Defender background scan completed.,MDATP,Microsoft,defender-890013,sa-benign-scan-13,,dev-01982-a1b2-c3d4-e5f6-7890abcd0198,WindowsDefenderAv,Informational,5,0,2026-05-28T11:13:00Z,2026-05-28T11:13:00Z,2026-05-28T11:13:00Z,No action required.,"{""ScanType"":""Quick""}","[{""Type"":""host"",""Name"":""CS-DEV-01982""}]",Detection,,,,Microsoft Defender XDR,Endpoint,https://security.microsoft.com/alerts/sa-benign-scan-13,Resolved,CS-DEV-01982,,,,SecurityAlert
tenant-lab-001-a000-0000-0000-000000000001,2026-05-28T11:14:14Z,Routine background scan 14,Routine background scan 14,Informational,Scheduled Windows Defender background scan completed.,MDATP,Microsoft,defender-890014,sa-benign-scan-14,,dev-01982-a1b2-c3d4-e5f6-7890abcd0198,WindowsDefenderAv,Informational,5,0,2026-05-28T11:14:00Z,2026-05-28T11:14:00Z,2026-05-28T11:14:00Z,No action required.,"{""ScanType"":""Quick""}","[{""Type"":""host"",""Name"":""CS-DEV-01982""}]",Detection,,,,Microsoft Defender XDR,Endpoint,https://security.microsoft.com/alerts/sa-benign-scan-14,Resolved,CS-DEV-01982,,,,SecurityAlert
tenant-lab-001-a000-0000-0000-000000000001,2026-05-28T11:15:15Z,Routine background scan 15,Routine background scan 15,Informational,Scheduled Windows Defender background scan completed.,MDATP,Microsoft,defender-890015,sa-benign-scan-15,,dev-01982-a1b2-c3d4-e5f6-7890abcd0198,WindowsDefenderAv,Informational,5,0,2026-05-28T11:15:00Z,2026-05-28T11:15:00Z,2026-05-28T11:15:00Z,No action required.,"{""ScanType"":""Quick""}","[{""Type"":""host"",""Name"":""CS-DEV-01982""}]",Detection,,,,Microsoft Defender XDR,Endpoint,https://security.microsoft.com/alerts/sa-benign-scan-15,Resolved,CS-DEV-01982,,,,SecurityAlert
tenant-lab-001-a000-0000-0000-000000000001,2026-05-28T11:16:16Z,Routine background scan 16,Routine background scan 16,Informational,Scheduled Windows Defender background scan completed.,MDATP,Microsoft,defender-890016,sa-benign-scan-16,,dev-01982-a1b2-c3d4-e5f6-7890abcd0198,WindowsDefenderAv,Informational,5,0,2026-05-28T11:16:00Z,2026-05-28T11:16:00Z,2026-05-28T11:16:00Z,No action required.,"{""ScanType"":""Quick""}","[{""Type"":""host"",""Name"":""CS-DEV-01982""}]",Detection,,,,Microsoft Defender XDR,Endpoint,https://security.microsoft.com/alerts/sa-benign-scan-16,Resolved,CS-DEV-01982,,,,SecurityAlert
tenant-lab-001-a000-0000-0000-000000000001,2026-05-28T11:17:17Z,Routine background scan 17,Routine background scan 17,Informational,Scheduled Windows Defender background scan completed.,MDATP,Microsoft,defender-890017,sa-benign-scan-17,,dev-01982-a1b2-c3d4-e5f6-7890abcd0198,WindowsDefenderAv,Informational,5,0,2026-05-28T11:17:00Z,2026-05-28T11:17:00Z,2026-05-28T11:17:00Z,No action required.,"{""ScanType"":""Quick""}","[{""Type"":""host"",""Name"":""CS-DEV-01982""}]",Detection,,,,Microsoft Defender XDR,Endpoint,https://security.microsoft.com/alerts/sa-benign-scan-17,Resolved,CS-DEV-01982,,,,SecurityAlert
tenant-lab-001-a000-0000-0000-000000000001,2026-05-28T11:18:18Z,Routine background scan 18,Routine background scan 18,Informational,Scheduled Windows Defender background scan completed.,MDATP,Microsoft,defender-890018,sa-benign-scan-18,,dev-01982-a1b2-c3d4-e5f6-7890abcd0198,WindowsDefenderAv,Informational,5,0,2026-05-28T11:18:00Z,2026-05-28T11:18:00Z,2026-05-28T11:18:00Z,No action required.,"{""ScanType"":""Quick""}","[{""Type"":""host"",""Name"":""CS-DEV-01982""}]",Detection,,,,Microsoft Defender XDR,Endpoint,https://security.microsoft.com/alerts/sa-benign-scan-18,Resolved,CS-DEV-01982,,,,SecurityAlert
tenant-lab-001-a000-0000-0000-000000000001,2026-05-28T11:19:19Z,Routine background scan 19,Routine background scan 19,Informational,Scheduled Windows Defender background scan completed.,MDATP,Microsoft,defender-890019,sa-benign-scan-19,,dev-01982-a1b2-c3d4-e5f6-7890abcd0198,WindowsDefenderAv,Informational,5,0,2026-05-28T11:19:00Z,2026-05-28T11:19:00Z,2026-05-28T11:19:00Z,No action required.,"{""ScanType"":""Quick""}","[{""Type"":""host"",""Name"":""CS-DEV-01982""}]",Detection,,,,Microsoft Defender XDR,Endpoint,https://security.microsoft.com/alerts/sa-benign-scan-19,Resolved,CS-DEV-01982,,,,SecurityAlert
tenant-lab-001-a000-0000-0000-000000000001,2026-05-28T11:20:20Z,Routine background scan 20,Routine background scan 20,Informational,Scheduled Windows Defender background scan completed.,MDATP,Microsoft,defender-890020,sa-benign-scan-20,,dev-01982-a1b2-c3d4-e5f6-7890abcd0198,WindowsDefenderAv,Informational,5,0,2026-05-28T11:20:00Z,2026-05-28T11:20:00Z,2026-05-28T11:20:00Z,No action required.,"{""ScanType"":""Quick""}","[{""Type"":""host"",""Name"":""CS-DEV-01982""}]",Detection,,,,Microsoft Defender XDR,Endpoint,https://security.microsoft.com/alerts/sa-benign-scan-20,Resolved,CS-DEV-01982,,,,SecurityAlert
tenant-lab-001-a000-0000-0000-000000000001,2026-05-28T11:21:21Z,Routine background scan 21,Routine background scan 21,Informational,Scheduled Windows Defender background scan completed.,MDATP,Microsoft,defender-890021,sa-benign-scan-21,,dev-01982-a1b2-c3d4-e5f6-7890abcd0198,WindowsDefenderAv,Informational,5,0,2026-05-28T11:21:00Z,2026-05-28T11:21:00Z,2026-05-28T11:21:00Z,No action required.,"{""ScanType"":""Quick""}","[{""Type"":""host"",""Name"":""CS-DEV-01982""}]",Detection,,,,Microsoft Defender XDR,Endpoint,https://security.microsoft.com/alerts/sa-benign-scan-21,Resolved,CS-DEV-01982,,,,SecurityAlert
tenant-lab-001-a000-0000-0000-000000000001,2026-05-28T11:22:22Z,Routine background scan 22,Routine background scan 22,Informational,Scheduled Windows Defender background scan completed.,MDATP,Microsoft,defender-890022,sa-benign-scan-22,,dev-01982-a1b2-c3d4-e5f6-7890abcd0198,WindowsDefenderAv,Informational,5,0,2026-05-28T11:22:00Z,2026-05-28T11:22:00Z,2026-05-28T11:22:00Z,No action required.,"{""ScanType"":""Quick""}","[{""Type"":""host"",""Name"":""CS-DEV-01982""}]",Detection,,,,Microsoft Defender XDR,Endpoint,https://security.microsoft.com/alerts/sa-benign-scan-22,Resolved,CS-DEV-01982,,,,SecurityAlert
tenant-lab-001-a000-0000-0000-000000000001,2026-05-28T11:23:23Z,Routine background scan 23,Routine background scan 23,Informational,Scheduled Windows Defender background scan completed.,MDATP,Microsoft,defender-890023,sa-benign-scan-23,,dev-01982-a1b2-c3d4-e5f6-7890abcd0198,WindowsDefenderAv,Informational,5,0,2026-05-28T11:23:00Z,2026-05-28T11:23:00Z,2026-05-28T11:23:00Z,No action required.,"{""ScanType"":""Quick""}","[{""Type"":""host"",""Name"":""CS-DEV-01982""}]",Detection,,,,Microsoft Defender XDR,Endpoint,https://security.microsoft.com/alerts/sa-benign-scan-23,Resolved,CS-DEV-01982,,,,SecurityAlert
tenant-lab-001-a000-0000-0000-000000000001,2026-05-28T11:24:24Z,Routine background scan 24,Routine background scan 24,Informational,Scheduled Windows Defender background scan completed.,MDATP,Microsoft,defender-890024,sa-benign-scan-24,,dev-01982-a1b2-c3d4-e5f6-7890abcd0198,WindowsDefenderAv,Informational,5,0,2026-05-28T11:24:00Z,2026-05-28T11:24:00Z,2026-05-28T11:24:00Z,No action required.,"{""ScanType"":""Quick""}","[{""Type"":""host"",""Name"":""CS-DEV-01982""}]",Detection,,,,Microsoft Defender XDR,Endpoint,https://security.microsoft.com/alerts/sa-benign-scan-24,Resolved,CS-DEV-01982,,,,SecurityAlert
tenant-lab-001-a000-0000-0000-000000000001,2026-05-28T11:25:25Z,Routine background scan 25,Routine background scan 25,Informational,Scheduled Windows Defender background scan completed.,MDATP,Microsoft,defender-890025,sa-benign-scan-25,,dev-01982-a1b2-c3d4-e5f6-7890abcd0198,WindowsDefenderAv,Informational,5,0,2026-05-28T11:25:00Z,2026-05-28T11:25:00Z,2026-05-28T11:25:00Z,No action required.,"{""ScanType"":""Quick""}","[{""Type"":""host"",""Name"":""CS-DEV-01982""}]",Detection,,,,Microsoft Defender XDR,Endpoint,https://security.microsoft.com/alerts/sa-benign-scan-25,Resolved,CS-DEV-01982,,,,SecurityAlert
tenant-lab-001-a000-0000-0000-000000000001,2026-05-28T11:26:26Z,Routine background scan 26,Routine background scan 26,Informational,Scheduled Windows Defender background scan completed.,MDATP,Microsoft,defender-890026,sa-benign-scan-26,,dev-01982-a1b2-c3d4-e5f6-7890abcd0198,WindowsDefenderAv,Informational,5,0,2026-05-28T11:26:00Z,2026-05-28T11:26:00Z,2026-05-28T11:26:00Z,No action required.,"{""ScanType"":""Quick""}","[{""Type"":""host"",""Name"":""CS-DEV-01982""}]",Detection,,,,Microsoft Defender XDR,Endpoint,https://security.microsoft.com/alerts/sa-benign-scan-26,Resolved,CS-DEV-01982,,,,SecurityAlert
tenant-lab-001-a000-0000-0000-000000000001,2026-05-28T11:27:27Z,Routine background scan 27,Routine background scan 27,Informational,Scheduled Windows Defender background scan completed.,MDATP,Microsoft,defender-890027,sa-benign-scan-27,,dev-01982-a1b2-c3d4-e5f6-7890abcd0198,WindowsDefenderAv,Informational,5,0,2026-05-28T11:27:00Z,2026-05-28T11:27:00Z,2026-05-28T11:27:00Z,No action required.,"{""ScanType"":""Quick""}","[{""Type"":""host"",""Name"":""CS-DEV-01982""}]",Detection,,,,Microsoft Defender XDR,Endpoint,https://security.microsoft.com/alerts/sa-benign-scan-27,Resolved,CS-DEV-01982,,,,SecurityAlert
tenant-lab-001-a000-0000-0000-000000000001,2026-05-28T11:28:28Z,Routine background scan 28,Routine background scan 28,Informational,Scheduled Windows Defender background scan completed.,MDATP,Microsoft,defender-890028,sa-benign-scan-28,,dev-01982-a1b2-c3d4-e5f6-7890abcd0198,WindowsDefenderAv,Informational,5,0,2026-05-28T11:28:00Z,2026-05-28T11:28:00Z,2026-05-28T11:28:00Z,No action required.,"{""ScanType"":""Quick""}","[{""Type"":""host"",""Name"":""CS-DEV-01982""}]",Detection,,,,Microsoft Defender XDR,Endpoint,https://security.microsoft.com/alerts/sa-benign-scan-28,Resolved,CS-DEV-01982,,,,SecurityAlert
tenant-lab-001-a000-0000-0000-000000000001,2026-05-28T11:29:29Z,Routine background scan 29,Routine background scan 29,Informational,Scheduled Windows Defender background scan completed.,MDATP,Microsoft,defender-890029,sa-benign-scan-29,,dev-01982-a1b2-c3d4-e5f6-7890abcd0198,WindowsDefenderAv,Informational,5,0,2026-05-28T11:29:00Z,2026-05-28T11:29:00Z,2026-05-28T11:29:00Z,No action required.,"{""ScanType"":""Quick""}","[{""Type"":""host"",""Name"":""CS-DEV-01982""}]",Detection,,,,Microsoft Defender XDR,Endpoint,https://security.microsoft.com/alerts/sa-benign-scan-29,Resolved,CS-DEV-01982,,,,SecurityAlert
tenant-lab-001-a000-0000-0000-000000000001,2026-05-28T11:30:30Z,Routine background scan 30,Routine background scan 30,Informational,Scheduled Windows Defender background scan completed.,MDATP,Microsoft,defender-890030,sa-benign-scan-30,,dev-01982-a1b2-c3d4-e5f6-7890abcd0198,WindowsDefenderAv,Informational,5,0,2026-05-28T11:30:00Z,2026-05-28T11:30:00Z,2026-05-28T11:30:00Z,No action required.,"{""ScanType"":""Quick""}","[{""Type"":""host"",""Name"":""CS-DEV-01982""}]",Detection,,,,Microsoft Defender XDR,Endpoint,https://security.microsoft.com/alerts/sa-benign-scan-30,Resolved,CS-DEV-01982,,,,SecurityAlert
tenant-lab-001-a000-0000-0000-000000000001,2026-05-28T11:31:31Z,Routine background scan 31,Routine background scan 31,Informational,Scheduled Windows Defender background scan completed.,MDATP,Microsoft,defender-890031,sa-benign-scan-31,,dev-01982-a1b2-c3d4-e5f6-7890abcd0198,WindowsDefenderAv,Informational,5,0,2026-05-28T11:31:00Z,2026-05-28T11:31:00Z,2026-05-28T11:31:00Z,No action required.,"{""ScanType"":""Quick""}","[{""Type"":""host"",""Name"":""CS-DEV-01982""}]",Detection,,,,Microsoft Defender XDR,Endpoint,https://security.microsoft.com/alerts/sa-benign-scan-31,Resolved,CS-DEV-01982,,,,SecurityAlert
tenant-lab-001-a000-0000-0000-000000000001,2026-05-28T11:32:32Z,Routine background scan 32,Routine background scan 32,Informational,Scheduled Windows Defender background scan completed.,MDATP,Microsoft,defender-890032,sa-benign-scan-32,,dev-01982-a1b2-c3d4-e5f6-7890abcd0198,WindowsDefenderAv,Informational,5,0,2026-05-28T11:32:00Z,2026-05-28T11:32:00Z,2026-05-28T11:32:00Z,No action required.,"{""ScanType"":""Quick""}","[{""Type"":""host"",""Name"":""CS-DEV-01982""}]",Detection,,,,Microsoft Defender XDR,Endpoint,https://security.microsoft.com/alerts/sa-benign-scan-32,Resolved,CS-DEV-01982,,,,SecurityAlert
tenant-lab-001-a000-0000-0000-000000000001,2026-05-28T11:33:33Z,Routine background scan 33,Routine background scan 33,Informational,Scheduled Windows Defender background scan completed.,MDATP,Microsoft,defender-890033,sa-benign-scan-33,,dev-01982-a1b2-c3d4-e5f6-7890abcd0198,WindowsDefenderAv,Informational,5,0,2026-05-28T11:33:00Z,2026-05-28T11:33:00Z,2026-05-28T11:33:00Z,No action required.,"{""ScanType"":""Quick""}","[{""Type"":""host"",""Name"":""CS-DEV-01982""}]",Detection,,,,Microsoft Defender XDR,Endpoint,https://security.microsoft.com/alerts/sa-benign-scan-33,Resolved,CS-DEV-01982,,,,SecurityAlert
tenant-lab-001-a000-0000-0000-000000000001,2026-05-28T11:34:34Z,Routine background scan 34,Routine background scan 34,Informational,Scheduled Windows Defender background scan completed.,MDATP,Microsoft,defender-890034,sa-benign-scan-34,,dev-01982-a1b2-c3d4-e5f6-7890abcd0198,WindowsDefenderAv,Informational,5,0,2026-05-28T11:34:00Z,2026-05-28T11:34:00Z,2026-05-28T11:34:00Z,No action required.,"{""ScanType"":""Quick""}","[{""Type"":""host"",""Name"":""CS-DEV-01982""}]",Detection,,,,Microsoft Defender XDR,Endpoint,https://security.microsoft.com/alerts/sa-benign-scan-34,Resolved,CS-DEV-01982,,,,SecurityAlert
tenant-lab-001-a000-0000-0000-000000000001,2026-05-28T11:35:35Z,Routine background scan 35,Routine background scan 35,Informational,Scheduled Windows Defender background scan completed.,MDATP,Microsoft,defender-890035,sa-benign-scan-35,,dev-01982-a1b2-c3d4-e5f6-7890abcd0198,WindowsDefenderAv,Informational,5,0,2026-05-28T11:35:00Z,2026-05-28T11:35:00Z,2026-05-28T11:35:00Z,No action required.,"{""ScanType"":""Quick""}","[{""Type"":""host"",""Name"":""CS-DEV-01982""}]",Detection,,,,Microsoft Defender XDR,Endpoint,https://security.microsoft.com/alerts/sa-benign-scan-35,Resolved,CS-DEV-01982,,,,SecurityAlert
tenant-lab-001-a000-0000-0000-000000000001,2026-05-28T11:36:36Z,Routine background scan 36,Routine background scan 36,Informational,Scheduled Windows Defender background scan completed.,MDATP,Microsoft,defender-890036,sa-benign-scan-36,,dev-01982-a1b2-c3d4-e5f6-7890abcd0198,WindowsDefenderAv,Informational,5,0,2026-05-28T11:36:00Z,2026-05-28T11:36:00Z,2026-05-28T11:36:00Z,No action required.,"{""ScanType"":""Quick""}","[{""Type"":""host"",""Name"":""CS-DEV-01982""}]",Detection,,,,Microsoft Defender XDR,Endpoint,https://security.microsoft.com/alerts/sa-benign-scan-36,Resolved,CS-DEV-01982,,,,SecurityAlert
tenant-lab-001-a000-0000-0000-000000000001,2026-05-28T11:37:37Z,Routine background scan 37,Routine background scan 37,Informational,Scheduled Windows Defender background scan completed.,MDATP,Microsoft,defender-890037,sa-benign-scan-37,,dev-01982-a1b2-c3d4-e5f6-7890abcd0198,WindowsDefenderAv,Informational,5,0,2026-05-28T11:37:00Z,2026-05-28T11:37:00Z,2026-05-28T11:37:00Z,No action required.,"{""ScanType"":""Quick""}","[{""Type"":""host"",""Name"":""CS-DEV-01982""}]",Detection,,,,Microsoft Defender XDR,Endpoint,https://security.microsoft.com/alerts/sa-benign-scan-37,Resolved,CS-DEV-01982,,,,SecurityAlert
tenant-lab-001-a000-0000-0000-000000000001,2026-05-28T11:38:38Z,Routine background scan 38,Routine background scan 38,Informational,Scheduled Windows Defender background scan completed.,MDATP,Microsoft,defender-890038,sa-benign-scan-38,,dev-01982-a1b2-c3d4-e5f6-7890abcd0198,WindowsDefenderAv,Informational,5,0,2026-05-28T11:38:00Z,2026-05-28T11:38:00Z,2026-05-28T11:38:00Z,No action required.,"{""ScanType"":""Quick""}","[{""Type"":""host"",""Name"":""CS-DEV-01982""}]",Detection,,,,Microsoft Defender XDR,Endpoint,https://security.microsoft.com/alerts/sa-benign-scan-38,Resolved,CS-DEV-01982,,,,SecurityAlert
tenant-lab-001-a000-0000-0000-000000000001,2026-05-28T11:39:39Z,Routine background scan 39,Routine background scan 39,Informational,Scheduled Windows Defender background scan completed.,MDATP,Microsoft,defender-890039,sa-benign-scan-39,,dev-01982-a1b2-c3d4-e5f6-7890abcd0198,WindowsDefenderAv,Informational,5,0,2026-05-28T11:39:00Z,2026-05-28T11:39:00Z,2026-05-28T11:39:00Z,No action required.,"{""ScanType"":""Quick""}","[{""Type"":""host"",""Name"":""CS-DEV-01982""}]",Detection,,,,Microsoft Defender XDR,Endpoint,https://security.microsoft.com/alerts/sa-benign-scan-39,Resolved,CS-DEV-01982,,,,SecurityAlert
tenant-lab-001-a000-0000-0000-000000000001,2026-05-28T11:40:40Z,Routine background scan 40,Routine background scan 40,Informational,Scheduled Windows Defender background scan completed.,MDATP,Microsoft,defender-890040,sa-benign-scan-40,,dev-01982-a1b2-c3d4-e5f6-7890abcd0198,WindowsDefenderAv,Informational,5,0,2026-05-28T11:40:00Z,2026-05-28T11:40:00Z,2026-05-28T11:40:00Z,No action required.,"{""ScanType"":""Quick""}","[{""Type"":""host"",""Name"":""CS-DEV-01982""}]",Detection,,,,Microsoft Defender XDR,Endpoint,https://security.microsoft.com/alerts/sa-benign-scan-40,Resolved,CS-DEV-01982,,,,SecurityAlert
tenant-lab-001-a000-0000-0000-000000000001,2026-05-28T11:41:41Z,Routine background scan 41,Routine background scan 41,Informational,Scheduled Windows Defender background scan completed.,MDATP,Microsoft,defender-890041,sa-benign-scan-41,,dev-01982-a1b2-c3d4-e5f6-7890abcd0198,WindowsDefenderAv,Informational,5,0,2026-05-28T11:41:00Z,2026-05-28T11:41:00Z,2026-05-28T11:41:00Z,No action required.,"{""ScanType"":""Quick""}","[{""Type"":""host"",""Name"":""CS-DEV-01982""}]",Detection,,,,Microsoft Defender XDR,Endpoint,https://security.microsoft.com/alerts/sa-benign-scan-41,Resolved,CS-DEV-01982,,,,SecurityAlert
tenant-lab-001-a000-0000-0000-000000000001,2026-05-28T11:42:42Z,Routine background scan 42,Routine background scan 42,Informational,Scheduled Windows Defender background scan completed.,MDATP,Microsoft,defender-890042,sa-benign-scan-42,,dev-01982-a1b2-c3d4-e5f6-7890abcd0198,WindowsDefenderAv,Informational,5,0,2026-05-28T11:42:00Z,2026-05-28T11:42:00Z,2026-05-28T11:42:00Z,No action required.,"{""ScanType"":""Quick""}","[{""Type"":""host"",""Name"":""CS-DEV-01982""}]",Detection,,,,Microsoft Defender XDR,Endpoint,https://security.microsoft.com/alerts/sa-benign-scan-42,Resolved,CS-DEV-01982,,,,SecurityAlert
tenant-lab-001-a000-0000-0000-000000000001,2026-05-28T11:43:43Z,Routine background scan 43,Routine background scan 43,Informational,Scheduled Windows Defender background scan completed.,MDATP,Microsoft,defender-890043,sa-benign-scan-43,,dev-01982-a1b2-c3d4-e5f6-7890abcd0198,WindowsDefenderAv,Informational,5,0,2026-05-28T11:43:00Z,2026-05-28T11:43:00Z,2026-05-28T11:43:00Z,No action required.,"{""ScanType"":""Quick""}","[{""Type"":""host"",""Name"":""CS-DEV-01982""}]",Detection,,,,Microsoft Defender XDR,Endpoint,https://security.microsoft.com/alerts/sa-benign-scan-43,Resolved,CS-DEV-01982,,,,SecurityAlert
tenant-lab-001-a000-0000-0000-000000000001,2026-05-28T11:44:44Z,Routine background scan 44,Routine background scan 44,Informational,Scheduled Windows Defender background scan completed.,MDATP,Microsoft,defender-890044,sa-benign-scan-44,,dev-01982-a1b2-c3d4-e5f6-7890abcd0198,WindowsDefenderAv,Informational,5,0,2026-05-28T11:44:00Z,2026-05-28T11:44:00Z,2026-05-28T11:44:00Z,No action required.,"{""ScanType"":""Quick""}","[{""Type"":""host"",""Name"":""CS-DEV-01982""}]",Detection,,,,Microsoft Defender XDR,Endpoint,https://security.microsoft.com/alerts/sa-benign-scan-44,Resolved,CS-DEV-01982,,,,SecurityAlert
tenant-lab-001-a000-0000-0000-000000000001,2026-05-28T11:45:45Z,Routine background scan 45,Routine background scan 45,Informational,Scheduled Windows Defender background scan completed.,MDATP,Microsoft,defender-890045,sa-benign-scan-45,,dev-01982-a1b2-c3d4-e5f6-7890abcd0198,WindowsDefenderAv,Informational,5,0,2026-05-28T11:45:00Z,2026-05-28T11:45:00Z,2026-05-28T11:45:00Z,No action required.,"{""ScanType"":""Quick""}","[{""Type"":""host"",""Name"":""CS-DEV-01982""}]",Detection,,,,Microsoft Defender XDR,Endpoint,https://security.microsoft.com/alerts/sa-benign-scan-45,Resolved,CS-DEV-01982,,,,SecurityAlert
tenant-lab-001-a000-0000-0000-000000000001,2026-05-28T11:46:46Z,Routine background scan 46,Routine background scan 46,Informational,Scheduled Windows Defender background scan completed.,MDATP,Microsoft,defender-890046,sa-benign-scan-46,,dev-01982-a1b2-c3d4-e5f6-7890abcd0198,WindowsDefenderAv,Informational,5,0,2026-05-28T11:46:00Z,2026-05-28T11:46:00Z,2026-05-28T11:46:00Z,No action required.,"{""ScanType"":""Quick""}","[{""Type"":""host"",""Name"":""CS-DEV-01982""}]",Detection,,,,Microsoft Defender XDR,Endpoint,https://security.microsoft.com/alerts/sa-benign-scan-46,Resolved,CS-DEV-01982,,,,SecurityAlert
tenant-lab-001-a000-0000-0000-000000000001,2026-05-28T11:47:47Z,Routine background scan 47,Routine background scan 47,Informational,Scheduled Windows Defender background scan completed.,MDATP,Microsoft,defender-890047,sa-benign-scan-47,,dev-01982-a1b2-c3d4-e5f6-7890abcd0198,WindowsDefenderAv,Informational,5,0,2026-05-28T11:47:00Z,2026-05-28T11:47:00Z,2026-05-28T11:47:00Z,No action required.,"{""ScanType"":""Quick""}","[{""Type"":""host"",""Name"":""CS-DEV-01982""}]",Detection,,,,Microsoft Defender XDR,Endpoint,https://security.microsoft.com/alerts/sa-benign-scan-47,Resolved,CS-DEV-01982,,,,SecurityAlert
tenant-lab-001-a000-0000-0000-000000000001,2026-05-28T11:48:48Z,Routine background scan 48,Routine background scan 48,Informational,Scheduled Windows Defender background scan completed.,MDATP,Microsoft,defender-890048,sa-benign-scan-48,,dev-01982-a1b2-c3d4-e5f6-7890abcd0198,WindowsDefenderAv,Informational,5,0,2026-05-28T11:48:00Z,2026-05-28T11:48:00Z,2026-05-28T11:48:00Z,No action required.,"{""ScanType"":""Quick""}","[{""Type"":""host"",""Name"":""CS-DEV-01982""}]",Detection,,,,Microsoft Defender XDR,Endpoint,https://security.microsoft.com/alerts/sa-benign-scan-48,Resolved,CS-DEV-01982,,,,SecurityAlert
tenant-lab-001-a000-0000-0000-000000000001,2026-05-28T11:49:49Z,Routine background scan 49,Routine background scan 49,Informational,Scheduled Windows Defender background scan completed.,MDATP,Microsoft,defender-890049,sa-benign-scan-49,,dev-01982-a1b2-c3d4-e5f6-7890abcd0198,WindowsDefenderAv,Informational,5,0,2026-05-28T11:49:00Z,2026-05-28T11:49:00Z,2026-05-28T11:49:00Z,No action required.,"{""ScanType"":""Quick""}","[{""Type"":""host"",""Name"":""CS-DEV-01982""}]",Detection,,,,Microsoft Defender XDR,Endpoint,https://security.microsoft.com/alerts/sa-benign-scan-49,Resolved,CS-DEV-01982,,,,SecurityAlert
tenant-lab-001-a000-0000-0000-000000000001,2026-05-28T11:50:50Z,Routine background scan 50,Routine background scan 50,Informational,Scheduled Windows Defender background scan completed.,MDATP,Microsoft,defender-890050,sa-benign-scan-50,,dev-01982-a1b2-c3d4-e5f6-7890abcd0198,WindowsDefenderAv,Informational,5,0,2026-05-28T11:50:00Z,2026-05-28T11:50:00Z,2026-05-28T11:50:00Z,No action required.,"{""ScanType"":""Quick""}","[{""Type"":""host"",""Name"":""CS-DEV-01982""}]",Detection,,,,Microsoft Defender XDR,Endpoint,https://security.microsoft.com/alerts/sa-benign-scan-50,Resolved,CS-DEV-01982,,,,SecurityAlert
tenant-lab-001-a000-0000-0000-000000000001,2026-05-28T11:51:51Z,Routine background scan 51,Routine background scan 51,Informational,Scheduled Windows Defender background scan completed.,MDATP,Microsoft,defender-890051,sa-benign-scan-51,,dev-01982-a1b2-c3d4-e5f6-7890abcd0198,WindowsDefenderAv,Informational,5,0,2026-05-28T11:51:00Z,2026-05-28T11:51:00Z,2026-05-28T11:51:00Z,No action required.,"{""ScanType"":""Quick""}","[{""Type"":""host"",""Name"":""CS-DEV-01982""}]",Detection,,,,Microsoft Defender XDR,Endpoint,https://security.microsoft.com/alerts/sa-benign-scan-51,Resolved,CS-DEV-01982,,,,SecurityAlert
tenant-lab-001-a000-0000-0000-000000000001,2026-05-28T11:52:52Z,Routine background scan 52,Routine background scan 52,Informational,Scheduled Windows Defender background scan completed.,MDATP,Microsoft,defender-890052,sa-benign-scan-52,,dev-01982-a1b2-c3d4-e5f6-7890abcd0198,WindowsDefenderAv,Informational,5,0,2026-05-28T11:52:00Z,2026-05-28T11:52:00Z,2026-05-28T11:52:00Z,No action required.,"{""ScanType"":""Quick""}","[{""Type"":""host"",""Name"":""CS-DEV-01982""}]",Detection,,,,Microsoft Defender XDR,Endpoint,https://security.microsoft.com/alerts/sa-benign-scan-52,Resolved,CS-DEV-01982,,,,SecurityAlert
tenant-lab-001-a000-0000-0000-000000000001,2026-05-28T11:53:53Z,Routine background scan 53,Routine background scan 53,Informational,Scheduled Windows Defender background scan completed.,MDATP,Microsoft,defender-890053,sa-benign-scan-53,,dev-01982-a1b2-c3d4-e5f6-7890abcd0198,WindowsDefenderAv,Informational,5,0,2026-05-28T11:53:00Z,2026-05-28T11:53:00Z,2026-05-28T11:53:00Z,No action required.,"{""ScanType"":""Quick""}","[{""Type"":""host"",""Name"":""CS-DEV-01982""}]",Detection,,,,Microsoft Defender XDR,Endpoint,https://security.microsoft.com/alerts/sa-benign-scan-53,Resolved,CS-DEV-01982,,,,SecurityAlert
tenant-lab-001-a000-0000-0000-000000000001,2026-05-28T11:54:54Z,Routine background scan 54,Routine background scan 54,Informational,Scheduled Windows Defender background scan completed.,MDATP,Microsoft,defender-890054,sa-benign-scan-54,,dev-01982-a1b2-c3d4-e5f6-7890abcd0198,WindowsDefenderAv,Informational,5,0,2026-05-28T11:54:00Z,2026-05-28T11:54:00Z,2026-05-28T11:54:00Z,No action required.,"{""ScanType"":""Quick""}","[{""Type"":""host"",""Name"":""CS-DEV-01982""}]",Detection,,,,Microsoft Defender XDR,Endpoint,https://security.microsoft.com/alerts/sa-benign-scan-54,Resolved,CS-DEV-01982,,,,SecurityAlert
tenant-lab-001-a000-0000-0000-000000000001,2026-05-28T11:55:55Z,Routine background scan 55,Routine background scan 55,Informational,Scheduled Windows Defender background scan completed.,MDATP,Microsoft,defender-890055,sa-benign-scan-55,,dev-01982-a1b2-c3d4-e5f6-7890abcd0198,WindowsDefenderAv,Informational,5,0,2026-05-28T11:55:00Z,2026-05-28T11:55:00Z,2026-05-28T11:55:00Z,No action required.,"{""ScanType"":""Quick""}","[{""Type"":""host"",""Name"":""CS-DEV-01982""}]",Detection,,,,Microsoft Defender XDR,Endpoint,https://security.microsoft.com/alerts/sa-benign-scan-55,Resolved,CS-DEV-01982,,,,SecurityAlert
tenant-lab-001-a000-0000-0000-000000000001,2026-05-28T11:56:56Z,Routine background scan 56,Routine background scan 56,Informational,Scheduled Windows Defender background scan completed.,MDATP,Microsoft,defender-890056,sa-benign-scan-56,,dev-01982-a1b2-c3d4-e5f6-7890abcd0198,WindowsDefenderAv,Informational,5,0,2026-05-28T11:56:00Z,2026-05-28T11:56:00Z,2026-05-28T11:56:00Z,No action required.,"{""ScanType"":""Quick""}","[{""Type"":""host"",""Name"":""CS-DEV-01982""}]",Detection,,,,Microsoft Defender XDR,Endpoint,https://security.microsoft.com/alerts/sa-benign-scan-56,Resolved,CS-DEV-01982,,,,SecurityAlert
tenant-lab-001-a000-0000-0000-000000000001,2026-05-28T11:57:57Z,Routine background scan 57,Routine background scan 57,Informational,Scheduled Windows Defender background scan completed.,MDATP,Microsoft,defender-890057,sa-benign-scan-57,,dev-01982-a1b2-c3d4-e5f6-7890abcd0198,WindowsDefenderAv,Informational,5,0,2026-05-28T11:57:00Z,2026-05-28T11:57:00Z,2026-05-28T11:57:00Z,No action required.,"{""ScanType"":""Quick""}","[{""Type"":""host"",""Name"":""CS-DEV-01982""}]",Detection,,,,Microsoft Defender XDR,Endpoint,https://security.microsoft.com/alerts/sa-benign-scan-57,Resolved,CS-DEV-01982,,,,SecurityAlert
tenant-lab-001-a000-0000-0000-000000000001,2026-05-28T11:58:58Z,Routine background scan 58,Routine background scan 58,Informational,Scheduled Windows Defender background scan completed.,MDATP,Microsoft,defender-890058,sa-benign-scan-58,,dev-01982-a1b2-c3d4-e5f6-7890abcd0198,WindowsDefenderAv,Informational,5,0,2026-05-28T11:58:00Z,2026-05-28T11:58:00Z,2026-05-28T11:58:00Z,No action required.,"{""ScanType"":""Quick""}","[{""Type"":""host"",""Name"":""CS-DEV-01982""}]",Detection,,,,Microsoft Defender XDR,Endpoint,https://security.microsoft.com/alerts/sa-benign-scan-58,Resolved,CS-DEV-01982,,,,SecurityAlert
tenant-lab-001-a000-0000-0000-000000000001,2026-05-28T11:59:59Z,Routine background scan 59,Routine background scan 59,Informational,Scheduled Windows Defender background scan completed.,MDATP,Microsoft,defender-890059,sa-benign-scan-59,,dev-01982-a1b2-c3d4-e5f6-7890abcd0198,WindowsDefenderAv,Informational,5,0,2026-05-28T11:59:00Z,2026-05-28T11:59:00Z,2026-05-28T11:59:00Z,No action required.,"{""ScanType"":""Quick""}","[{""Type"":""host"",""Name"":""CS-DEV-01982""}]",Detection,,,,Microsoft Defender XDR,Endpoint,https://security.microsoft.com/alerts/sa-benign-scan-59,Resolved,CS-DEV-01982,,,,SecurityAlert
tenant-lab-001-a000-0000-0000-000000000001,2026-05-28T11:00:00Z,Routine background scan 60,Routine background scan 60,Informational,Scheduled Windows Defender background scan completed.,MDATP,Microsoft,defender-890060,sa-benign-scan-60,,dev-01982-a1b2-c3d4-e5f6-7890abcd0198,WindowsDefenderAv,Informational,5,0,2026-05-28T11:00:00Z,2026-05-28T11:00:00Z,2026-05-28T11:00:00Z,No action required.,"{""ScanType"":""Quick""}","[{""Type"":""host"",""Name"":""CS-DEV-01982""}]",Detection,,,,Microsoft Defender XDR,Endpoint,https://security.microsoft.com/alerts/sa-benign-scan-60,Resolved,CS-DEV-01982,,,,SecurityAlert
tenant-lab-001-a000-0000-0000-000000000001,2026-05-28T11:01:01Z,Routine background scan 61,Routine background scan 61,Informational,Scheduled Windows Defender background scan completed.,MDATP,Microsoft,defender-890061,sa-benign-scan-61,,dev-01982-a1b2-c3d4-e5f6-7890abcd0198,WindowsDefenderAv,Informational,5,0,2026-05-28T11:01:00Z,2026-05-28T11:01:00Z,2026-05-28T11:01:00Z,No action required.,"{""ScanType"":""Quick""}","[{""Type"":""host"",""Name"":""CS-DEV-01982""}]",Detection,,,,Microsoft Defender XDR,Endpoint,https://security.microsoft.com/alerts/sa-benign-scan-61,Resolved,CS-DEV-01982,,,,SecurityAlert
tenant-lab-001-a000-0000-0000-000000000001,2026-05-28T11:02:02Z,Routine background scan 62,Routine background scan 62,Informational,Scheduled Windows Defender background scan completed.,MDATP,Microsoft,defender-890062,sa-benign-scan-62,,dev-01982-a1b2-c3d4-e5f6-7890abcd0198,WindowsDefenderAv,Informational,5,0,2026-05-28T11:02:00Z,2026-05-28T11:02:00Z,2026-05-28T11:02:00Z,No action required.,"{""ScanType"":""Quick""}","[{""Type"":""host"",""Name"":""CS-DEV-01982""}]",Detection,,,,Microsoft Defender XDR,Endpoint,https://security.microsoft.com/alerts/sa-benign-scan-62,Resolved,CS-DEV-01982,,,,SecurityAlert
tenant-lab-001-a000-0000-0000-000000000001,2026-05-28T11:03:03Z,Routine background scan 63,Routine background scan 63,Informational,Scheduled Windows Defender background scan completed.,MDATP,Microsoft,defender-890063,sa-benign-scan-63,,dev-01982-a1b2-c3d4-e5f6-7890abcd0198,WindowsDefenderAv,Informational,5,0,2026-05-28T11:03:00Z,2026-05-28T11:03:00Z,2026-05-28T11:03:00Z,No action required.,"{""ScanType"":""Quick""}","[{""Type"":""host"",""Name"":""CS-DEV-01982""}]",Detection,,,,Microsoft Defender XDR,Endpoint,https://security.microsoft.com/alerts/sa-benign-scan-63,Resolved,CS-DEV-01982,,,,SecurityAlert
tenant-lab-001-a000-0000-0000-000000000001,2026-05-28T11:04:04Z,Routine background scan 64,Routine background scan 64,Informational,Scheduled Windows Defender background scan completed.,MDATP,Microsoft,defender-890064,sa-benign-scan-64,,dev-01982-a1b2-c3d4-e5f6-7890abcd0198,WindowsDefenderAv,Informational,5,0,2026-05-28T11:04:00Z,2026-05-28T11:04:00Z,2026-05-28T11:04:00Z,No action required.,"{""ScanType"":""Quick""}","[{""Type"":""host"",""Name"":""CS-DEV-01982""}]",Detection,,,,Microsoft Defender XDR,Endpoint,https://security.microsoft.com/alerts/sa-benign-scan-64,Resolved,CS-DEV-01982,,,,SecurityAlert
tenant-lab-001-a000-0000-0000-000000000001,2026-05-28T11:05:05Z,Routine background scan 65,Routine background scan 65,Informational,Scheduled Windows Defender background scan completed.,MDATP,Microsoft,defender-890065,sa-benign-scan-65,,dev-01982-a1b2-c3d4-e5f6-7890abcd0198,WindowsDefenderAv,Informational,5,0,2026-05-28T11:05:00Z,2026-05-28T11:05:00Z,2026-05-28T11:05:00Z,No action required.,"{""ScanType"":""Quick""}","[{""Type"":""host"",""Name"":""CS-DEV-01982""}]",Detection,,,,Microsoft Defender XDR,Endpoint,https://security.microsoft.com/alerts/sa-benign-scan-65,Resolved,CS-DEV-01982,,,,SecurityAlert
tenant-lab-001-a000-0000-0000-000000000001,2026-05-28T11:06:06Z,Routine background scan 66,Routine background scan 66,Informational,Scheduled Windows Defender background scan completed.,MDATP,Microsoft,defender-890066,sa-benign-scan-66,,dev-01982-a1b2-c3d4-e5f6-7890abcd0198,WindowsDefenderAv,Informational,5,0,2026-05-28T11:06:00Z,2026-05-28T11:06:00Z,2026-05-28T11:06:00Z,No action required.,"{""ScanType"":""Quick""}","[{""Type"":""host"",""Name"":""CS-DEV-01982""}]",Detection,,,,Microsoft Defender XDR,Endpoint,https://security.microsoft.com/alerts/sa-benign-scan-66,Resolved,CS-DEV-01982,,,,SecurityAlert
tenant-lab-001-a000-0000-0000-000000000001,2026-05-28T11:07:07Z,Routine background scan 67,Routine background scan 67,Informational,Scheduled Windows Defender background scan completed.,MDATP,Microsoft,defender-890067,sa-benign-scan-67,,dev-01982-a1b2-c3d4-e5f6-7890abcd0198,WindowsDefenderAv,Informational,5,0,2026-05-28T11:07:00Z,2026-05-28T11:07:00Z,2026-05-28T11:07:00Z,No action required.,"{""ScanType"":""Quick""}","[{""Type"":""host"",""Name"":""CS-DEV-01982""}]",Detection,,,,Microsoft Defender XDR,Endpoint,https://security.microsoft.com/alerts/sa-benign-scan-67,Resolved,CS-DEV-01982,,,,SecurityAlert
tenant-lab-001-a000-0000-0000-000000000001,2026-05-28T11:08:08Z,Routine background scan 68,Routine background scan 68,Informational,Scheduled Windows Defender background scan completed.,MDATP,Microsoft,defender-890068,sa-benign-scan-68,,dev-01982-a1b2-c3d4-e5f6-7890abcd0198,WindowsDefenderAv,Informational,5,0,2026-05-28T11:08:00Z,2026-05-28T11:08:00Z,2026-05-28T11:08:00Z,No action required.,"{""ScanType"":""Quick""}","[{""Type"":""host"",""Name"":""CS-DEV-01982""}]",Detection,,,,Microsoft Defender XDR,Endpoint,https://security.microsoft.com/alerts/sa-benign-scan-68,Resolved,CS-DEV-01982,,,,SecurityAlert
tenant-lab-001-a000-0000-0000-000000000001,2026-05-28T11:09:09Z,Routine background scan 69,Routine background scan 69,Informational,Scheduled Windows Defender background scan completed.,MDATP,Microsoft,defender-890069,sa-benign-scan-69,,dev-01982-a1b2-c3d4-e5f6-7890abcd0198,WindowsDefenderAv,Informational,5,0,2026-05-28T11:09:00Z,2026-05-28T11:09:00Z,2026-05-28T11:09:00Z,No action required.,"{""ScanType"":""Quick""}","[{""Type"":""host"",""Name"":""CS-DEV-01982""}]",Detection,,,,Microsoft Defender XDR,Endpoint,https://security.microsoft.com/alerts/sa-benign-scan-69,Resolved,CS-DEV-01982,,,,SecurityAlert
tenant-lab-001-a000-0000-0000-000000000001,2026-05-28T11:10:10Z,Routine background scan 70,Routine background scan 70,Informational,Scheduled Windows Defender background scan completed.,MDATP,Microsoft,defender-890070,sa-benign-scan-70,,dev-01982-a1b2-c3d4-e5f6-7890abcd0198,WindowsDefenderAv,Informational,5,0,2026-05-28T11:10:00Z,2026-05-28T11:10:00Z,2026-05-28T11:10:00Z,No action required.,"{""ScanType"":""Quick""}","[{""Type"":""host"",""Name"":""CS-DEV-01982""}]",Detection,,,,Microsoft Defender XDR,Endpoint,https://security.microsoft.com/alerts/sa-benign-scan-70,Resolved,CS-DEV-01982,,,,SecurityAlert
tenant-lab-001-a000-0000-0000-000000000001,2026-05-28T11:11:11Z,Routine background scan 71,Routine background scan 71,Informational,Scheduled Windows Defender background scan completed.,MDATP,Microsoft,defender-890071,sa-benign-scan-71,,dev-01982-a1b2-c3d4-e5f6-7890abcd0198,WindowsDefenderAv,Informational,5,0,2026-05-28T11:11:00Z,2026-05-28T11:11:00Z,2026-05-28T11:11:00Z,No action required.,"{""ScanType"":""Quick""}","[{""Type"":""host"",""Name"":""CS-DEV-01982""}]",Detection,,,,Microsoft Defender XDR,Endpoint,https://security.microsoft.com/alerts/sa-benign-scan-71,Resolved,CS-DEV-01982,,,,SecurityAlert
tenant-lab-001-a000-0000-0000-000000000001,2026-05-28T11:12:12Z,Routine background scan 72,Routine background scan 72,Informational,Scheduled Windows Defender background scan completed.,MDATP,Microsoft,defender-890072,sa-benign-scan-72,,dev-01982-a1b2-c3d4-e5f6-7890abcd0198,WindowsDefenderAv,Informational,5,0,2026-05-28T11:12:00Z,2026-05-28T11:12:00Z,2026-05-28T11:12:00Z,No action required.,"{""ScanType"":""Quick""}","[{""Type"":""host"",""Name"":""CS-DEV-01982""}]",Detection,,,,Microsoft Defender XDR,Endpoint,https://security.microsoft.com/alerts/sa-benign-scan-72,Resolved,CS-DEV-01982,,,,SecurityAlert
tenant-lab-001-a000-0000-0000-000000000001,2026-05-28T11:13:13Z,Routine background scan 73,Routine background scan 73,Informational,Scheduled Windows Defender background scan completed.,MDATP,Microsoft,defender-890073,sa-benign-scan-73,,dev-01982-a1b2-c3d4-e5f6-7890abcd0198,WindowsDefenderAv,Informational,5,0,2026-05-28T11:13:00Z,2026-05-28T11:13:00Z,2026-05-28T11:13:00Z,No action required.,"{""ScanType"":""Quick""}","[{""Type"":""host"",""Name"":""CS-DEV-01982""}]",Detection,,,,Microsoft Defender XDR,Endpoint,https://security.microsoft.com/alerts/sa-benign-scan-73,Resolved,CS-DEV-01982,,,,SecurityAlert
tenant-lab-001-a000-0000-0000-000000000001,2026-05-28T11:14:14Z,Routine background scan 74,Routine background scan 74,Informational,Scheduled Windows Defender background scan completed.,MDATP,Microsoft,defender-890074,sa-benign-scan-74,,dev-01982-a1b2-c3d4-e5f6-7890abcd0198,WindowsDefenderAv,Informational,5,0,2026-05-28T11:14:00Z,2026-05-28T11:14:00Z,2026-05-28T11:14:00Z,No action required.,"{""ScanType"":""Quick""}","[{""Type"":""host"",""Name"":""CS-DEV-01982""}]",Detection,,,,Microsoft Defender XDR,Endpoint,https://security.microsoft.com/alerts/sa-benign-scan-74,Resolved,CS-DEV-01982,,,,SecurityAlert
tenant-lab-001-a000-0000-0000-000000000001,2026-05-28T11:15:15Z,Routine background scan 75,Routine background scan 75,Informational,Scheduled Windows Defender background scan completed.,MDATP,Microsoft,defender-890075,sa-benign-scan-75,,dev-01982-a1b2-c3d4-e5f6-7890abcd0198,WindowsDefenderAv,Informational,5,0,2026-05-28T11:15:00Z,2026-05-28T11:15:00Z,2026-05-28T11:15:00Z,No action required.,"{""ScanType"":""Quick""}","[{""Type"":""host"",""Name"":""CS-DEV-01982""}]",Detection,,,,Microsoft Defender XDR,Endpoint,https://security.microsoft.com/alerts/sa-benign-scan-75,Resolved,CS-DEV-01982,,,,SecurityAlert
tenant-lab-001-a000-0000-0000-000000000001,2026-05-28T11:16:16Z,Routine background scan 76,Routine background scan 76,Informational,Scheduled Windows Defender background scan completed.,MDATP,Microsoft,defender-890076,sa-benign-scan-76,,dev-01982-a1b2-c3d4-e5f6-7890abcd0198,WindowsDefenderAv,Informational,5,0,2026-05-28T11:16:00Z,2026-05-28T11:16:00Z,2026-05-28T11:16:00Z,No action required.,"{""ScanType"":""Quick""}","[{""Type"":""host"",""Name"":""CS-DEV-01982""}]",Detection,,,,Microsoft Defender XDR,Endpoint,https://security.microsoft.com/alerts/sa-benign-scan-76,Resolved,CS-DEV-01982,,,,SecurityAlert
tenant-lab-001-a000-0000-0000-000000000001,2026-05-28T11:17:17Z,Routine background scan 77,Routine background scan 77,Informational,Scheduled Windows Defender background scan completed.,MDATP,Microsoft,defender-890077,sa-benign-scan-77,,dev-01982-a1b2-c3d4-e5f6-7890abcd0198,WindowsDefenderAv,Informational,5,0,2026-05-28T11:17:00Z,2026-05-28T11:17:00Z,2026-05-28T11:17:00Z,No action required.,"{""ScanType"":""Quick""}","[{""Type"":""host"",""Name"":""CS-DEV-01982""}]",Detection,,,,Microsoft Defender XDR,Endpoint,https://security.microsoft.com/alerts/sa-benign-scan-77,Resolved,CS-DEV-01982,,,,SecurityAlert
tenant-lab-001-a000-0000-0000-000000000001,2026-05-28T11:18:18Z,Routine background scan 78,Routine background scan 78,Informational,Scheduled Windows Defender background scan completed.,MDATP,Microsoft,defender-890078,sa-benign-scan-78,,dev-01982-a1b2-c3d4-e5f6-7890abcd0198,WindowsDefenderAv,Informational,5,0,2026-05-28T11:18:00Z,2026-05-28T11:18:00Z,2026-05-28T11:18:00Z,No action required.,"{""ScanType"":""Quick""}","[{""Type"":""host"",""Name"":""CS-DEV-01982""}]",Detection,,,,Microsoft Defender XDR,Endpoint,https://security.microsoft.com/alerts/sa-benign-scan-78,Resolved,CS-DEV-01982,,,,SecurityAlert
tenant-lab-001-a000-0000-0000-000000000001,2026-05-28T11:19:19Z,Routine background scan 79,Routine background scan 79,Informational,Scheduled Windows Defender background scan completed.,MDATP,Microsoft,defender-890079,sa-benign-scan-79,,dev-01982-a1b2-c3d4-e5f6-7890abcd0198,WindowsDefenderAv,Informational,5,0,2026-05-28T11:19:00Z,2026-05-28T11:19:00Z,2026-05-28T11:19:00Z,No action required.,"{""ScanType"":""Quick""}","[{""Type"":""host"",""Name"":""CS-DEV-01982""}]",Detection,,,,Microsoft Defender XDR,Endpoint,https://security.microsoft.com/alerts/sa-benign-scan-79,Resolved,CS-DEV-01982,,,,SecurityAlert
tenant-lab-001-a000-0000-0000-000000000001,2026-05-28T11:20:20Z,Routine background scan 80,Routine background scan 80,Informational,Scheduled Windows Defender background scan completed.,MDATP,Microsoft,defender-890080,sa-benign-scan-80,,dev-01982-a1b2-c3d4-e5f6-7890abcd0198,WindowsDefenderAv,Informational,5,0,2026-05-28T11:20:00Z,2026-05-28T11:20:00Z,2026-05-28T11:20:00Z,No action required.,"{""ScanType"":""Quick""}","[{""Type"":""host"",""Name"":""CS-DEV-01982""}]",Detection,,,,Microsoft Defender XDR,Endpoint,https://security.microsoft.com/alerts/sa-benign-scan-80,Resolved,CS-DEV-01982,,,,SecurityAlert
tenant-lab-001-a000-0000-0000-000000000001,2026-05-28T11:21:21Z,Routine background scan 81,Routine background scan 81,Informational,Scheduled Windows Defender background scan completed.,MDATP,Microsoft,defender-890081,sa-benign-scan-81,,dev-01982-a1b2-c3d4-e5f6-7890abcd0198,WindowsDefenderAv,Informational,5,0,2026-05-28T11:21:00Z,2026-05-28T11:21:00Z,2026-05-28T11:21:00Z,No action required.,"{""ScanType"":""Quick""}","[{""Type"":""host"",""Name"":""CS-DEV-01982""}]",Detection,,,,Microsoft Defender XDR,Endpoint,https://security.microsoft.com/alerts/sa-benign-scan-81,Resolved,CS-DEV-01982,,,,SecurityAlert
tenant-lab-001-a000-0000-0000-000000000001,2026-05-28T11:22:22Z,Routine background scan 82,Routine background scan 82,Informational,Scheduled Windows Defender background scan completed.,MDATP,Microsoft,defender-890082,sa-benign-scan-82,,dev-01982-a1b2-c3d4-e5f6-7890abcd0198,WindowsDefenderAv,Informational,5,0,2026-05-28T11:22:00Z,2026-05-28T11:22:00Z,2026-05-28T11:22:00Z,No action required.,"{""ScanType"":""Quick""}","[{""Type"":""host"",""Name"":""CS-DEV-01982""}]",Detection,,,,Microsoft Defender XDR,Endpoint,https://security.microsoft.com/alerts/sa-benign-scan-82,Resolved,CS-DEV-01982,,,,SecurityAlert
tenant-lab-001-a000-0000-0000-000000000001,2026-05-28T11:23:23Z,Routine background scan 83,Routine background scan 83,Informational,Scheduled Windows Defender background scan completed.,MDATP,Microsoft,defender-890083,sa-benign-scan-83,,dev-01982-a1b2-c3d4-e5f6-7890abcd0198,WindowsDefenderAv,Informational,5,0,2026-05-28T11:23:00Z,2026-05-28T11:23:00Z,2026-05-28T11:23:00Z,No action required.,"{""ScanType"":""Quick""}","[{""Type"":""host"",""Name"":""CS-DEV-01982""}]",Detection,,,,Microsoft Defender XDR,Endpoint,https://security.microsoft.com/alerts/sa-benign-scan-83,Resolved,CS-DEV-01982,,,,SecurityAlert
tenant-lab-001-a000-0000-0000-000000000001,2026-05-28T11:24:24Z,Routine background scan 84,Routine background scan 84,Informational,Scheduled Windows Defender background scan completed.,MDATP,Microsoft,defender-890084,sa-benign-scan-84,,dev-01982-a1b2-c3d4-e5f6-7890abcd0198,WindowsDefenderAv,Informational,5,0,2026-05-28T11:24:00Z,2026-05-28T11:24:00Z,2026-05-28T11:24:00Z,No action required.,"{""ScanType"":""Quick""}","[{""Type"":""host"",""Name"":""CS-DEV-01982""}]",Detection,,,,Microsoft Defender XDR,Endpoint,https://security.microsoft.com/alerts/sa-benign-scan-84,Resolved,CS-DEV-01982,,,,SecurityAlert
tenant-lab-001-a000-0000-0000-000000000001,2026-05-28T11:25:25Z,Routine background scan 85,Routine background scan 85,Informational,Scheduled Windows Defender background scan completed.,MDATP,Microsoft,defender-890085,sa-benign-scan-85,,dev-01982-a1b2-c3d4-e5f6-7890abcd0198,WindowsDefenderAv,Informational,5,0,2026-05-28T11:25:00Z,2026-05-28T11:25:00Z,2026-05-28T11:25:00Z,No action required.,"{""ScanType"":""Quick""}","[{""Type"":""host"",""Name"":""CS-DEV-01982""}]",Detection,,,,Microsoft Defender XDR,Endpoint,https://security.microsoft.com/alerts/sa-benign-scan-85,Resolved,CS-DEV-01982,,,,SecurityAlert
tenant-lab-001-a000-0000-0000-000000000001,2026-05-28T11:26:26Z,Routine background scan 86,Routine background scan 86,Informational,Scheduled Windows Defender background scan completed.,MDATP,Microsoft,defender-890086,sa-benign-scan-86,,dev-01982-a1b2-c3d4-e5f6-7890abcd0198,WindowsDefenderAv,Informational,5,0,2026-05-28T11:26:00Z,2026-05-28T11:26:00Z,2026-05-28T11:26:00Z,No action required.,"{""ScanType"":""Quick""}","[{""Type"":""host"",""Name"":""CS-DEV-01982""}]",Detection,,,,Microsoft Defender XDR,Endpoint,https://security.microsoft.com/alerts/sa-benign-scan-86,Resolved,CS-DEV-01982,,,,SecurityAlert
tenant-lab-001-a000-0000-0000-000000000001,2026-05-28T11:27:27Z,Routine background scan 87,Routine background scan 87,Informational,Scheduled Windows Defender background scan completed.,MDATP,Microsoft,defender-890087,sa-benign-scan-87,,dev-01982-a1b2-c3d4-e5f6-7890abcd0198,WindowsDefenderAv,Informational,5,0,2026-05-28T11:27:00Z,2026-05-28T11:27:00Z,2026-05-28T11:27:00Z,No action required.,"{""ScanType"":""Quick""}","[{""Type"":""host"",""Name"":""CS-DEV-01982""}]",Detection,,,,Microsoft Defender XDR,Endpoint,https://security.microsoft.com/alerts/sa-benign-scan-87,Resolved,CS-DEV-01982,,,,SecurityAlert
tenant-lab-001-a000-0000-0000-000000000001,2026-05-28T11:28:28Z,Routine background scan 88,Routine background scan 88,Informational,Scheduled Windows Defender background scan completed.,MDATP,Microsoft,defender-890088,sa-benign-scan-88,,dev-01982-a1b2-c3d4-e5f6-7890abcd0198,WindowsDefenderAv,Informational,5,0,2026-05-28T11:28:00Z,2026-05-28T11:28:00Z,2026-05-28T11:28:00Z,No action required.,"{""ScanType"":""Quick""}","[{""Type"":""host"",""Name"":""CS-DEV-01982""}]",Detection,,,,Microsoft Defender XDR,Endpoint,https://security.microsoft.com/alerts/sa-benign-scan-88,Resolved,CS-DEV-01982,,,,SecurityAlert
tenant-lab-001-a000-0000-0000-000000000001,2026-05-28T11:29:29Z,Routine background scan 89,Routine background scan 89,Informational,Scheduled Windows Defender background scan completed.,MDATP,Microsoft,defender-890089,sa-benign-scan-89,,dev-01982-a1b2-c3d4-e5f6-7890abcd0198,WindowsDefenderAv,Informational,5,0,2026-05-28T11:29:00Z,2026-05-28T11:29:00Z,2026-05-28T11:29:00Z,No action required.,"{""ScanType"":""Quick""}","[{""Type"":""host"",""Name"":""CS-DEV-01982""}]",Detection,,,,Microsoft Defender XDR,Endpoint,https://security.microsoft.com/alerts/sa-benign-scan-89,Resolved,CS-DEV-01982,,,,SecurityAlert
tenant-lab-001-a000-0000-0000-000000000001,2026-05-28T11:30:30Z,Routine background scan 90,Routine background scan 90,Informational,Scheduled Windows Defender background scan completed.,MDATP,Microsoft,defender-890090,sa-benign-scan-90,,dev-01982-a1b2-c3d4-e5f6-7890abcd0198,WindowsDefenderAv,Informational,5,0,2026-05-28T11:30:00Z,2026-05-28T11:30:00Z,2026-05-28T11:30:00Z,No action required.,"{""ScanType"":""Quick""}","[{""Type"":""host"",""Name"":""CS-DEV-01982""}]",Detection,,,,Microsoft Defender XDR,Endpoint,https://security.microsoft.com/alerts/sa-benign-scan-90,Resolved,CS-DEV-01982,,,,SecurityAlert
tenant-lab-001-a000-0000-0000-000000000001,2026-05-28T11:31:31Z,Routine background scan 91,Routine background scan 91,Informational,Scheduled Windows Defender background scan completed.,MDATP,Microsoft,defender-890091,sa-benign-scan-91,,dev-01982-a1b2-c3d4-e5f6-7890abcd0198,WindowsDefenderAv,Informational,5,0,2026-05-28T11:31:00Z,2026-05-28T11:31:00Z,2026-05-28T11:31:00Z,No action required.,"{""ScanType"":""Quick""}","[{""Type"":""host"",""Name"":""CS-DEV-01982""}]",Detection,,,,Microsoft Defender XDR,Endpoint,https://security.microsoft.com/alerts/sa-benign-scan-91,Resolved,CS-DEV-01982,,,,SecurityAlert
tenant-lab-001-a000-0000-0000-000000000001,2026-05-28T11:32:32Z,Routine background scan 92,Routine background scan 92,Informational,Scheduled Windows Defender background scan completed.,MDATP,Microsoft,defender-890092,sa-benign-scan-92,,dev-01982-a1b2-c3d4-e5f6-7890abcd0198,WindowsDefenderAv,Informational,5,0,2026-05-28T11:32:00Z,2026-05-28T11:32:00Z,2026-05-28T11:32:00Z,No action required.,"{""ScanType"":""Quick""}","[{""Type"":""host"",""Name"":""CS-DEV-01982""}]",Detection,,,,Microsoft Defender XDR,Endpoint,https://security.microsoft.com/alerts/sa-benign-scan-92,Resolved,CS-DEV-01982,,,,SecurityAlert
tenant-lab-001-a000-0000-0000-000000000001,2026-05-28T11:33:33Z,Routine background scan 93,Routine background scan 93,Informational,Scheduled Windows Defender background scan completed.,MDATP,Microsoft,defender-890093,sa-benign-scan-93,,dev-01982-a1b2-c3d4-e5f6-7890abcd0198,WindowsDefenderAv,Informational,5,0,2026-05-28T11:33:00Z,2026-05-28T11:33:00Z,2026-05-28T11:33:00Z,No action required.,"{""ScanType"":""Quick""}","[{""Type"":""host"",""Name"":""CS-DEV-01982""}]",Detection,,,,Microsoft Defender XDR,Endpoint,https://security.microsoft.com/alerts/sa-benign-scan-93,Resolved,CS-DEV-01982,,,,SecurityAlert
tenant-lab-001-a000-0000-0000-000000000001,2026-05-28T11:34:34Z,Routine background scan 94,Routine background scan 94,Informational,Scheduled Windows Defender background scan completed.,MDATP,Microsoft,defender-890094,sa-benign-scan-94,,dev-01982-a1b2-c3d4-e5f6-7890abcd0198,WindowsDefenderAv,Informational,5,0,2026-05-28T11:34:00Z,2026-05-28T11:34:00Z,2026-05-28T11:34:00Z,No action required.,"{""ScanType"":""Quick""}","[{""Type"":""host"",""Name"":""CS-DEV-01982""}]",Detection,,,,Microsoft Defender XDR,Endpoint,https://security.microsoft.com/alerts/sa-benign-scan-94,Resolved,CS-DEV-01982,,,,SecurityAlert
tenant-lab-001-a000-0000-0000-000000000001,2026-05-28T11:35:35Z,Routine background scan 95,Routine background scan 95,Informational,Scheduled Windows Defender background scan completed.,MDATP,Microsoft,defender-890095,sa-benign-scan-95,,dev-01982-a1b2-c3d4-e5f6-7890abcd0198,WindowsDefenderAv,Informational,5,0,2026-05-28T11:35:00Z,2026-05-28T11:35:00Z,2026-05-28T11:35:00Z,No action required.,"{""ScanType"":""Quick""}","[{""Type"":""host"",""Name"":""CS-DEV-01982""}]",Detection,,,,Microsoft Defender XDR,Endpoint,https://security.microsoft.com/alerts/sa-benign-scan-95,Resolved,CS-DEV-01982,,,,SecurityAlert
tenant-lab-001-a000-0000-0000-000000000001,2026-05-28T11:36:36Z,Routine background scan 96,Routine background scan 96,Informational,Scheduled Windows Defender background scan completed.,MDATP,Microsoft,defender-890096,sa-benign-scan-96,,dev-01982-a1b2-c3d4-e5f6-7890abcd0198,WindowsDefenderAv,Informational,5,0,2026-05-28T11:36:00Z,2026-05-28T11:36:00Z,2026-05-28T11:36:00Z,No action required.,"{""ScanType"":""Quick""}","[{""Type"":""host"",""Name"":""CS-DEV-01982""}]",Detection,,,,Microsoft Defender XDR,Endpoint,https://security.microsoft.com/alerts/sa-benign-scan-96,Resolved,CS-DEV-01982,,,,SecurityAlert
tenant-lab-001-a000-0000-0000-000000000001,2026-05-28T11:37:37Z,Routine background scan 97,Routine background scan 97,Informational,Scheduled Windows Defender background scan completed.,MDATP,Microsoft,defender-890097,sa-benign-scan-97,,dev-01982-a1b2-c3d4-e5f6-7890abcd0198,WindowsDefenderAv,Informational,5,0,2026-05-28T11:37:00Z,2026-05-28T11:37:00Z,2026-05-28T11:37:00Z,No action required.,"{""ScanType"":""Quick""}","[{""Type"":""host"",""Name"":""CS-DEV-01982""}]",Detection,,,,Microsoft Defender XDR,Endpoint,https://security.microsoft.com/alerts/sa-benign-scan-97,Resolved,CS-DEV-01982,,,,SecurityAlert
tenant-lab-001-a000-0000-0000-000000000001,2026-05-28T11:38:38Z,Routine background scan 98,Routine background scan 98,Informational,Scheduled Windows Defender background scan completed.,MDATP,Microsoft,defender-890098,sa-benign-scan-98,,dev-01982-a1b2-c3d4-e5f6-7890abcd0198,WindowsDefenderAv,Informational,5,0,2026-05-28T11:38:00Z,2026-05-28T11:38:00Z,2026-05-28T11:38:00Z,No action required.,"{""ScanType"":""Quick""}","[{""Type"":""host"",""Name"":""CS-DEV-01982""}]",Detection,,,,Microsoft Defender XDR,Endpoint,https://security.microsoft.com/alerts/sa-benign-scan-98,Resolved,CS-DEV-01982,,,,SecurityAlert
tenant-lab-001-a000-0000-0000-000000000001,2026-05-28T11:39:39Z,Routine background scan 99,Routine background scan 99,Informational,Scheduled Windows Defender background scan completed.,MDATP,Microsoft,defender-890099,sa-benign-scan-99,,dev-01982-a1b2-c3d4-e5f6-7890abcd0198,WindowsDefenderAv,Informational,5,0,2026-05-28T11:39:00Z,2026-05-28T11:39:00Z,2026-05-28T11:39:00Z,No action required.,"{""ScanType"":""Quick""}","[{""Type"":""host"",""Name"":""CS-DEV-01982""}]",Detection,,,,Microsoft Defender XDR,Endpoint,https://security.microsoft.com/alerts/sa-benign-scan-99,Resolved,CS-DEV-01982,,,,SecurityAlert
